4.51222604017e-35,5.83125611464e-35,-5.14998022611e-35,1.00068594306e-34,1.01021146511e-34
-3.51183442987e-35,-6.46541465392e-35,-2.68815354224e-35,2.30598945202e-35,-5.02118151672e-35
-1.1820454794e-17,-3.52643627644e-27,-1.04451561689e-29,1.18651772573e-20,1.35309383018e-29
1.00037289882e-34,-8.01672568376e-35,2.26586609327e-35,-4.17881009672e-35,-6.99972964178e-35
-4.34387177368e-35,-4.6671869605e-35,-5.25313559512e-35,3.3175044933e-35,4.44496801867e-35
7.76137752645e-22,-1.82235886102e-20,-2.1519296865e-16,-5.92726365344e-21,-1.63648843701e-19
4.61048169847e-35,-1.35978575622e-10,-6.68398313478e-35,7.9745023055e-36,8.09020445259e-31
-0.335835456848,0.179621145129,-1.09940934181,0.253674089909,-1.51060020924
-4.23171595208e-35,-8.85445367149e-35,-6.39043958089e-35,-6.1679485764e-35,-7.28735396747e-36
-2.28031856098e-35,4.43398363237e-35,3.04349004465e-35,-7.13622359178e-35,3.38868245555e-35
-1.23677373803e-35,-5.45665338609e-35,1.13750189127e-34,4.54358958402e-35,3.41529379947e-35
5.29113358009e-17,-7.52496703171e-07,7.58048364202e-17,-2.16551143239e-07,-2.30077307606e-06
-6.71850387197e-16,3.57419316366e-09,-4.19526030275e-18,6.64290844554e-10,5.38468380995e-09
-3.81030734837e-29,-7.1424247331e-24,-7.20834200691e-35,3.35887261941e-28,6.1125803818e-35
-1.95344388773e-35,3.38558501646e-35,-1.15776080172e-34,-6.73434227704e-35,-1.08546502928e-34
4.25281946212e-35,3.53273561483e-35,1.05905130388e-34,3.59968857029e-35,-1.09168599449e-35
5.32359810146e-35,5.82363950358e-16,-7.38463010315e-18,6.06205306578e-35,-1.00309582128e-34
-4.13683180444e-35,-5.26706703988e-35,6.48290529814e-35,-1.02034964471e-34,-4.8619812403e-35
-7.15569989161e-37,-6.69017916091e-35,9.04438727067e-35,-3.87405084587e-35,-9.60661852744e-36
-6.33520339981e-35,-5.91663901925e-35,6.27434114665e-35,4.532517954e-35,-5.28291956843e-35
6.12200959137e-35,-2.78185301198e-35,4.27053481631e-35,-4.40495816285e-35,-3.30876060612e-35
8.42197563929e-35,-9.9060596421e-35,3.911179363e-35,-5.39569700155e-35,5.7612441762e-35
-2.23114481409e-35,5.57333325382e-35,2.42612419981e-35,1.97984070967e-35,-3.47068265706e-35
-1.44332263543e-17,-1.78274403452e-28,-4.32432578634e-09,4.19641655753e-05,-5.60817093347e-25
-1.60928362171e-36,-5.21600822593e-35,3.78928496101e-35,5.6945876772e-35,3.87401238976e-35
-2.3896079504e-19,-2.1731510382e-17,-1.07097026053e-16,3.08871252431e-16,9.37140098215e-22
-6.15348218987e-35,-1.14777047727e-34,-4.20823074291e-17,4.83900981461e-21,-5.92492200703e-35
3.97354398748e-35,5.25790142689e-37,4.18861812771e-35,2.78701718022e-37,5.43763769867e-35
-0.511017858982,-1.01085829735,1.39666557312,1.70981776714,1.43633949757
-2.84673810763e-17,4.81695769647e-20,-5.77534401757e-20,4.3704472174e-20,1.83108590729e-19
5.54311593176e-35,-1.74371242099e-35,-5.99061767715e-35,-6.87085975988e-35,-6.81666074594e-35
0.936713576317,-0.124073274434,0.0970124155283,0.377383440733,-0.150814294815
1.48511313434e-35,-2.87133206671e-35,7.75631350702e-35,-9.17391262842e-35,-1.52323577071e-35
5.70029869712e-35,-5.1397158875e-35,7.65717192317e-35,4.86949280992e-35,4.73844929662e-35
-6.4972568903e-35,1.28070941781e-35,1.99241090844e-36,1.32550132011e-35,1.95889475491e-35
-5.18697328588e-35,2.33319801364e-35,6.99792966606e-35,3.44612125361e-35,-4.35740803883e-35
4.47470664821e-35,-9.77929910676e-35,6.96525574447e-35,-2.32858391695e-23,-6.62645413807e-18
-6.34915209992e-20,-2.1928987785e-20,-5.53892794029e-18,-8.8803153393e-19,5.2059594128e-19
1.69926665882e-23,9.71972197657e-35,-4.55344199841e-17,1.59937855402e-21,1.67861511652e-36
-0.341984510422,1.32303965092,0.851678490639,-0.573142290115,-0.189616471529
-7.2112539096e-36,-2.06528939145e-34,3.42859489172e-14,3.33954343806e-15,-5.79240453402e-35
-1.12719790099e-11,-5.65926298879e-12,1.15179000214e-34,-7.36875164202e-35,-1.99831915944e-35
-2.97280655914e-35,9.57952820402e-35,-9.63896388921e-16,-5.96814553124e-35,-3.45365922593e-35
1.60149824619,0.0910606980324,-0.0542874038219,-0.059058316052,0.883832216263
1.02640028974e-29,7.13153481573e-35,5.25728081982e-35,-4.70061536809e-35,5.56839824385e-35
1.01555962002e-34,8.63380368171e-36,2.30858854005e-35,-6.02040279842e-35,-2.58826974104e-36
-5.81204929459e-35,6.07541685239e-35,-5.48425224858e-35,2.89588945235e-35,5.77186322942e-35
-4.09776785423e-35,-4.34885499729e-35,6.44085956417e-35,-4.61104074705e-35,3.89786092017e-35
8.13610714604e-20,-4.31815066187e-20,-2.04132756014e-19,2.81229338049e-16,7.49641607199e-15
0.398532509804,0.574365317822,0.471028923988,1.05606687069,-1.12802314758
-2.41588429051e-15,-1.48025014932e-18,1.65514084074e-05,7.89273431768e-13,-7.52136214762e-35
-2.55652119415e-16,6.58723335278e-15,8.66817576918e-13,1.87042535391e-15,1.57956804646e-13
2.48320202224e-15,-7.84603095385e-14,-2.77143824383e-12,-3.29845539445e-14,-1.14096408645e-13
5.47403325374e-35,-4.52769085074e-35,1.82440281873e-35,5.53490641237e-35,-5.91060485318e-35
9.30937228114e-35,-2.89039051503e-35,1.72781010038e-35,-8.00973642853e-35,7.74479503992e-35
-9.48284575863e-11,1.38308653419e-09,3.04156526354e-11,7.38778816226e-14,-2.12943343514e-11
3.96452947258e-35,-2.64265680251e-36,2.2603071185e-34,-8.16592755676e-27,-7.54347999876e-29
-3.79987732453e-35,4.6340667758e-35,-2.42770549226e-35,-2.66445711437e-35,5.51263860044e-35
9.32969419639e-21,-2.54315903848e-20,-2.79450731879e-22,-9.733644269e-24,-2.98449148e-21
6.26504204879e-20,-5.19543640717e-22,-1.62608198791e-20,-5.11148848021e-22,6.37945082103e-20
2.16630845207e-11,3.17912818466e-12,-6.69647254314e-11,6.9383590026e-15,3.41950322225e-11
-9.55594214869e-11,6.90932727698e-12,-4.50611466543e-12,-9.27798894028e-15,-1.35338673601e-09
1.75667647095e-10,-4.87473429678e-12,-5.33519547985e-11,3.5958222348e-14,6.38586905577e-10
-4.44822043782e-12,6.43689339027e-14,-3.73679365229e-10,-1.25250105426e-11,-7.98486665676e-10
-3.80258949328e-11,1.83876221541e-12,8.79971529671e-12,3.02191370614e-14,1.55510901465e-12
-1.74396953543e-17,3.17900527902e-19,-5.82333404232e-16,-7.08508822856e-20,7.27891383593e-19
8.35251184397e-34,4.02404203093e-35,-1.38315507062e-35,2.05925377897e-33,-6.26165407285e-36
-3.08782726036e-21,9.20032984468e-30,5.3061555447e-30,-1.04049436001e-23,-2.34002745192e-31
-5.36087814715e-35,-4.53411474369e-35,3.72927218618e-35,2.90862703567e-35,-9.08610411877e-35
1.98273624082e-12,1.36921266561e-14,-7.58247804822e-12,-6.281677652e-13,-2.84533646644e-10
3.59991500218e-35,7.83298811071e-35,4.94501832196e-35,3.79853767423e-35,-5.50614066512e-35
2.97877716417e-12,4.69125265821e-21,-4.03901863737e-23,-1.7437812228e-15,1.09782440031e-22
4.10836284528e-16,3.41676335552e-16,3.30244990654e-16,-1.52568345805e-19,-5.33665167484e-17
-7.00019791346e-19,-4.96501514205e-19,-3.99457594639e-17,-1.12826983188e-20,1.42515008617e-15
-1.4654291669e-11,-3.83220411446e-18,-9.00222427059e-24,1.28880153077e-11,1.44905402141e-23
-4.89075955205e-18,6.02790706239e-08,1.04510021785e-13,-5.12671874731e-07,4.65758551518e-12
5.44182975085e-25,2.49186341996e-21,2.94343725261e-25,9.04201914781e-24,-2.87421508683e-22
-3.34388722154e-17,1.09657207952e-17,-1.96454283957e-19,-3.11058928615e-10,7.72227427908e-25
7.99845201365e-21,8.82101266547e-24,-1.71401946215e-23,-1.75229824338e-22,1.07275020126e-27
-1.3613871336,-0.105621732771,-0.449249953032,0.837660193443,1.4237844944
-5.05076173003e-35,-2.60603022377e-35,-2.67001313248e-25,-4.62971606917e-35,1.53529700856e-33
-1.41228384616e-19,-1.28527105474e-21,-1.76393050609e-20,-5.14456354742e-20,8.97832693611e-19
-1.08225196494e-19,-1.07990912934e-21,8.73920517689e-21,-2.78939035044e-20,-4.48741087691e-13
-6.1474582369e-11,-2.05073130921e-14,-9.16332114353e-13,-1.97462922749e-12,4.27792666522e-18
8.25832646711e-09,4.26374769367e-14,1.54730546952e-12,-1.90045704868e-11,-6.47731057849e-18
5.17101639286e-10,2.34455856829e-14,2.92528615263e-13,-5.6729412834e-12,-2.01520118974e-18
-4.87260098936e-09,2.93931782939e-14,2.53554366088e-13,8.56191367804e-11,-1.83338585713e-18
-4.60833327054e-09,2.57416658451e-15,6.41928196593e-15,8.82907746913e-10,-8.43838091385e-20
4.48831006807e-35,6.01166278555e-37,-1.83013292321e-36,4.74846223556e-35,-7.9653184689e-35
-1.44517451833e-20,2.87786713416e-23,-2.7785578387e-20,-4.82221955509e-14,-1.39581586307e-12
3.19162556627e-13,4.2836522903e-15,1.70651741436e-13,4.08263409245e-14,2.99714281171e-10
-9.15412529272e-27,-9.89581775415e-30,6.44741539863e-25,2.79468920891e-26,-8.55781632419e-24
5.21451805346e-12,1.54987157955e-14,-3.86497278626e-10,-1.15955040708e-11,5.01071850678e-09
-2.67740885018e-10,-1.54970671712e-11,-4.31723198857e-11,1.72509115283e-13,2.71135752739e-11
3.16885338902e-36,-1.2299007311e-23,-2.72625892054e-17,1.55280909637e-37,6.64733331018e-35
1.80748248428e-28,-5.65830175076e-35,-5.71393512036e-35,3.88278928032e-35,2.6329695926e-35
-7.21325950359e-12,3.19105500487e-14,1.31109758467e-11,6.02438455025e-13,-4.88819029698e-09
1.60457953129e-18,1.02643177511e-18,-6.91268551338e-18,-1.62916392232e-21,-2.53028117224e-15
-0.0414950102568,0.514937460423,0.950891971588,-0.00661884248257,0.174045905471
3.92771836189e-35,-3.89495777055e-35,7.67596089171e-35,2.70412402201e-35,-5.19016342143e-35
3.55134693908e-35,-6.29776780774e-35,-4.96424523102e-35,9.3064226398e-35,3.98598396639e-35
3.79920617535e-12,4.18560498761e-12,2.3704402885e-09,-1.14051936027e-14,1.69166125552e-10
9.15798370471e-09,-5.43474321102e-10,1.49882745104e-11,1.45868170651e-14,4.8903090466e-09
-5.98915006478e-09,-2.75698713859e-10,-5.11310481802e-12,8.89133661106e-16,1.63080854376e-10
-5.85034465317e-10,-3.33386040996e-10,9.10968522838e-12,2.86552940122e-14,3.34814509451e-10
-2.87303042468e-10,2.32320579441e-10,8.10138067742e-12,-1.49711023607e-14,-3.81450759868e-10
-3.15597159517e-10,3.92204435595e-10,8.47583375013e-12,-1.29607479263e-12,-3.36798477996e-10
-6.19426465676e-09,5.06930497579e-10,1.18085890458e-12,-3.63256056094e-13,-8.52997616985e-10
-1.16414966556e-08,1.19942722421e-09,9.12946974962e-12,-3.69863211239e-13,-5.51190815212e-10
-4.4781006621e-27,4.14084366795e-09,2.14661373121e-08,5.30231147877e-08,-8.9268490603e-14
1.65002103567e-25,9.49828761792e-24,-1.04992987797e-22,2.1033427346e-22,-2.52600850016e-27
-3.14905639715e-21,-1.88368412524e-20,-5.6116255873e-20,-4.18870610486e-21,-4.90699307497e-19
6.1470780155e-21,8.18762898714e-22,-2.56658763686e-20,4.93909301417e-21,-2.79417914457e-19
1.08120767527e-18,5.95093010653e-36,-1.45007734061e-19,-3.4840376045e-34,7.93434465193e-35
4.21532962971e-35,7.4802370645e-35,3.37836129373e-35,3.30444318986e-35,6.43415614692e-35
-2.22021193097e-10,-2.29322255629e-11,-9.92712162473e-11,1.12037047933e-13,2.148426749e-11
2.17454788924e-35,-2.34879655965e-35,-2.63094949867e-35,2.10669221955e-35,-3.03049503496e-35
-0.989328622818,-0.78277182579,0.617824196815,-0.395554453135,1.75953733921
-3.35701958538e-35,-3.9175920635e-35,4.15384920886e-35,1.64732303217e-35,6.73565150683e-36
2.5322874683e-35,7.27095561533e-26,-1.00419219218e-30,4.29478971879e-35,-2.24484156177e-31
6.06010156149e-35,3.81096004837e-16,2.0051827504e-17,-5.09708872004e-35,2.47820929241e-17
-6.08229188722e-35,-8.50897799774e-17,-5.02939419553e-18,3.40763012731e-35,-6.93220035839e-18
-6.01486110019e-35,-1.02424700289e-21,5.36627290858e-35,-1.03334379344e-34,1.63812302345e-19
-4.50349449339e-35,4.59415133835e-35,-6.82228911391e-35,9.31762829225e-35,6.24191805076e-35
4.35792432651e-35,-5.43723936221e-35,-4.42364783427e-35,-6.24366349915e-35,-3.91890961589e-35
-1.183075945e-35,7.10427775348e-36,-4.26960009167e-33,1.21707000185e-35,-3.39267084245e-36
8.08029933806e-19,-1.74223365555e-20,-2.08000303592e-19,-7.40311855515e-22,3.18755547131e-13
1.86591561984e-35,-4.74906547997e-35,3.89981615528e-35,4.57980060714e-35,-4.43180770509e-35
2.51103049465e-09,-7.27547176286e-15,-4.83518458019e-14,-3.40621870987e-11,4.16265821968e-19
-1.08834499044e-34,-5.55549478267e-35,6.83435744605e-35,2.26583954707e-35,-1.85789981595e-35
-1.9980161023e-35,5.16461995214e-35,2.6217751326e-35,-3.13788344636e-35,-6.03440737268e-21
1.46549342106e-10,7.29359107832e-12,1.06711514625e-11,-7.18007738768e-14,9.12480941501e-12
-4.3228865012e-27,2.84409871052e-26,-9.16402653726e-35,2.01216010542e-13,-5.31320002741e-35
-1.30122217797e-13,-5.06880453517e-35,4.37745228954e-10,-1.41356747463e-06,-9.08656380877e-17
-4.98181044435e-25,-9.75278619902e-36,4.05711576378e-18,6.34919422471e-15,-2.5450530844e-33
-6.27588226132e-29,1.13367051437e-34,2.34255633769e-35,-1.00194245262e-12,6.75022815422e-11
-2.28382465425e-15,4.34905692188e-13,-2.26028618044e-09,1.92180308678e-34,-2.69250026719e-08
3.40040870027e-19,7.24493635829e-20,1.153498679e-20,-5.59198408672e-21,1.12544248615e-16
0.052564792335,-0.103388667107,-0.991327524185,0.807277023792,0.754078447819
-1.07357187336e-35,-2.25044605251e-35,4.15110332753e-35,2.94167289102e-35,2.6434032529e-35
-5.26914424401e-35,-2.62245299336e-36,1.43624043568e-35,5.89783340553e-35,-1.1121089174e-34
2.66760190326e-11,-3.68113079421e-20,-4.37044992915e-29,-4.66396450065e-05,-1.1514985431e-16
-9.0983785068e-35,-4.51951146487e-35,-4.8110989227e-35,4.7020953545e-35,3.45857558182e-35
1.93259838688e-10,1.44165001117e-11,1.42376319068e-11,-1.04422872259e-13,1.32875906458e-11
-1.17920166864e-19,-8.90085338767e-09,-1.2229513402e-07,2.82641511378e-15,-5.42237157454e-18
-5.506836319e-35,-2.68819668449e-26,5.92839453673e-36,-5.32281692577e-35,1.14049713467e-36
-8.05663175063e-11,-6.22958629126e-11,-2.35623152933e-11,2.28358212331e-13,-3.50186589795e-12
2.45379862263e-11,6.32318573727e-20,2.42421555052e-10,-1.55543803391e-17,-1.7881998815e-07
-4.46597424047e-35,7.43715014559e-35,1.45910058656e-35,-5.02865577817e-35,-4.64101814888e-35
-2.46120300606e-34,6.5094790469e-35,-2.86809367766e-21,7.87540566636e-19,-6.23684586151e-35
5.14572766867e-35,-5.20695267204e-35,-3.42442913545e-35,1.29959553109e-35,-6.33626869156e-35
2.20183787869e-10,1.33286409687e-10,6.71985384004e-11,-2.04068654878e-13,1.55016177672e-09
-7.20417611922e-35,-7.66313089801e-31,5.52961652708e-33,-6.18731184649e-31,-7.05307056781e-35
2.52886717004e-35,4.51660085362e-35,3.27525614726e-35,6.24133145152e-35,1.03716415008e-34
6.24480742505e-35,3.77680738694e-35,-9.52603144464e-36,1.08303919465e-34,-3.65951910905e-35
-4.19534823205e-17,1.21030766633e-19,-1.78341132683e-17,6.13899639629e-19,-1.19570725643e-18
-2.38547436538e-36,5.2629803603e-35,-5.12228091856e-35,4.89134793609e-35,9.53799043514e-35
-3.52547212733e-31,3.61319593836e-25,-1.38584837153e-22,5.32437525934e-35,2.07371368445e-20
-5.18250893282e-35,6.15559727614e-35,-4.91053007535e-35,4.44636707506e-35,5.22354160648e-35
6.30842761296e-35,5.51620526152e-35,6.84468262568e-35,1.23728557743e-35,5.82844422654e-35
7.8755617967e-19,1.55652231284e-14,5.05323505262e-10,-1.71651120882e-16,9.87245766908e-14
1.16106903553,-0.0660347864032,0.92763197422,-1.04902458191,-0.217493444681
8.21655466114e-21,-8.53632096243e-15,-5.21427920186e-21,-2.37000057102e-20,2.62900022353e-19
1.54441734092e-35,9.1209080499e-35,4.82642598002e-35,-1.10361861099e-34,-1.11359148669e-34
2.90734866737e-11,-7.21132512646e-25,2.57207594791e-20,1.33017197905e-18,5.87715779151e-35
-1.2481369291e-13,1.05670013666e-25,-6.38924826647e-23,-2.80606906616e-21,-2.26756634139e-35
-9.50477468412e-35,5.39887163986e-35,-9.24585801597e-16,-4.20080572158e-18,-6.90562006915e-35
-3.8586758619e-35,2.74517075797e-35,3.01043127493e-35,-6.87933502824e-35,4.76675242256e-35
-3.18245322155e-35,-3.4901466165e-35,-7.21884052604e-35,3.44309929181e-35,2.11052175974e-35
5.29562271344e-35,-5.25403443503e-35,6.00251037391e-35,-7.84709702757e-34,1.14682712434e-28
-4.0116809874e-10,2.41277449409e-11,-9.89419934871e-11,3.12372984467e-13,-2.55213317146e-09
1.37769537532e-12,-3.40768673045e-13,1.57732785167e-11,5.29940186785e-13,-1.8115545522e-11
2.92529091228e-11,-1.14903149929e-12,1.33911614436e-11,-3.35764239762e-13,-1.6612447095e-12
2.62936589168e-10,-9.15410325666e-13,1.36444994192e-10,-9.15551380369e-13,-8.08021705101e-10
-1.01741363778e-06,-9.40076033511e-13,-3.03484505321e-13,1.87505150295e-11,8.96455169057e-18
1.88549881475e-17,-1.21761217778e-17,3.64340468913e-18,2.79646448951e-19,-2.07846862497e-23
-7.82026028491e-35,3.13080315608e-24,8.48261691329e-35,1.3671310292e-16,-5.51477377573e-35
-6.46623428573e-35,1.9959261273e-35,3.63222933041e-35,1.15723759768e-35,-1.10403392394e-28
4.3109490353e-35,-2.10165088129e-35,-2.96912223383e-35,-3.81680748523e-35,4.52430856036e-29
-2.17620344488e-12,-3.1914119063e-06,8.80209321974e-16,4.16246203729e-24,-1.22706338203e-30
-1.24332807938e-10,-2.52803576684e-11,3.68542418805e-11,7.01379397811e-14,-4.02571398439e-09
3.52226115028e-15,-2.83114634167e-12,-3.51810052444e-13,1.04161250886e-14,1.91106001466e-13
4.28466669696e-13,7.03973283746e-14,-9.14394536651e-13,2.42890627858e-14,3.99688366171e-13
-1.81311795817e-35,-3.66141465108e-35,-1.90867164398e-37,5.78502669985e-35,-4.42527848829e-35
6.4816827381e-35,-6.6518676878e-35,6.08435531603e-35,1.29922418255e-31,3.8891514713e-36
-1.03146379591e-23,4.17250289681e-20,9.73192455222e-23,1.11417948869e-20,-2.63802881914e-21
-4.11647988979e-26,-1.54331061228e-20,3.55069133339e-23,-8.82336151459e-22,-2.9769881279e-20
-3.33364131249e-15,-1.75994253893e-11,8.62949035146e-15,2.15517924687e-12,-3.02615710268e-11
-1.80120573675e-14,5.49729185784e-12,6.35896026048e-14,1.70452126263e-13,5.76045678172e-12
9.55241406266e-16,4.0444722571e-10,5.36309650932e-14,-1.89678342477e-11,8.64913862753e-10
9.64166910069e-16,2.93697600962e-11,4.05129217933e-14,-9.97982404181e-13,5.97510305123e-11
6.13997083987e-16,1.2527567525e-11,7.00832053591e-15,-9.08336285962e-13,1.48186376364e-11
1.83251808842e-15,1.55928169682e-11,2.57240653475e-14,-1.78386179526e-12,3.93604662752e-11
2.59221156266e-15,-3.18030541138e-12,-1.21336927593e-14,-6.88232565556e-14,-5.18627198479e-12
4.32940053979e-15,-2.37183189755e-12,-1.5440731308e-14,-7.68176382151e-15,-3.77797749682e-12
6.97472636219e-15,-9.39728590083e-12,-1.9544849883e-14,2.80943725315e-13,-6.58403149709e-12
-1.62326684414e-17,-1.49774029984e-11,-2.76591815722e-14,4.12637643239e-13,-1.60732902682e-11
1.29179216017e-15,-1.54757825478e-13,-5.97351080276e-14,-3.06196777663e-15,-1.33709124502e-13
1.00635558914e-11,2.7078446152e-09,-7.49247493356e-17,-4.35623629183e-12,1.69271879449e-15
1.80855552756e-10,2.2434889016e-11,-9.50100158548e-08,-3.25826765568e-09,1.69580755688e-11
-1.29867229953e-22,-2.65645196507e-21,-1.85603375534e-21,3.49229071102e-21,-1.30175584347e-18
-3.95353475479e-35,-3.11553757426e-35,-5.96768864965e-35,3.34865251072e-35,1.04701885933e-35
-3.52268202143e-19,-2.77870259531e-20,7.57146952401e-19,-1.36578427577e-19,-1.63200822002e-19
8.10133221108e-33,4.37771742412e-19,2.18288915047e-13,-8.78899546457e-14,-2.51792965619e-22
-6.09875397388e-35,5.33105514375e-35,-3.72497629386e-35,-7.72337555838e-35,6.18917405545e-35
-7.23969349736e-35,4.20647668788e-35,-5.07037377421e-35,-4.83298131253e-35,-1.58187531789e-35
2.56967759788e-13,2.24716241708e-13,1.79254983253e-12,6.35750458354e-13,1.13381892763e-09
1.48621458022e-13,-9.64522990014e-14,-3.54077635267e-11,-1.80177088527e-11,1.59037782943e-09
-1.13791680336,1.12277066708,-1.09932422638,0.465509444475,0.0296893380582
4.71693907891e-12,-1.89592956677e-13,-2.20527602798e-14,-1.50818973196e-13,-3.85500211939e-14
-5.1351057331e-14,-7.83183018438e-10,-3.1023558722e-11,-5.96113644558e-11,-8.7774720825e-09
1.13684582581e-12,1.74449690804e-10,1.75115542726e-12,3.85712859222e-12,1.58555990559e-09
1.17817832313e-12,8.36656246428e-27,2.22155767866e-19,5.27608758149e-35,5.35181226177e-35
-2.03433891954e-09,1.29788582659e-10,-2.10602403572e-11,5.03712577291e-13,-1.91140894779e-10
-1.71316276922e-35,-2.1983068083e-36,1.95934288343e-35,-7.46888677115e-35,-5.68468264497e-35
-3.0115854316e-22,-2.31251107673e-14,-6.22840101366e-35,-1.94830515566e-23,5.63250056811e-35
4.46257516303e-28,-1.79050094686e-23,2.29744162789e-33,3.55359633476e-35,2.79752215653e-35
2.65391726927e-35,5.40551995581e-35,-6.95511825364e-35,5.55795884382e-35,5.23502965308e-35
-4.79983644704e-35,-4.95212409347e-35,7.67956543494e-35,-6.11933258665e-35,-2.21681445888e-35
1.34588750882e-35,-1.01209248566e-34,6.57025463031e-35,-1.09805200239e-34,8.79699277551e-35
-2.47149495272e-35,-2.32928366911e-35,1.7966756704e-21,2.91824526134e-36,-2.94585513691e-35
8.58002280335e-11,6.75909632084e-12,5.60125661131e-11,-1.99270226784e-14,-8.17965972733e-10
-0.399910748005,0.19003765285,0.638864636421,0.099640570581,1.33547818661
-2.60504482569e-11,2.46139948701e-11,-4.02289902779e-11,7.03072108453e-14,3.28237748093e-09
-1.02102355315e-22,8.83194504944e-13,-1.09480344959e-24,-9.5053297149e-36,4.32179624232e-35
-5.74358822809e-35,-3.47456514615e-36,1.8568405509e-35,-5.5137159456e-35,4.67730206643e-35
3.33509586327e-18,-6.64128823864e-35,-7.20874027138e-10,-6.28249384282e-35,-8.0048616856e-35
2.34418300743e-12,1.69818911537e-13,8.22775278898e-13,9.13979551493e-15,1.48617021467e-11
-5.37695752587e-15,3.4780118103e-14,-9.25122608728e-15,-4.70970562761e-15,-6.63459630117e-13
3.89517100109e-35,-4.7296979478e-35,-1.53455205624e-35,-2.46880015488e-35,-4.46304497513e-35
3.55319082365e-35,5.11725349911e-35,3.35703565659e-35,4.77338882859e-36,-5.00099205686e-35
-3.146434479e-35,2.54325836626e-35,-2.88750171471e-35,-4.9857265329e-21,-2.23989759783e-35
-4.8599585635e-35,5.04787328844e-36,4.33877834748e-35,-2.99673429767e-35,-8.29940739434e-35
4.87935552727e-16,7.42556462469e-17,8.62079693469e-16,-6.52269717737e-20,-3.45988897924e-16
-5.76826098208e-35,-5.2077447532e-35,-9.24304524199e-35,5.47028923536e-35,-4.90697604164e-35
-2.79831624658e-35,5.67789657578e-35,2.27718080037e-35,1.84179186993e-35,5.10598356182e-35
-1.80938541845e-18,7.07094898189e-07,-5.04489918155e-35,-7.67160961111e-35,-3.96824500343e-12
5.76792176472e-35,4.22361491338e-35,4.43323029432e-35,4.83291817563e-35,-5.30882349204e-35
6.17917438341e-15,-2.90796405781e-14,6.57402328104e-14,-9.94086466991e-20,2.43642145135e-15
-5.047925697e-06,2.89055642497e-05,-4.69800797873e-05,1.01674099695e-10,-1.21646860407e-06
2.40547478825e-07,-3.31419784061e-07,-1.9197882466e-06,-5.03110400563e-12,5.28065015715e-07
1.61204152249e-08,-2.34852315373e-08,-1.2799866056e-07,-4.69533320644e-13,3.98019750492e-08
-5.00469433364e-21,7.6123175498e-29,6.46858929223e-34,-5.32663441255e-35,2.86968755131e-19
-1.64365197995e-36,-2.15403930103e-35,-3.66223944863e-35,-6.55114251562e-35,3.10309185563e-35
-4.22705712365e-24,-3.93143561629e-26,-2.73147032737e-25,-4.06185155377e-29,3.97475209186e-25
-3.50758101147e-35,-5.13970670395e-35,1.28090657714e-34,-7.19617437764e-35,-5.44267487564e-35
-1.60144709799e-24,2.42611645119e-35,1.58999495427e-13,2.37316723903e-26,-1.93727581296e-18
5.8702792699e-22,-9.18313707353e-36,-6.37766506273e-11,-8.9876311327e-24,7.22046618442e-16
2.43150088113e-35,-2.74309671069e-35,-3.15720104298e-36,2.38445054309e-35,2.46762150368e-35
-9.10294727886e-17,-2.9085821007e-18,-2.62754467517e-17,1.76146463544e-20,7.11356836066e-14
-2.75296522774e-13,-1.43284711353e-12,5.68528297357e-13,8.67368853065e-15,-5.77540532759e-12
-0.395187616348,-0.0970622971654,-0.245832711458,-0.121147543192,1.00879371166
5.56228601761e-35,4.64856731365e-35,5.05857119104e-35,-8.55026351373e-35,1.07502310378e-34
6.76157814431e-17,-1.49965550922e-20,5.00801689835e-35,-1.51754867156e-26,-1.43571576849e-09
3.99992086389e-35,-2.34686385294e-35,-6.50846196878e-36,1.4845981381e-35,-3.10588639274e-25
-9.40330483108e-18,6.49261656052e-21,-4.6292158527e-35,-3.3282199999e-29,1.6979254374e-12
-1.83414498645e-36,-1.85054287436e-34,-2.65519005185e-35,5.55251472082e-35,-4.02232011538e-35
2.24622032825e-35,3.33972610049e-35,2.51984691542e-35,4.80755837733e-35,-2.02979563225e-35
4.95583080368e-35,1.22787886561e-15,-6.6320421261e-35,-3.06396169219e-17,-6.36934267153e-35
3.7875641934e-35,-4.31525326791e-20,3.79756393098e-35,-7.14373161684e-17,-1.22516840028e-34
-1.42948435652e-35,1.18607521641e-21,-4.30917747118e-35,3.22263528232e-18,1.25786390321e-34
8.49480303268e-20,6.40972483423e-11,-3.74319831946e-30,-7.96065704269e-15,7.89654975165e-30
-1.78529424221e-35,-1.10137759529e-34,5.47455843799e-35,-7.9856273149e-35,8.93329674082e-35
5.19775419916e-35,8.93742933815e-35,6.06434378744e-35,2.89112347709e-36,-1.58541701119e-35
-9.69320218709e-13,-1.01164875088e-11,-5.0295449229e-12,9.88902969928e-13,-5.01553616347e-12
1.73275597519e-21,8.56259484597e-21,1.87622864298e-18,2.04842464055e-19,-1.50751970918e-18
9.76555967168e-13,6.51128753169e-15,4.9883605276e-13,-7.75013126592e-12,3.11873755987e-11
-2.21786367943e-35,2.57847613109e-35,-1.95980507427e-35,2.16897577051e-35,1.25331761568e-35
2.05508411454e-35,-1.08611465063e-34,7.75017832191e-35,-1.41091019694e-35,-8.84761594483e-35
-7.25997484352e-10,-6.96356652896e-11,-8.01242145548e-12,3.66476678648e-13,-4.94326593548e-11
4.8644954731e-09,-1.98791955119e-10,5.43882870869e-14,-4.68983738563e-13,1.63677918441e-10
1.10792812424e-10,7.56652206169e-12,-8.4745786777e-11,-6.45836465904e-14,-1.12498332872e-09
-3.15493936531e-10,0.00431179488078,-4.32557136776e-08,0.000149814397446,2.0233035733e-11
1.008327265e-13,5.35671160207e-12,1.64775322276e-08,8.1457711687e-09,3.21111421897e-08
-7.06543202355e-17,-3.35148624032e-18,-1.30199080412e-17,2.12477027685e-20,-2.92428964014e-18
2.59704750468e-26,-8.43845322319e-35,3.97396757871e-35,1.38174109097e-36,2.3814080618e-34
7.48981141199e-17,1.2365709589e-16,1.09393329518e-34,-5.80403722152e-35,-9.58581572127e-34
-6.29828926117e-36,5.01215638334e-35,9.87575679823e-36,4.62935819772e-35,-8.12234453995e-35
3.98228930959e-35,3.14583869622e-35,-5.0063541019e-35,4.49751112383e-35,-2.74232378585e-36
2.09419911967e-10,6.91763729632e-11,-2.67759824729e-11,-2.14411808078e-13,7.54365458988e-09
9.54555368082e-09,-4.50924131368e-10,2.36762415229e-11,-3.28565577523e-11,-1.17762328912e-16
4.87731547227e-35,-4.54232139322e-35,-1.0572788788e-34,-2.32876680746e-35,9.51677614854e-36
1.03780720129e-10,5.26276548382e-12,-1.5410145382e-10,-3.21218542759e-14,4.86453155535e-10
-9.40610367373e-11,4.55123699145e-12,8.3326887057e-11,-6.86322960269e-13,-3.12394055069e-10
2.19402204737e-11,-1.0091666218e-11,6.11783748661e-11,-7.13639271375e-13,-9.73362612733e-10
7.07521095799e-35,-5.58171898257e-35,5.6861807115e-35,-6.48240938646e-35,5.26713649048e-35
-7.94331211917e-10,-3.44537627595e-11,-2.34374852859e-10,1.10875577383e-12,2.65647592812e-09
-3.79376252635e-10,-2.07247431022e-11,-1.69593436516e-10,3.00565751758e-13,-7.99317501077e-10
1.47869932652,-0.0755440443754,-0.777819633484,1.21825277805,0.218165040016
-2.27485334451e-35,2.50425439611e-35,-7.77607363594e-35,3.78194615692e-35,-2.70431601559e-35
2.50811521777e-35,-2.43688846791e-35,-1.06182927024e-35,-5.46849844318e-35,1.38291830723e-35
-4.02101289449e-35,2.45512671046e-35,-4.24857895808e-35,-3.43421018976e-35,-1.63288218738e-35
9.37378438759e-11,4.5460922353e-12,-1.09889396194e-10,-4.77295510244e-14,1.19817866739e-09
9.55472950663e-17,-4.88158285799e-22,-7.77474771032e-15,7.15045407588e-35,-6.71561517507e-09
2.98451300203e-35,-2.8540328421e-35,-4.02729645133e-35,-4.24512077768e-35,1.13184046252e-34
-8.86533018702e-20,1.39538228443e-20,4.38716472741e-22,-5.90280634005e-24,-2.57966949824e-19
4.9029256728e-21,-5.54791433643e-35,5.9169341339e-30,6.68897152414e-35,2.879167235e-20
0.668414235115,1.89261293411,1.52257418633,1.44116854668,-0.100856788456
-4.54021154006e-10,7.55209678863e-17,7.58546386901e-19,5.17749731976e-10,1.31160868126e-17
5.45719923333e-35,-5.54885794615e-35,-5.14119501296e-35,-5.0003285454e-35,4.82609128268e-36
0.679065525532,-0.258145421743,-0.0505029335618,1.10842990875,0.544299483299
6.12189766685e-35,8.34075632649e-35,5.311332323e-35,-1.57741876164e-22,2.89009921054e-32
-6.99952110161e-11,-1.06115935483e-10,-2.90337719144e-12,2.87078845938e-13,4.17445673298e-13
2.36870488501e-11,3.36367262169e-12,-8.59363968875e-11,1.47605278694e-12,1.14200445975e-12
-9.55236098554e-11,-9.78904977911e-12,-8.94618060188e-12,2.77984043119e-13,4.5863570719e-09
-5.27508313075e-35,5.46362025642e-35,-2.77065855199e-35,-4.70751508371e-35,1.93960327662e-27
5.35451978334e-29,-8.14073518848e-16,8.31588783769e-16,-1.72174598255e-13,-1.43974716589e-13
-3.00134164754e-14,-2.19394641343e-12,-7.4773078354e-12,-7.80930702049e-12,-1.97675342761e-09
2.34646872245e-12,4.76040478467e-15,1.86764784194e-10,-6.90238057202e-35,1.84306645679e-06
-4.15988251398e-36,6.24845128535e-36,-1.2750493379e-35,4.12795831671e-28,-5.7007986266e-35
-4.88819281282e-35,-4.61159721276e-35,-3.29991168209e-35,-4.15017673006e-12,2.51725284964e-35
2.64549078853e-35,-9.26413526368e-36,-4.08493843542e-35,2.85022482586e-35,6.91437199194e-36
2.26414532566e-35,-1.77150154751e-23,-3.44270152932e-35,-1.62494544812e-35,-2.90574827985e-35
1.01784277107e-19,3.36790706148e-21,2.59452049217e-20,4.91493142391e-18,6.58921942997e-19
2.66689170747e-11,-5.20528455408e-12,-6.87350315554e-11,2.75365938818e-13,2.54033927227e-09
2.44305145775e-13,4.92146514514e-12,3.84724928903e-18,-0.000114230351755,3.10649862801e-17
1.35674147915e-20,5.02719946242e-21,1.15654777422e-11,4.53301538528e-07,2.72745049473e-14
-5.94475371707e-11,4.52844521864e-13,-3.47338581508e-11,-2.09677408899e-13,-1.15156961744e-09
6.69244104579e-11,3.62987743162e-12,2.47011577859e-11,-2.72504949514e-14,2.69758044028e-12
6.15691052374e-35,-4.20859177415e-35,-6.30605825716e-35,1.12246623945e-34,-3.62779367594e-35
-3.95695559652e-11,-3.12372848942e-12,-7.33181501622e-11,2.99523396825e-16,-1.21588050739e-09
-1.78318846226,0.101744070649,-0.0518986359239,0.0975949913263,1.85037124157
-4.24790956699e-28,-9.11607785333e-26,-3.01260794679e-21,3.75516607446e-31,8.83084547152e-26
2.43307370665e-19,-1.30565620685e-17,-1.73916219967e-12,-2.90076145536e-22,1.22719853934e-18
6.66558629509e-19,3.87860257753e-17,3.90502226307e-16,-5.76846446385e-22,-5.64625834708e-18
2.3546398909e-16,-2.2093860158e-17,6.12430274205e-15,3.62081672598e-20,-5.63913243426e-17
-9.15457494279e-35,5.59303922668e-20,2.32407229169e-35,9.40178281894e-08,3.75013462804e-35
-1.2474803043e-05,-9.98998193197e-13,-7.54629145376e-05,9.78597628279e-13,-1.99844942027e-13
-9.24363558787e-13,5.28822794474e-14,-2.2645409159e-10,-7.94784810881e-12,9.19137196909e-11
-2.0350425643e-18,-1.56593149363e-14,-3.95873421045e-17,-1.35081385764e-18,-1.77165082604e-09
3.33420374643e-11,6.6316271051e-12,-3.91995394478e-11,8.27217797299e-13,-1.73439163031e-09
4.87701823371e-11,1.81608408867e-11,-1.08429662818e-11,2.94924403909e-13,2.95292079677e-09
-1.3097398166e-10,8.63342296958e-12,-5.9823514198e-11,2.56928620089e-13,2.7071969666e-11
9.76798641972e-11,1.12355888482e-11,6.86648220921e-12,-6.20774116247e-14,1.80557424567e-09
3.18238185804e-10,1.20183741431e-11,1.56552909525e-10,-5.50885671715e-13,-1.35070654661e-09
6.88289968042e-36,-6.70998004183e-35,5.36240893008e-35,-3.85367857598e-35,5.62429793639e-35
-2.32567439062e-35,-1.10402486826e-34,1.37568683588e-35,-6.4508564319e-35,-1.1582260633e-34
-3.82652759296e-24,-8.86940621218e-35,-2.827262221e-35,2.64567331158e-35,1.71474707502e-35
-5.16224891449e-18,2.7932433965e-19,-2.20733227239e-21,-2.57893043983e-21,-7.99398572302e-22
-1.67934040706e-25,-5.0670912292e-35,-4.25766321057e-35,-9.68708823301e-35,9.40074408347e-22
-8.23251040114e-35,5.40764939137e-35,-5.91030753576e-35,4.30826055115e-35,2.44910258889e-35
-5.92127728578e-35,-8.16674054515e-36,-5.76029769662e-35,4.90117949992e-35,-4.29940531343e-35
1.20291545613e-08,6.46303843777e-10,4.48425042758e-13,-8.35696055e-14,5.65932162244e-11
2.34699570889e-09,-2.07606674907e-11,7.93968298225e-14,-5.47511526134e-13,4.30396031315e-11
2.54446297365e-10,3.94500890288e-11,9.50756001705e-11,-2.46358136799e-13,1.67835287357e-06
2.10326048244e-10,1.90652389709e-11,3.60654180132e-11,-4.66576256797e-12,-6.45706821345e-10
-1.59840529701e-10,-7.38716909865e-09,2.33692197538e-11,-1.78070530326e-13,8.34652624793e-10
2.04869134894e-13,-2.76382627722e-12,-1.0322091272e-11,-1.96883980473e-12,-2.54150589463e-09
-5.27057231192e-10,-3.17382682635e-11,-1.0330004907e-10,4.00253208398e-13,2.23747531614e-09
-6.49641716948e-35,5.52272385983e-35,-6.69519280503e-35,-5.96318469253e-35,5.20825960595e-35
-6.961391192e-35,-6.03007192822e-35,5.82974771662e-35,7.8278355654e-35,4.98877506602e-35
-2.65106557177e-14,2.32770715722e-25,-8.07243161205e-12,-1.03930403194e-34,-7.46610585856e-12
-4.74831615972e-35,4.99857276551e-35,6.90194779725e-35,9.45187514245e-35,8.94175306811e-35
-6.70716585784e-35,-3.97808726167e-35,-3.4225051818e-35,-2.74969107328e-35,-3.56267305387e-36
1.90875893108e-14,-6.16199235734e-12,-2.31208660196e-28,-2.08996236072e-27,-4.9724733612e-29
1.37646311016e-10,5.2138892162e-12,-1.47033676467e-12,-1.70094597044e-13,-5.917756285e-10
-3.16119915005e-22,1.93479677851e-20,-9.87790269475e-22,4.00838931413e-22,-5.07727256615e-21
6.23768958992e-18,-1.10443878806e-35,-7.51882174821e-35,1.23106527912e-22,-2.23917440145e-10
6.24592724413e-35,5.85164015096e-35,5.81750834087e-35,-4.55321365703e-35,-4.81544360262e-35
4.96951662017e-20,1.91866354937e-23,1.95810233479e-22,-7.06395117897e-20,8.10653193878e-12
3.03954484913e-35,7.82162117217e-35,5.36184528972e-35,-9.63269980835e-36,1.85443417392e-36
-0.817675769329,0.0394778102636,-0.764842867851,0.0144123230129,0.546641290188
2.59385602418e-16,-2.39665134865e-15,-5.79930954096e-16,-3.29397719479e-16,-3.45851789759e-15
-2.65825938024e-16,-8.30207213739e-13,-3.41415454698e-15,2.75951967033e-14,-1.46330668936e-12
1.03608301038e-24,-7.10173380455e-22,-2.65783341324e-19,1.56993669994e-22,-2.13758192321e-21
3.54638591586e-19,-4.7942737147e-16,-7.63652379179e-14,3.93858144375e-17,-6.31350830313e-16
-3.02214369238e-26,-1.46503334568e-22,-1.543588196e-18,8.87623261329e-22,-6.86692121507e-23
-7.02342845379e-18,-1.28505164138e-14,7.39735106503e-10,-2.85816780399e-13,1.33008143751e-14
3.36811854878e-24,-5.10357917145e-21,-7.2715219149e-22,6.41151244557e-23,-4.87897661302e-21
1.01797447373e-18,8.64893314574e-15,-5.31572785789e-10,6.33946237519e-13,-3.09726533361e-15
4.65267223906e-17,-4.87079757224e-14,-3.0297334086e-10,1.65612857629e-13,-8.8033442027e-14
-6.59266256927e-18,5.23743552935e-15,5.11843551484e-13,-5.62796695183e-16,-4.62915152377e-15
1.39382464388e-17,-5.51989170198e-17,1.78902407303e-22,-3.60968871208e-25,-9.08282800083e-07
1.9508215189,0.855061411858,0.52807199955,-0.261462301016,-0.551182627678
-2.03897974893e-11,1.87051797662e-11,-1.12609765263e-11,1.58534711509e-13,-9.21205389748e-10
9.74752012439e-08,5.3206705708e-09,1.31082311672e-10,-5.33387049806e-11,9.44742728493e-10
7.89981967112e-35,2.4480769012e-35,-3.55013901532e-35,-9.65700981213e-35,-6.40073606192e-35
-1.82451546071e-35,-5.37395437386e-35,-5.43333922348e-35,5.5652712452e-35,-5.4172915445e-35
2.67010643231e-35,2.20510256327e-35,6.06579048349e-36,-6.21175812587e-35,-4.45244486299e-35
-2.50098203789e-16,-2.3734394658e-11,-2.8980402198e-14,1.92647308696e-12,-3.40137154553e-11
-5.34919602103e-15,5.38040879211e-12,1.25286619187e-12,-1.08111917585e-13,5.65063317318e-12
-1.51193488496e-16,8.86847968109e-14,-4.45355422462e-13,-6.55870867125e-15,9.09802357692e-14
3.72606828882e-15,-4.52766556885e-12,-1.05782169049e-12,1.95010660723e-13,-6.56393689402e-12
8.88241629534e-17,-5.36119932492e-15,9.5743801342e-13,-6.79789637599e-15,4.09961540898e-14
-8.50899354873e-18,9.90173892044e-15,-1.24770790691e-15,-4.85164166803e-16,1.35525136035e-14
-1.46543832624e-10,-5.07338051778e-12,-2.02680806166e-11,5.06913236972e-14,-8.18843363959e-06
7.15788471546e-35,4.09288938049e-35,-5.41793955872e-35,4.78226544676e-35,6.87073578196e-35
7.41515898163e-13,-6.24358746128e-13,-5.71780375326e-14,2.86036487193e-14,-6.63256342209e-13
-3.05130371653e-14,2.52432569205e-13,-4.13296470547e-15,-1.11017000036e-14,4.91092409793e-13
2.68971558351e-13,-3.83207137897e-13,-8.45331766283e-15,5.81819223469e-15,-8.8125756692e-12
-1.12838400394e-14,2.8010153062e-14,-4.9519769558e-16,-1.7902767671e-15,-4.57435044704e-12
-3.18566923058e-13,-5.25443187224e-13,1.13854153834e-14,3.81209007503e-14,1.98202224055e-06
2.52550801452e-13,-3.53668315676e-15,3.93694095269e-15,1.47498268617e-14,2.19693794407e-12
-1.04739859093e-15,2.12818152857e-13,6.85876882226e-15,1.96476027722e-13,-1.77255942129e-14
-6.04280731356e-13,7.88647813233e-15,2.47445632235e-14,5.47272459555e-13,4.10914466516e-13
-3.86995258972e-13,3.64498497574e-13,1.71024134389e-14,-3.44582150899e-15,8.41360509908e-13
3.37917302647e-12,-3.36063879362e-14,-6.83009218302e-14,-3.24334099345e-14,-3.79650670168e-14
3.31438605131e-14,-5.89183116154e-15,-2.20901978655e-15,-1.52341416663e-14,1.64662500215e-13
-6.76766492307e-15,3.89346185153e-16,3.56533743433e-16,1.37394948561e-15,6.96082742503e-17
3.02684400001e-35,1.61492662597e-35,-4.96180757257e-35,-5.33280575789e-35,-1.94377963669e-35
-5.3675008882e-11,1.26902230044e-11,-2.18089851733e-11,8.7982409986e-14,-1.74801373376e-09
2.01441474612e-10,1.57398764161e-11,3.38550437684e-11,-1.23857047123e-13,-1.19619758543e-09
-1.99677607782e-10,-1.74095252103e-11,-6.04954281114e-11,1.76334397388e-13,6.6583993874e-10
1.59514471076e-10,5.82415756248e-12,3.17412658657e-11,-1.11658295457e-13,-4.88370288654e-10
-4.76284941397e-35,8.91607155859e-37,5.00207141093e-36,8.94791623435e-36,-1.11653596229e-35
2.11550846285e-10,-1.05985087373e-08,-1.32152518095e-11,-2.50380418438e-13,-2.46952208727e-06
1.95914703731e-12,9.54832241919e-13,-7.14586723127e-12,3.07224938018e-16,4.00188432739e-12
5.82861010441e-35,-2.53420338634e-36,-5.52511330465e-36,2.66448136468e-36,4.91955980051e-35
-1.6518394492e-16,-1.35966580689e-17,-4.99687830468e-17,1.98197079191e-20,-1.5779470556e-19
5.176366627e-11,-4.3836678271e-30,7.45295446051e-35,-2.16012759313e-22,3.30824166414e-26
-1.40071103587e-12,2.99849392277e-13,-1.27386698412e-10,-6.84367146286e-12,-9.06770381004e-10
-1.57392597198,1.95225059986,-0.404567867517,-0.121099956334,-0.913956701756
-1.28362487243e-22,1.16185788839e-18,1.14985373111e-13,-1.19200904963e-29,-5.93650762884e-35
1.89903952976e-16,1.35969184588e-13,1.43446766035e-15,4.72632442956e-24,1.36310537291e-35
1.06380164865e-16,-2.32681669071e-12,-3.86542116674e-13,2.93357294142e-24,-3.2629783154e-36
-3.55142385938e-17,1.03829523104e-11,1.42392684015e-12,-1.91001092854e-24,-1.66747920166e-35
-2.55399004795e-15,1.6236850189e-12,2.68695628898e-13,-1.24332872143e-22,5.80114784723e-36
3.903542073e-16,-5.58607760742e-12,-1.28851042249e-12,2.28045547368e-24,-1.68609511769e-35
0.00364442099817,-2.31743041423e-10,-5.95812562096e-05,3.76330611118e-09,-8.71737988718e-20
-2.73853370536e-11,-8.95332121159e-15,4.55744003734e-13,-6.0844090996e-14,3.18529013929e-12
-2.03423083933e-10,-8.37850316013e-16,-3.08853501585e-13,6.10940618536e-16,-4.78821107638e-16
1.8020046566e-10,4.84269579732e-13,1.09734493898e-13,6.88125161778e-15,2.40267777631e-15
-2.55390486537e-10,6.60271262578e-14,-6.86131164905e-13,1.8761762841e-15,-2.16167255062e-15
-6.49304443545e-10,-2.70466270907e-11,4.96697070951e-15,-4.44584046498e-15,-6.11587063494e-16
1.0186076288e-10,1.1149228242e-11,8.75626492565e-15,-6.5511439047e-14,-1.08642595161e-15
1.23154819676e-10,4.04656386524e-12,1.07938328293e-16,7.12154914744e-16,-3.43035786375e-15
-2.16606857451e-10,-1.37447110984e-11,1.31813954351e-15,-3.24254986468e-14,4.31712549713e-16
4.66005134245e-35,1.62834149607e-35,7.77290760721e-36,8.09329754648e-35,1.17956194584e-35
2.8549957537e-12,3.17684312016e-12,1.28667371896e-11,1.18088247514e-11,2.37569588535e-06
4.25837455575e-11,1.82121158432e-11,2.46570923401e-11,7.3361299945e-14,-6.77321698728e-10
-1.8795132551e-13,-1.36088770461e-11,-2.83620626984e-11,-4.40945938345e-14,1.40844003127e-10
-2.39250902374e-24,-7.75031708145e-07,2.61397123103e-23,-1.50634793528e-09,2.80141443909e-06
1.11103870652e-20,9.64886330557e-12,-3.45205811621e-19,1.22178712377e-17,-1.77175033542e-14
1.97135223996e-35,2.72425443315e-10,-4.59053693495e-13,-1.06935294736e-30,-3.16730264238e-09
1.72980443967e-18,9.85375450398e-14,-8.73886704096e-18,2.82065114722e-17,-4.23424451968e-14
-6.09921426143e-17,-1.22942346407e-13,2.67055856333e-16,-2.48742424987e-17,3.59462046446e-14
3.45388745382e-10,2.07805595648e-11,9.67755389714e-11,-2.4847219551e-13,5.83460640913e-11
-6.5571376516e-36,-3.29657518372e-35,4.68248445827e-35,-4.55863883897e-35,4.73797003012e-35
8.76813274764e-11,2.43886213308e-11,9.77123503637e-12,-8.71782165771e-14,-7.08376326347e-12
5.23223555811e-35,7.72315118525e-08,-7.43949998635e-35,-1.04220560314e-35,6.04734795226e-12
6.85439881636e-05,1.73059945041e-07,-6.35466776856e-13,-1.2802166566e-05,-2.26286704744e-16
-1.16121036398e-10,-9.69723520233e-12,-6.15687778538e-11,1.03528845924e-13,8.22910587329e-13
7.42176141367e-18,1.43876837237e-29,2.19186928598e-21,-6.26712230268e-35,-5.02183255917e-13
1.33651182212e-33,-4.07705894985e-35,6.03234657866e-35,5.9368795626e-35,8.21170594858e-28
8.93979751337e-11,6.11512012902e-12,-1.17407070177e-10,-8.18716297014e-15,-1.95547111836e-09
8.56678686323e-11,8.07816487314e-12,1.99837108666e-11,-6.27625935164e-14,2.49766830482e-12
-1.4284369694e-11,-6.53854097601e-12,-8.81199696545e-11,2.03718284782e-14,-1.76968950605e-09
8.63445513976e-36,3.12769257615e-35,-2.99242692591e-35,2.28268002467e-35,-3.24249684736e-36
-6.79158802086e-07,-9.2393907209e-18,8.35343385575e-08,3.57987516963e-07,5.99797240284e-05
3.11448644652e-09,3.43148849179e-13,-6.34775841916e-14,-2.3793840162e-12,7.85982065023e-14
-1.40401190674e-09,-1.86206224051e-11,-7.54870256879e-15,1.19227371032e-12,-3.37971447703e-12
-1.329663879e-10,-6.60225346616e-13,-9.4426402461e-12,-2.4486891681e-11,4.78456784209e-17
-2.17464183609e-20,4.10353780376e-22,1.91502651564e-18,9.11007935934e-20,-1.80539332074e-17
6.83005495305e-35,-2.95712909201e-35,9.42999016974e-36,-9.39518796053e-35,2.1853087135e-35
-2.8028569379e-35,4.27543784665e-28,-1.26969163459e-17,-3.44730047878e-35,2.79343687601e-36
0.52745860815,0.998734176159,0.940655171871,-0.50290876627,0.143052250147
-5.36676237262e-17,-3.94658048448e-21,7.90653507843e-17,1.60326855342e-18,-2.89828204771e-18
3.44781343233e-12,-2.22886674259e-14,4.3952046321e-13,-4.49186925177e-14,1.90097648733e-09
-0.000130807253299,-1.78633052361e-12,5.88680317397e-15,-1.99978165804e-16,-4.08316572336e-35
-6.7139521198e-28,2.28058488808e-28,-7.27716548893e-23,-1.62454044517e-28,-4.10152510564e-17
7.26017137807e-36,-4.51044861183e-11,-1.55990029921e-11,1.55190676678e-15,5.68447919012e-15
-6.3377340417e-35,2.26867310261e-35,-3.73678260785e-35,-5.99622193831e-35,-3.75787033366e-35
1.45929768269e-10,-4.77568136148e-08,-9.97844644647e-34,-1.80013853066e-31,5.81851709285e-05
2.60887660954e-23,2.63367001818e-11,1.4155067396e-10,5.32165233688e-35,-1.11421094573e-10
2.03402160566e-12,4.43815753733e-14,5.91435808748e-13,-1.74168812731e-24,4.15132419092e-18
2.02013554251e-36,-9.25799606076e-35,4.26818870637e-35,3.10139490785e-35,-9.52846436782e-36
-7.59034610248e-35,6.04138204354e-35,-1.13137930285e-26,3.02998806282e-28,6.07073439003e-35
5.74976531315e-35,4.46335721582e-35,-5.94813572457e-35,7.15089029449e-35,5.6481912366e-35
6.38174801892e-09,-5.82265686837e-35,5.94541681992e-35,-7.02815823098e-24,7.42531591769e-11
-1.12961322215e-34,-1.09975474728e-34,5.4804531289e-35,-2.70331529567e-35,-6.15438963937e-35
-4.85172665921e-35,1.01527148615e-34,-3.32270293283e-27,6.48839820875e-35,-8.41573369541e-35
1.02562296391,-0.817481398582,1.46027636528,-0.452247172594,0.429495364428
5.58839427519e-35,4.80456654906e-35,2.58435991654e-35,3.64475770098e-35,-6.3513549677e-35
5.69899750293e-35,-1.72712147765e-35,4.68544385714e-35,4.66399711194e-35,-5.78879597299e-35
-6.15006656712e-11,7.77815398895e-12,9.79152176006e-11,-7.18386260852e-14,-4.78985295871e-10
-1.68625462119e-18,8.82489010236e-19,-1.45761118692e-21,4.58489405228e-15,3.65885301086e-19
-5.96812252396e-11,-6.02353236734e-11,-1.16288760305e-12,2.18497659202e-12,1.98036916726e-11
3.17817411277e-10,-1.9618513758e-10,-1.62084039766e-12,1.77746001511e-12,4.35623065398e-11
1.22126198043e-10,-1.50246537434e-10,-1.01100941854e-12,2.81729570228e-11,1.97299641902e-11
-1.45048764666e-10,1.58433613451e-10,5.72015742065e-13,-6.15624698029e-14,-1.96190442364e-11
1.19379492403e-10,-5.51828652218e-11,-2.36660436257e-13,2.75564212291e-13,9.1966816107e-12
-7.36122066081e-11,6.26650731306e-10,1.25171167919e-13,-3.18646096922e-13,-1.37609168852e-11
4.06271023767e-11,2.25647445173e-10,2.16171264916e-13,-2.53628417097e-13,-1.85321441352e-12
1.36621236546e-09,7.87260756585e-10,3.6974657819e-13,-4.36466618056e-13,-3.68725622951e-12
8.05710331786e-10,3.48951617601e-10,1.9187654395e-13,-3.5334495746e-13,2.30572397113e-12
3.0846644683e-11,1.94670324305e-09,3.16450052198e-14,-8.43782725982e-13,6.54269693978e-11
3.19563819851e-09,-3.51496076689e-08,-4.00288336548e-13,5.51062898113e-14,3.32266686387e-10
-1.05319644662e-34,5.72701237137e-19,-6.03873316345e-35,-5.5582957653e-35,3.45184145708e-35
5.87133140325e-35,-1.71935575721e-14,-4.42216265279e-29,6.0207517733e-35,-3.20274226552e-35
1.36261599226e-10,8.20399564255e-12,-4.38203501263e-11,4.72821380573e-13,7.80078557305e-10
2.78549744625e-35,-9.13145306074e-35,-5.12918522595e-35,7.21711200981e-36,3.99186430801e-35
-3.39032258012e-36,5.12744723919e-35,4.01596710795e-35,-5.28219349404e-35,5.77155385859e-35
-1.27904342673e-09,-1.95000330987e-12,5.1340052679e-14,1.11675415009e-12,1.4853131e-14
3.54479663125e-14,1.1387463238e-12,1.98032210205e-13,6.25268662801e-13,3.00857810887e-11
-2.23306620489e-15,1.23761366281e-13,-4.65576470605e-13,2.43936747429e-14,-6.6105568285e-14
-1.42556164596e-19,-3.63764461694e-19,-1.30612848659e-21,-5.62709241073e-21,-5.53971922126e-17
-2.15267615186e-19,-1.73698881348e-19,-8.93459872773e-22,-4.3941821311e-21,-3.95949587835e-17
8.49853451501e-11,1.08369449482e-13,-2.91075757247e-15,-4.67786481209e-14,-9.12543428307e-16
-1.93055614501e-21,-9.84060733605e-35,1.90216825771e-16,-6.14382855731e-35,-3.73224392544e-35
-1.87133669671e-10,9.79316522082e-14,2.55752408116e-15,2.34604511111e-14,7.69078718408e-17
5.09936566638e-35,3.99728690707e-35,5.35625652581e-35,-8.82186412376e-35,-3.97629503456e-35
-4.72125482188e-35,-2.63721497539e-35,4.60092478016e-35,4.59727862398e-35,6.20042562565e-35
-3.77942631618e-13,-2.46374660358e-28,2.75167041521e-35,5.14508556129e-23,-4.03536249388e-28
-6.40791702375e-35,-4.13058153797e-35,5.85565451008e-35,-4.942550243e-35,1.98633290528e-35
-8.46412641011e-35,-2.44538949324e-36,-9.58581778756e-37,-1.05797751734e-34,-1.497476775e-36
2.25357906647e-16,2.32633768083e-19,1.3786546774e-13,1.13601652174e-06,2.54476333339e-07
-3.98920805243e-13,-8.37721221289e-31,-5.11323512218e-35,7.84996054765e-23,-1.99387521208e-27
1.11291249653e-12,9.17948706971e-29,4.51960014353e-35,-1.10410497005e-21,1.36819342067e-26
5.99094605929e-20,-1.33125502666e-20,1.05210739243e-34,-8.26111519982e-29,2.1091667844e-34
-3.91618439066e-11,-7.74675979791e-30,-9.89556743667e-36,3.1837254834e-22,-4.7442121803e-27
2.06716599394e-09,-3.42196583569e-11,-1.64308323891e-11,-1.77103308147e-12,-9.63538762666e-11
2.53804838257e-10,2.1752270124e-11,7.38612157547e-11,-1.41125501042e-13,3.48725458232e-11
3.80874803918e-10,3.45564132864e-11,9.38152958097e-11,-1.73059225912e-13,3.81942437747e-12
-3.43650822292e-16,3.93017771105e-11,1.29936548175e-15,-1.98744709926e-12,-1.12778493142e-12
1.77027428853e-34,-2.14592042076e-30,-1.12823268769e-25,-7.6681433951e-36,7.44030182502e-35
1.06239120962e-13,-1.4894728788e-13,-1.10468969042e-11,-4.64263339144e-13,3.88484001912e-11
2.19324612725e-13,-9.51516903464e-12,5.79715572421e-12,-9.29581661212e-14,2.56033319546e-11
-1.88928435613e-13,5.11562840699e-11,-2.57970186011e-13,-3.74550786436e-14,-1.22722221274e-10
5.08606311838e-15,-1.17633569552e-10,-7.0185857282e-15,4.11208068464e-13,1.29348983781e-12
-2.79717117524e-11,4.02477010053e-12,9.71453820164e-13,9.18717250713e-13,3.51798939372e-13
-1.21661903642e-13,9.47471441581e-12,8.01568392824e-13,4.32323007417e-14,-4.32130503256e-12
-4.9137322683e-11,1.56167347662e-22,2.28475308839e-17,2.89410799094e-19,-5.34904978873e-17
7.74508691848e-07,-3.14675174806e-10,6.24455511172e-13,-5.97654758528e-15,6.83490064546e-09
4.84827076489e-13,1.7156354191e-14,1.94931120941e-13,-5.56759987506e-13,4.26081652599e-12
0.849379658699,-1.35895466805,1.36485862732,1.30688714981,0.696977198124
4.74705543055e-35,-2.00108398185e-35,2.04573124323e-35,-1.40031424609e-35,-2.76786790085e-35
5.09325171822e-35,3.58215946996e-35,4.82475629591e-35,-2.8714913439e-35,5.20230063019e-35
1.3559158015e-35,2.36362741831e-35,-1.41123492152e-35,-1.34119830229e-35,1.58808311044e-35
-4.57896002537e-35,2.22993459444e-35,-5.13157581871e-35,5.93067090909e-35,-9.27673394581e-36
-1.37666072262e-35,2.12884622901e-23,-3.52979716593e-35,9.87462258744e-25,4.26568504116e-35
2.69296428555e-27,-1.2217398317e-12,5.94606253825e-35,2.23631182339e-14,-5.67863068577e-35
-1.52959205076e-27,1.60527255551e-12,-2.45950066295e-35,-1.30678573431e-12,2.05038041523e-35
-1.89290444257e-20,1.44582552927e-22,1.86661866542e-18,8.25102709005e-20,-9.85095214841e-17
-1.20119447722e-09,-1.64058187608e-12,5.78596754384e-14,9.06209786031e-13,2.1583864863e-14
8.31933549827e-11,5.37993564628e-12,2.90318567797e-11,-2.74224307812e-14,-2.49814480213e-09
1.43281541671e-15,-4.21857583588e-11,-5.96381233904e-16,4.71354014576e-14,5.67136181767e-13
6.45910498137e-35,4.97422545357e-35,2.24204956179e-35,2.98097267191e-36,4.3770731754e-35
0.0727432593703,1.74983179569,0.00831734295934,1.0479593277,0.998935043812
-1.96989191674e-17,-1.89420596603e-18,7.48122179273e-20,5.54558172318e-23,-1.88538928052e-19
2.5667775197e-11,-8.12571892077e-20,-4.57105230649e-23,-1.52956701395e-14,-2.98435763713e-24
1.9525875708e-11,2.69404225491e-12,-1.80390199306e-11,6.49198916847e-10,-9.76083797122e-12
-3.12251563704e-35,2.78826169469e-35,3.17008814596e-35,-6.50166269823e-35,8.12909961466e-35
3.17341790866e-12,-3.06482473406e-14,2.82519528605e-11,1.49281910618e-12,-4.16155269967e-11
-5.3030600744e-11,-5.80125617683e-12,2.49232119387e-08,9.22514342694e-10,-5.73318059693e-11
1.75858763665e-17,-3.78493595369e-17,2.88966882378e-14,5.87527145567e-16,-2.27729201853e-16
-1.19436932566e-10,-1.40622191669e-09,2.40749227487e-06,9.36950783625e-08,2.10706539022e-11
-2.51202079971e-11,-2.47202360606e-20,-4.16133278291e-23,3.09597047434e-14,6.03002372943e-23
-3.3863176165e-17,-2.93688335834e-21,-3.86700993318e-35,-5.71832543104e-35,3.35881439536e-35
-1.41862965819e-10,-1.13781961283e-11,-2.58115074453e-11,1.79324938687e-13,-1.15093801156e-09
-4.25525059633e-10,-2.54322483212e-11,-2.91199495073e-11,2.27573033118e-13,6.72911270976e-13
-1.10448955537e-10,5.60631890304e-13,-3.47225616315e-11,9.57737714006e-14,-3.91407711797e-10
-1.97094441462e-11,1.1350822219e-13,5.17094234185e-13,-2.04300238768e-15,4.5001194611e-12
1.24381560607e-10,2.4495717954e-11,8.98693411355e-11,-1.49491828421e-14,-4.91894525112e-10
2.81543094394e-10,2.19726806194e-11,1.20716698859e-08,-2.24938570916e-13,1.01406338882e-09
-7.64563150164e-36,1.05744455578e-35,-3.71775839121e-33,-4.09926821665e-35,5.20010977963e-35
-5.23762409768e-33,-2.12179611695e-29,3.7648797293e-19,5.05234589234e-35,2.2056951892e-35
4.14508322377e-35,1.72403181942e-27,-2.01798878841e-19,-3.34454143734e-35,-3.42199463384e-35
-4.98089787633e-35,-4.97711884567e-35,4.51844588613e-35,5.62016132126e-35,-4.10807552772e-35
2.67467151743e-35,-1.75069737143e-35,3.25038896031e-36,-2.47347687752e-35,-4.4292503735e-35
-2.85806727818e-28,-7.80052942856e-35,-7.43121814651e-35,-1.93309462176e-18,5.23721132008e-35
-5.76073334125e-35,8.94611984595e-35,8.3265683163e-35,-5.27217825922e-35,1.54111786373e-35
5.74545076675e-35,4.38097474906e-35,-4.63529909336e-35,1.08205137054e-16,3.48360821616e-35
-3.21500460015e-35,2.1928145434e-35,-3.96288848705e-35,-7.57556489522e-17,-3.86354888292e-35
9.01908142573e-35,-8.39285603025e-28,7.4634075212e-21,7.2671442751e-35,-2.29412080543e-19
1.16451587643e-34,3.35960590254e-35,5.4605173646e-35,-7.53463817476e-29,3.79421652715e-35
6.48448372073e-35,-2.04232709066e-15,-2.94601829966e-31,2.84057836795e-35,-4.71377855153e-35
-5.99008216142e-36,-2.01383677542e-35,2.4194108098e-36,4.89164812336e-35,-3.08135390466e-31
-2.92858834172e-35,2.59658424317e-20,3.26487070059e-35,4.90673439949e-35,3.9053076073e-16
-3.4286631823e-36,-4.49735787334e-35,6.77035384494e-35,-3.37444852762e-35,-5.16468940274e-35
2.50084610139e-12,1.03570644341e-29,2.1263150257e-35,7.33441773177e-22,-5.58541543177e-28
1.33167077625e-12,-5.38043362213e-30,-9.50599695718e-36,-5.95747917182e-21,-1.8661154907e-26
3.66736317963e-13,-8.46708994671e-30,5.70303130536e-36,8.12375048941e-20,7.20256276151e-27
-4.20483960151e-13,-1.30599058664e-30,2.95419867872e-36,-4.16601728382e-20,-6.16019670513e-27
-6.07402192779e-12,-1.57863192519e-30,-5.43662801044e-36,-1.45799549471e-21,5.1952037287e-27
-6.00052342883e-13,-2.30896289781e-31,9.48992718028e-36,7.6432603355e-21,4.06742130803e-25
4.44636236435e-21,-7.28377361896e-23,-2.13133714095e-18,-5.5959673168e-20,2.07485600796e-18
3.85042553397e-11,1.20238249912e-10,-9.14529324399e-35,7.91177382521e-20,4.46818833689e-35
-5.98749728183e-13,5.15619547059e-10,-3.95106268598e-15,1.38658558941e-27,-7.42067064718e-23
-8.82204348996e-36,4.07404760653e-35,-1.40153946628e-15,-1.28648261725e-32,1.23029455019e-24
5.45668954632e-35,5.00597585445e-35,-6.4402063842e-35,-5.83329256677e-35,5.26862307757e-35
-2.00647623516e-10,-3.23211561681e-11,-8.02287125623e-11,5.92233185236e-13,-6.3525462668e-10
5.72452066096e-31,-1.60518804557e-35,-9.53833309633e-36,5.00492376404e-35,5.33211217031e-34
-1.22843878086e-16,-4.19760879776e-20,1.74613414738e-22,-2.87522655948e-19,-9.36607883423e-21
-1.92010702866e-35,3.07199348677e-35,9.59415616363e-36,9.1412005377e-36,4.74840541234e-35
2.1279646208e-35,-3.70116736751e-35,-3.0134110498e-35,-5.00845713476e-35,-9.34619085347e-35
-5.47159961309e-35,1.46253647964e-33,-2.4633842306e-17,-5.79299974283e-35,7.90295361918e-29
3.14038969445e-35,-4.00584138354e-35,-4.57522404259e-35,-5.14681247547e-35,-3.44328841554e-35
4.71674340313e-35,-2.27502438812e-35,-1.04801371039e-34,-6.09208901275e-35,5.31317936442e-35
-2.10744197028e-35,3.0829994651e-29,4.21710980341e-35,2.69974863459e-35,-5.55795712191e-35
2.18091350535e-10,1.99896028619e-08,1.52615503618e-28,-5.54845616586e-35,-3.32819385806e-35
7.48396247475e-20,9.95299467843e-11,3.19601681701e-18,-2.30230331327e-12,-3.39681685557e-11
-3.43691135766e-16,1.15725974581e-07,2.32290520152e-09,-1.27465042726e-19,-1.1398232858e-17
-5.47583609933e-35,5.493378899e-27,5.17952772303e-36,6.33645810228e-35,-5.52455827387e-35
-9.05632392864e-21,3.19645227105e-22,1.49835227324e-18,7.76261571243e-20,-2.04579053559e-17
-2.38304101172e-35,-4.61953667839e-35,4.99938149185e-35,5.42903558254e-35,4.80172522715e-29
-7.78140181663e-35,-4.26690157449e-35,4.37641396873e-35,2.46040552957e-35,-1.47124755285e-35
-3.03974286942e-35,-2.57968893361e-35,-6.13941656426e-32,-1.43255539291e-35,4.23415246259e-35
-5.25901364084e-35,-4.79293529649e-35,-5.91702243245e-35,-5.44608254652e-35,3.8939780006e-35
1.39950993017e-08,5.79206183016e-10,4.46327138659e-13,-7.32467404329e-14,4.21035706299e-11
-5.1262642832e-35,2.57315541203e-35,6.21388385191e-10,2.50429722532e-13,-3.95588954803e-22
-2.13521976849e-35,-3.51167457871e-36,1.74678779752e-23,-5.0426590632e-29,4.76015691202e-35
6.1276896168e-35,-7.3126068635e-35,-7.40365257439e-35,7.4347744761e-35,5.60772162933e-35
2.2075099447e-35,8.2050309248e-35,-1.17533868966e-34,9.49804945594e-35,7.74321676082e-36
-1.25718015925e-35,2.86045874396e-35,6.80604456258e-35,2.18344129609e-35,-6.03688497409e-35
-1.70573098169e-36,8.09217303108e-24,-3.62715197541e-35,2.494999387e-35,6.15000369086e-34
2.30011571108e-35,-5.80794582634e-37,5.5925700639e-37,-1.45758707428e-20,-2.98183743225e-35
-8.18124810519e-13,-7.98389285049e-15,-9.10413102328e-14,-1.70643523183e-12,8.93129754181e-12
-1.24638716015e-10,-1.28942386282e-11,-6.82591067003e-11,-4.61853828565e-14,-4.96940155692e-10
-1.57018115957e-12,-7.0964305543e-09,-1.14977402599e-10,5.23137366759e-10,7.28507694708e-14
-6.20245590999e-11,-3.6648975521e-11,-1.72083081118e-09,6.56356496931e-11,8.04211874232e-15
1.47586429189e-10,1.40154016864e-11,3.187718145e-11,-3.36447314236e-13,-3.6777791923e-10
5.95130116977e-24,-1.38761748056e-17,-6.10041006458e-22,-6.1150679758e-35,1.30333200623e-22
2.2019570195e-11,2.01585449722e-11,4.64078081519e-11,-1.3772469764e-13,5.13483422449e-10
-1.98168648158e-10,-1.30319054159e-11,-6.20294302034e-11,4.38756561465e-13,-1.77803127777e-09
1.68617862728e-11,-7.69513914937e-14,2.02341449151e-10,6.62624555919e-12,-2.0725283989e-10
2.72530420936e-20,5.01073347913e-20,1.52037016679e-18,-8.44992783822e-20,-3.64456656997e-24
1.52803922293e-10,8.26252607999e-12,-1.15945003598e-10,-9.11136265177e-14,-3.2372410308e-11
-1.26362836361,-0.25622138381,0.205231204629,0.678979814053,-0.416547507048
1.91139794964e-11,2.8356430537e-09,8.48238979057e-11,-6.51284988397e-14,-4.04200867221e-10
2.93793239736e-10,2.35148810146e-11,1.83461884573e-10,-3.64110190566e-13,9.95844962048e-10
-8.74464649997e-12,-3.46935986884e-11,-3.35934145085e-12,9.87693203592e-14,5.57551449454e-10
-3.2402089345e-10,-1.81235217805e-11,-8.136168822e-11,3.09497138204e-13,2.03693329565e-11
7.10567845882e-12,1.62594352045e-12,5.75368095182e-12,-2.4374164186e-14,-1.94595045373e-13
-1.27549760417e-33,-2.7363787467e-06,-4.86272817568e-08,-1.13388978207e-05,2.89552326649e-06
-1.23793642004e-10,-1.44928131995e-11,-1.285081902e-10,1.24058627412e-13,-1.57440269155e-10
-1.63467914975e-35,6.4254294789e-35,-3.91477988842e-35,1.03098316201e-34,7.12541168402e-35
1.53932502662e-27,1.75244960647e-32,-2.19494168308e-35,8.81271218117e-31,6.99147917131e-21
-1.13109820121e-10,1.11870441296e-12,1.00963432059e-10,6.28964892321e-12,1.78047868116e-10
7.76031527791e-21,-5.41135700229e-21,2.80200427317e-19,2.40446750694e-20,-3.84845728292e-19
1.21380043603e-12,2.34491815071e-13,-2.67324031834e-12,-2.64944750167e-13,-5.21713445015e-12
1.41486739617e-20,2.51496591208e-21,2.78289407457e-19,4.2056954576e-20,-1.88535671029e-19
2.91251641945e-13,1.01996285495e-13,-2.26134805326e-11,-1.79245832586e-12,6.47422115918e-10
1.501920463e-11,-1.50196915587e-14,1.46406168439e-11,1.25402496005e-13,-6.56691701018e-10
6.56353920866e-12,-2.99166175502e-14,4.0792716427e-12,-3.213976123e-13,2.61835053639e-10
-6.60585638231e-35,6.98753962761e-35,-7.43208312209e-35,-3.55495607408e-35,-3.9517522852e-35
5.90880487746e-35,9.47546079375e-35,6.99376148248e-35,4.66633719517e-35,4.54223874127e-35
-4.19326622036e-11,2.74502995204e-13,-3.20339310633e-11,-1.09952086498e-12,1.00077213183e-09
-3.60935001505e-12,2.03425359613e-15,-2.4731350301e-10,-6.30351283323e-12,1.03555020114e-09
2.0815457953e-35,-2.4740727779e-29,-1.17185139559e-24,-6.71321121885e-19,-6.76473466052e-35
-5.36444079043e-35,8.07952480493e-36,5.40365799112e-35,4.31419972487e-35,-1.32398312256e-24
1.83786044974e-35,-6.08923063293e-35,5.94720187237e-35,5.42249000755e-35,8.08549830218e-34
-4.54294128282e-36,5.16617828572e-35,-6.68403852306e-36,5.95624881669e-35,7.74486276859e-35
-7.04496493733e-35,-5.11461609846e-35,2.65844016746e-35,3.37302651236e-35,-5.12527245984e-35
3.04593372981e-36,-4.30105806537e-35,1.08923986996e-35,-4.12008818459e-35,-3.12535823263e-35
-1.08392298694e-24,1.87909798832e-09,-7.15440357619e-35,3.56495093291e-35,-3.51819922556e-22
-4.78832147544e-11,-8.61001200891e-12,1.08763069662e-08,5.32298372047e-10,1.87034540633e-10
3.88211685021e-11,-3.96088890853e-12,-1.30446959901e-08,-6.93688440023e-10,4.24943080723e-10
-0.910521328449,-0.992775142193,-0.55610024929,-1.06093811989,-0.542591929436
-2.02490227252e-07,-1.1679739842e-08,-6.42744950596e-08,8.11180289606e-11,-3.86071896674e-10
5.95615755516e-35,-9.55534103022e-35,-2.10031166147e-35,-2.02657837654e-35,4.86946583324e-35
1.91333741283e-18,-4.48370342978e-21,-6.10248231761e-20,-1.42294662431e-20,1.33989674943e-15
-4.9510825254e-18,4.04059053045e-20,5.3935022603e-20,3.83891678853e-20,2.90277871784e-21
8.53515866382e-14,-1.87212468835e-13,-3.04947768426e-11,-1.43850166154e-12,1.46546552671e-10
5.43653338493e-13,2.76931862858e-12,2.21398906153e-11,1.78272570317e-11,2.79810619119e-09
7.41996603049e-11,-4.13073275671e-13,-3.38649490395e-11,-3.85187758425e-12,8.79650075003e-10
1.81691019019e-34,-1.95198053504e-26,5.62772512231e-35,2.04245055492e-26,1.41134627206e-35
1.26088588741e-21,-3.5966319136e-15,-3.179489679e-24,-1.08722269198e-14,-1.00521458097e-34
-4.38822917929e-35,-5.11467923536e-35,-4.60827994245e-35,6.12947753912e-35,-6.32543726876e-35
1.09549176693,-0.291890978813,0.0812674239278,-0.596961259842,0.560704350471
1.02482456731e-16,1.82549496768e-18,6.17768987876e-17,-8.58340280046e-21,-9.132790301e-18
7.09544863148e-35,4.92515143428e-35,6.15333927088e-35,-5.48140821806e-35,-5.60463208235e-36
-9.33482943721e-11,7.72072347461e-13,3.83521374381e-11,4.5369519773e-12,-1.91879165334e-10
-1.58572613373e-10,1.29695212903e-10,1.01418824727e-10,3.56890038355e-11,2.36923618502e-08
-2.71581868105e-10,4.74240691162e-09,-5.73330396492e-08,-4.97669150334e-09,-5.8550136961e-10
-2.70789835e-10,1.70410116573e-10,-1.69893543678e-09,-1.35787825428e-10,-3.69745067896e-10
-5.87764836801e-11,6.70043048823e-11,-8.43152880847e-10,-6.33865876454e-11,9.11874395437e-11
-5.10415910926e-11,-3.53446820422e-11,3.86653847828e-10,5.35973591897e-11,-6.67508756602e-11
-6.64860944077e-11,2.83460512007e-11,-2.3950949557e-10,-2.70417906817e-11,-3.38450489856e-10
-8.16338108223e-11,4.88755043382e-12,-6.91304583023e-11,-5.83277783711e-13,2.30508515053e-10
-1.06868347505e-10,-2.03354555417e-11,2.26390378666e-10,2.51398346585e-11,1.15922338395e-09
-1.17392470744e-10,2.642867869e-11,3.48484407997e-10,6.50226678056e-11,4.35306795055e-08
-2.05011337767e-11,2.29359088146e-12,-6.65303437342e-11,1.13331197725e-12,4.90266161002e-10
-2.36886760208e-10,-8.38910646679e-13,-1.62918931818e-11,1.28122252391e-11,4.88712570412e-10
-1.41099302381e-11,2.51728737681e-12,-2.67989630487e-10,-1.51833094708e-11,-1.04430530889e-09
-9.12062231295e-11,8.36592461972e-11,-1.22093162247e-08,-5.30198773774e-10,-3.32839894535e-10
2.57660032199e-10,-2.98556795605e-12,1.61097871154e-10,8.14193417548e-12,-4.46188398728e-12
2.84929545236e-11,2.23238094677e-12,3.85663688485e-11,4.21699567626e-13,2.8706821642e-11
-4.33344540807e-11,9.20619266584e-13,-6.23018650558e-11,-2.06466679691e-12,1.44817734193e-11
2.99688008784e-12,-1.00752544328e-12,7.6467006338e-11,3.63058194619e-12,-1.44534065272e-10
-7.56425339032e-11,-1.16129657973e-11,1.2944686989e-10,1.55685186964e-11,2.54453846882e-10
2.22457816057e-11,-8.98309855321e-13,8.58986076713e-11,3.36987339075e-12,-1.02416811143e-10
-3.7236679018e-11,-1.03609633893e-12,8.38817904025e-11,7.20385123082e-12,-3.14628684217e-10
-9.62900037482e-11,1.69730126221e-12,-7.63981031215e-11,-2.27892086712e-13,-4.00268346246e-10
-1.85276932685e-10,1.3569944864e-12,6.04654382119e-11,1.0094078351e-11,-1.13089621001e-10
-5.56162227383e-10,3.9075743509e-12,-1.43175693523e-10,6.38776097989e-12,-7.1865824923e-12
-4.32250790716e-10,4.32682535634e-11,-7.39414574014e-09,-3.09193420867e-10,-8.07510100453e-11
-4.66795324616e-10,2.05638145401e-11,-4.98213070799e-09,-1.95599911268e-10,6.82183615153e-11
-1.35362970832e-10,4.74312915333e-11,-1.03184714106e-08,-4.8208043113e-10,-3.19124809911e-10
8.22749368634e-11,-5.13491645038e-11,7.70170416331e-09,3.10392933578e-10,-2.08162289489e-11
-5.00909591583e-10,-3.83708967377e-11,-5.55611875952e-11,3.27470264244e-15,1.99240757226e-09
-1.01317398274e-19,5.62751165559e-21,1.70449056743e-19,1.74221523786e-21,4.68212847154e-17
2.61402843815e-10,-1.32697986713e-12,1.80644318948e-10,2.34591859827e-12,6.093626298e-11
-1.40193623377e-09,1.03660092662e-11,1.72586708813e-10,3.80779956177e-11,1.07920991588e-10
1.05337983062e-35,-3.04553510635e-35,5.81781419612e-36,5.73739507182e-35,-1.5663333081e-37
7.21929843945e-23,-2.26730389276e-35,-2.27348872644e-35,1.03925825768e-35,6.28400088997e-24
1.96021476828e-10,3.51231856099e-11,7.39741809475e-11,-4.56212368908e-15,-2.32957458879e-10
-4.83232238946e-11,1.58846460291e-11,-4.25156160277e-11,-6.64883797433e-14,-1.09893794065e-09
-0.560915529728,-1.25685608387,-0.0984096080065,-0.882562279701,-0.607455849648
-1.72216480024e-35,4.66639746222e-35,-4.7342776692e-36,-7.99943994749e-35,-3.34068721636e-35
-7.20175338403e-35,2.48279387559e-35,2.88845709085e-35,-4.35307483834e-35,-5.20822775051e-36
4.6872756883e-35,2.75109787829e-35,5.03448733217e-35,-2.75824784564e-35,2.20691157905e-35
1.01382840612e-34,5.51272584416e-35,3.66514288524e-35,5.32017034156e-35,5.40086791395e-35
-8.98885306466e-12,3.34485318238e-19,2.06030904693e-22,-7.98946073687e-14,-7.50996654621e-23
-3.32231664659e-20,2.08408028563e-25,5.98668341717e-29,-1.91631039921e-16,-3.57651096356e-30
-5.01378531545e-35,-7.87881976301e-36,-5.40096434122e-35,-5.10651907756e-35,-5.31039617491e-35
-1.28506760788e-09,-1.48421486301e-06,4.77452195732e-25,-5.92932437113e-35,-1.97780715958e-13
1.22132686408e-35,-7.56268582501e-35,-4.48522468238e-35,-1.67346113629e-35,-3.47683649626e-35
2.58535820107e-30,1.02920665856e-27,9.27357235861e-30,2.19523805115e-31,-4.26863433349e-25
-1.7027497145e-34,7.44183212581e-33,3.74094671623e-34,5.44527439415e-35,1.70742299331e-34
6.52189867343e-21,4.18880066719e-22,-5.35631516033e-21,2.77351907487e-22,8.71813388169e-21
-7.64639053557e-21,1.74211797951e-20,6.06915501686e-21,-2.27413629551e-22,-2.26848062982e-21
-2.61667223586e-35,-1.15397786804e-35,6.94349302777e-35,4.69608156444e-35,-1.58835804296e-36
7.84754691785e-11,-1.72498473838e-11,-5.05194150402e-11,5.69022630867e-15,-3.91363580432e-10
1.02950323299e-34,5.84554916168e-35,6.14632763075e-35,3.54400153432e-35,-2.07255840056e-35
-0.0995232537389,0.832151710987,-0.0204955693334,0.817073404789,0.325011521578
2.58503318552e-35,2.18002903343e-35,1.80890285239e-35,2.62288289827e-35,9.52607581266e-34
-2.70347026807e-35,-4.11507712334e-35,-8.91789191032e-35,-2.47052494029e-35,6.86986334475e-36
-3.30517270808e-35,-2.17733882737e-35,-9.63033576179e-36,3.52690033e-35,-5.29684469951e-35
3.47217699277e-35,2.96797974286e-35,8.50570780085e-35,-5.00653088523e-35,5.23452570579e-35
1.23140516881e-11,2.77745070915e-19,-5.64288396717e-19,-3.22873230783e-21,-4.10779836068e-18
3.49543970157e-11,2.34467756854e-06,8.31477187178e-17,-4.45588423425e-18,5.08597547758e-12
-6.76531666798e-35,-4.71625897089e-35,1.74471801967e-35,-1.30138991059e-35,1.02428192586e-34
-1.9856002953e-10,-5.54141411577e-12,-3.7512541684e-11,7.13762138586e-14,-6.62458865541e-10
1.18191793158e-11,1.4743155698e-12,-1.19314011796e-11,5.49601867923e-13,1.02862510176e-11
-8.73636163412e-10,-8.48939113451e-11,-2.66095340207e-10,4.45749367322e-13,1.408331958e-11
-3.32881222587e-10,-4.24022900125e-11,7.78342945651e-11,4.91955001042e-13,2.24591907572e-11
-1.52076781723e-10,-2.24618934563e-11,1.05606613732e-10,3.71188268924e-13,1.11329044941e-11
-8.15987166725e-10,-9.12802680664e-11,-3.84233450612e-10,3.11649415042e-13,1.21844635076e-11
-3.18222698192e-10,-1.4677051241e-11,-1.64030095062e-10,-1.66786723321e-12,-9.18166653818e-10
-5.81217921014e-11,-2.02268844035e-11,-3.06714709186e-10,-2.75975287544e-13,-1.57372892495e-10
-7.23076654108e-10,-1.48006273903e-10,-5.2247584037e-10,3.17535575741e-13,-2.37315913448e-11
-3.85588921903e-11,-2.91643055192e-12,7.51054982095e-11,5.77751076689e-14,2.00827306174e-11
-1.49687555834e-22,-2.14455288351e-24,-1.00452068557e-24,-3.78897843016e-26,-5.87582490586e-26
-1.37614281082e-10,-1.33305189803e-11,-1.08962450174e-10,1.30051256765e-13,-2.15383158357e-12
1.49508405656e-10,1.05872012546e-11,-1.46308531956e-09,1.66095557989e-13,1.33074509745e-10
-1.01420494225e-09,-1.02122449386e-10,-3.8160563598e-10,-5.36982893047e-13,-3.86517866324e-11
5.07825205498e-11,2.94340723669e-12,2.63502952097e-11,-2.02471248995e-14,4.4714817786e-12
1.38944442458e-33,1.63940164284e-28,-4.11501656931e-35,4.86080666999e-20,-7.26228122686e-27
4.48415332643e-10,-9.36126037798e-11,3.50383513436e-14,5.62545290298e-13,6.03785910158e-11
0.404241979122,1.44463717937,0.218440517783,0.926611602306,-0.252998411655
8.18189813729e-35,-7.24182723771e-36,-5.50339593172e-35,2.50286911505e-35,-3.70226881949e-35
-1.05827518263e-30,-3.06723468615e-35,-8.15451576179e-23,-5.8405065723e-13,1.65918479523e-26
1.52512680776e-30,1.83134586923e-35,-9.93051570341e-21,-7.94819776401e-13,1.55576643094e-24
8.33673683908e-29,-1.06816398232e-35,2.218576153e-21,9.78835415499e-12,2.34692282279e-27
1.09755350641e-10,1.13536983634e-11,1.39677878153e-08,-5.67148087662e-14,-5.08360464835e-10
1.19630703265e-21,5.45466916541e-35,-3.56537006269e-24,-5.15386945937e-35,-6.10584252624e-35
4.03985531416e-36,1.9311272882e-35,2.52955163147e-35,-1.81013961823e-35,2.37123699362e-35
3.87670601782e-17,2.26003139814e-11,-1.14386507586e-24,-2.69060354108e-35,-1.17363537079e-34
-5.4831771993e-35,-6.34471066955e-35,-5.99863606391e-35,6.1116097954e-35,7.87142298776e-35
-6.73198669657e-36,3.28797880731e-35,1.76684707391e-35,2.80686527032e-35,3.2224338048e-35
2.44482494463e-17,-7.91539338663e-20,2.72661028074e-32,5.88122266016e-35,-7.63221620106e-35
-1.16759678514e-35,-1.56447048246e-35,-1.55645195221e-35,4.64740423313e-26,6.3519298005e-36
1.20311316465e-10,1.72673225544e-12,2.43575860572e-14,-7.41229655237e-14,1.50485180355e-17
1.72917907548e-07,1.18055183684e-11,4.37186526605e-16,-9.99497251457e-13,1.31123866021e-15
-3.29616028916e-10,2.63119522914e-13,3.45504413924e-13,5.47148752087e-13,5.53427653165e-15
1.65445629419e-10,1.82322676379e-13,-1.50090218032e-10,1.18533774376e-12,-7.14440315515e-16
-6.71452867265e-12,-1.75901955728e-15,5.02414720938e-10,-4.45052371014e-15,1.42940976771e-18
-7.10012382221e-10,-3.44866279631e-14,-4.67350949607e-11,-2.12293476933e-15,6.22556312214e-18
2.48187664864e-10,3.32647104306e-13,1.70869240979e-09,4.53842243666e-15,1.90557597714e-17
1.56874999102e-10,4.17698373719e-15,-8.9576963902e-11,7.76572564477e-16,-2.14710258304e-18
-1.966007337e-19,9.3786266956e-22,1.19158488025e-15,4.48509202692e-23,6.70911223859e-26
-5.05962041158e-35,-5.21231758693e-35,3.79935099234e-35,5.18207960188e-35,-3.66454365863e-35
1.81059375826e-10,-1.14693963962e-12,3.28225190083e-11,-1.84279826641e-12,1.33487956799e-10
4.79772610529e-11,4.23901263754e-14,8.27475241105e-11,2.05238560522e-12,7.97985399981e-10
2.54019565246e-35,2.54403301302e-36,-4.31741913299e-35,2.84078098001e-35,1.70945706346e-35
-5.42673165953e-35,-6.41743921676e-35,4.64560676685e-35,-2.8077322548e-35,-2.65879086426e-35
1.62040590475e-35,3.44275376076e-35,1.04334169432e-34,5.16224887443e-35,-4.49318653291e-35
0.398425012827,0.425808310509,-1.02237439156,-0.858679890633,-1.2198972702
-4.71195153547e-15,1.05126003389e-11,1.4144495613e-14,-3.3791051283e-14,-9.59551665555e-13
1.14269161224,1.18049514294,0.336091309786,-0.859948933125,-0.493781000376
9.46845357613e-18,1.01337628478e-27,-2.12804425499e-29,5.10636202029e-22,4.72388109482e-30
-1.28608452013e-11,7.38442640992e-19,-6.58966043679e-21,1.40987668453e-14,2.34898048994e-21
-1.38763463497,0.494962483644,0.120981305838,-0.664720833302,0.511450707912
-6.04635135362e-12,1.55819137432e-13,-8.78327792442e-12,-1.91770847791e-13,4.32890862045e-10
-2.35952951622e-10,9.02179372875e-13,4.61724538811e-12,4.21857991248e-12,-1.4006013771e-07
-2.24792517933e-10,8.87966132915e-13,-7.912939054e-11,1.41482799868e-12,-1.13646825284e-09
1.12424153439e-36,-2.57362664292e-35,1.41446923149e-18,-3.59367603989e-29,7.15051498915e-13
1.56786609993e-35,9.85531134693e-35,-2.48583248257e-35,-2.51195221959e-35,1.01468465733e-34
-2.86083878266e-23,-8.02259569388e-35,1.20512714391e-12,-6.08070198519e-35,-7.39458841092e-35
3.7052517512e-35,5.68900178315e-35,-1.21221055603e-15,5.22280347868e-35,6.40829354929e-35
1.23644065857,-0.783756256104,-1.4335256815,0.187171593308,0.118847459555
2.51327522471e-35,-2.25861424592e-35,2.62807763051e-35,1.64341701023e-35,-1.60891777894e-32
1.89954402102e-20,-3.51151042276e-35,-6.19542714572e-16,-1.90603366935e-35,-1.79259041033e-05
6.07975722753e-35,-4.59555154268e-35,-5.40799492243e-35,-1.49541691944e-18,5.99611690146e-35
4.46420622691e-10,-1.24598933601e-11,1.93472390886e-10,7.27723166016e-13,6.39376659256e-12
1.74407621678e-09,4.78590854013e-13,-1.29415662214e-11,-3.75854659895e-11,-9.04831710859e-13
8.80067574371e-08,1.42693435193e-11,3.65350277809e-10,-1.9267978324e-09,1.21346335757e-10
-2.23148166612e-08,-2.93835085657e-14,1.82766770468e-11,6.17396078706e-10,4.94948136295e-12
-8.32378930227e-08,-9.53600219622e-12,2.95918317628e-10,1.4210052024e-09,8.87587434106e-11
-3.11242069984e-06,-5.64231383837e-10,4.64814222268e-13,7.26690103647e-08,3.94980922969e-11
1.44661578361e-06,1.3107260069e-11,3.48290000356e-13,-8.50922248219e-08,2.30637991344e-13
2.47292442961e-35,1.56718693603e-31,-2.63644040038e-35,1.17222385922e-35,4.39817869434e-35
-8.626519913e-20,9.94294554614e-20,-3.50921603805e-19,-1.18292530618e-20,4.79906782192e-18
-1.77572678783e-11,8.69583200477e-14,8.95678930329e-13,5.00700555236e-13,4.10009049281e-12
-1.30669627896e-10,4.22517001854e-13,-7.74558108624e-12,1.6975344741e-12,-1.2073686495e-09
-6.26630094896e-35,4.92485009906e-35,-5.40286820585e-35,4.28717655616e-36,-5.48579106711e-35
-8.42309660631e-35,5.06634736168e-35,-4.95583424752e-35,-6.3562159353e-36,-1.1725402325e-34
1.96310843137e-08,2.1045056201e-25,8.27434319155e-35,1.27764168176e-35,6.11399177858e-35
9.01598223781e-30,-3.03134049549e-35,5.40403623857e-35,-2.36004999526e-35,3.64156498256e-35
1.83623471886e-19,-8.32443428896e-36,-2.1448072508e-35,-8.43968496678e-36,-1.4671133771e-35
-5.53972777592e-35,5.60934309981e-35,-1.61776850409e-35,9.64852062496e-36,-1.59653068465e-36
6.35646822576e-27,1.64061176279e-16,-5.37358014421e-35,4.04658707127e-35,-4.8031521611e-22
-6.05352327011e-35,5.4850001339e-35,-6.53475203195e-37,-5.19909270151e-35,-6.0266344108e-35
9.67080235571e-35,-4.95591288166e-35,-4.00140659003e-35,-4.22020006785e-35,4.09966655312e-35
5.01310825004e-18,-2.96133793533e-20,-1.59045845317e-20,-1.43686765397e-19,9.73099639062e-13
3.0066300144e-11,-1.51578334845e-13,-1.54158380939e-12,-9.51317150055e-13,-7.26586369196e-12
-0.587006092072,-0.912236392498,0.894962072372,0.120546102524,-0.399897247553
2.69992599189e-35,-4.80103088246e-35,1.03422518461e-34,-6.57966202895e-35,3.22849867836e-35
3.10035143186e-28,-4.66232403577e-20,-4.95624119356e-35,4.53255009643e-35,-5.29987584486e-35
2.94642822181e-28,1.30100205782e-12,-5.93120068511e-35,-1.10997144623e-35,2.12528795583e-30
-4.1847145092e-28,-1.28378446762e-10,-3.11538776761e-35,-3.61792509092e-35,-5.40362196913e-29
1.35285998016e-28,2.29004315511e-11,-2.80593486195e-35,3.0382057728e-35,1.06456451751e-27
-6.36955504112e-35,3.7756559994e-35,-4.51267890396e-35,4.09723262548e-35,-2.93538732528e-35
4.645318059e-35,2.01054332494e-35,-1.02090306836e-34,2.44117517667e-35,-6.79557818588e-35
6.10502117252e-35,-9.22301401918e-10,-5.93572760388e-11,-2.03798824062e-13,-6.3066345249e-35
5.24288445786e-35,3.02216727737e-35,-4.8632537359e-35,4.03295208296e-35,-3.01061925072e-35
4.96750252127e-35,-3.88280908235e-36,-4.52045421364e-35,-9.02505087647e-37,-7.28537821286e-35
-5.09061661345e-35,5.44193273003e-35,8.73329911921e-35,-5.41240302624e-35,5.9256199568e-35
1.18017299067e-24,2.01930131513e-28,3.16727785854e-29,4.63303344462e-28,6.79362083001e-30
-4.89752105537e-09,-7.91893568948e-13,-1.38665839336e-13,-6.56671223474e-13,-2.20950272238e-14
4.2415968775e-35,6.66477172296e-36,4.3851825367e-35,-1.19844576323e-35,-3.02241236335e-35
-1.50376275581e-21,2.78816541227e-20,6.22794959781e-06,1.32208463097e-20,7.84552118179e-19
1.79758694041e-10,-4.53880058537e-11,-2.0009115892e-11,-2.07132574981e-11,-1.14954987751e-08
4.68203015955e-35,3.63332389473e-35,-4.10461074664e-35,4.01307802063e-35,-2.09228710452e-35
4.97386682825e-15,1.71890098954e-06,-6.05182765899e-31,1.29639254887e-09,-1.34394957896e-33
-6.91065142746e-05,1.171986198e-19,-7.1049385042e-08,5.00005481463e-10,-3.65203959518e-05
-2.60677850833e-11,1.98728103749e-23,1.78985568419e-18,3.52649854715e-24,9.25870200007e-15
-7.54575824718e-35,5.05222134045e-35,-1.37673634341e-35,9.7377343612e-35,6.98043041227e-36
-8.74082056734e-11,-2.33941528259e-13,-7.75227798622e-11,3.72224427387e-14,8.50859833978e-12
-4.06538969155e-11,-4.87582751951e-11,9.346674823e-11,6.51068934009e-13,1.02686418396e-11
-1.41649954307e-21,-6.1545480556e-35,-5.51684409219e-35,4.91749981553e-35,-5.26651832279e-35
-2.41003404691e-35,-2.3275568748e-35,-2.1764064101e-35,2.99452622796e-35,2.18945078137e-35
-1.32151303789e-11,2.7202968586e-20,-3.60445042441e-21,5.72787260331e-14,4.43703891197e-22
-6.84241205362e-11,-8.63479365783e-19,1.19640019145e-20,7.28444861804e-15,-3.54001555886e-21
2.4365973128e-10,-9.13697719915e-13,5.34046765144e-11,-1.06580673107e-12,2.44005793348e-09
3.6082387339e-20,-4.83193586537e-23,4.14248375306e-21,4.51928157409e-24,7.76096667618e-18
-2.48750664367e-15,3.43580697945e-35,-2.34679980402e-28,-3.72594228849e-35,-2.40282494829e-16
1.09411770957e-14,1.70299973664e-35,5.77931421424e-31,3.76830772478e-35,1.50506775063e-15
1.41835045057e-22,1.08582433566e-34,2.02337934443e-35,-2.46373686219e-35,-9.08141604471e-27
-3.69587271898e-09,-5.83441794877e-10,-2.04396460694e-12,1.61932452039e-13,3.02153198295e-11
-1.544646544e-08,1.29433118219e-23,1.41283180304e-33,8.4638247879e-36,-1.43481164043e-14
1.60819788042e-10,-3.49761235599e-13,2.44430148864e-12,-1.77208464916e-12,2.84182943844e-09
-1.96638452049e-12,-1.96086670393e-14,-1.00041789089e-11,-5.40950043006e-13,-3.0687865582e-09
2.81328259299e-11,-2.383912295e-12,3.44110712147e-10,1.66083379688e-11,1.42974148146e-11
3.72475772448e-10,-5.4951980466e-11,4.1127274919e-09,1.82761639156e-10,-1.62465846332e-10
1.66596847428e-10,-3.67567920545e-11,-1.49798187743e-10,-1.27933193553e-11,-1.2882995018e-11
-7.7420977615e-12,-1.27371238556e-10,2.565493432e-19,9.00492441031e-12,4.74907190735e-15
-1.82319333762e-18,-1.69873660359e-14,-4.75781957235e-12,-1.31150487784e-20,-4.1817722618e-09
3.51250170284e-18,-3.39039645444e-19,-3.03312870029e-17,-1.55839948526e-18,-9.02076711764e-20
-3.05114510723e-35,-2.35503272119e-27,3.90120470034e-21,-6.4247768729e-35,1.87335216784e-24
-6.00847892561e-29,8.74294901185e-17,1.3709381937e-12,1.43907585663e-35,2.38534635725e-17
5.10774062473e-26,9.23819130901e-18,-1.67315201577e-15,3.66886595365e-35,-2.83613439334e-15
-2.06582456517e-26,-7.11516691962e-18,4.1295937261e-16,-2.74062949269e-35,3.72957447582e-16
2.46521943148e-35,-2.8340663107e-19,2.81332561049e-35,-4.34820186211e-18,-6.20136980934e-35
0.000585275702178,-1.10312332186e-11,2.67495706794e-05,-1.76672147063e-05,0.000195993692614
1.49446120406e-15,1.96329801375e-12,-1.85524525294e-15,-1.09788404496e-12,-8.09423437564e-13
-3.3224196506e-13,3.23198620644e-11,1.78808817796e-13,2.14205389537e-13,1.87952362007e-11
-4.36753433721e-35,4.99354075429e-35,-1.5377479315e-35,2.5220535502e-35,-4.37808465489e-26
-2.10791713288e-34,-7.1055476662e-36,-2.94818919344e-35,5.03202958471e-35,-4.4442760956e-35
-1.44782987276e-27,-1.5689589361e-07,9.6159578078e-09,2.48751881187e-35,-2.64309865778e-23
-2.43555364502e-22,-6.47901880985e-20,-1.66868955225e-25,-2.59496461127e-32,5.54529886921e-22
-3.08203974257e-20,-4.41649646542e-13,-8.14616069921e-18,2.19671278085e-36,3.64680982776e-16
1.99228621883e-18,3.60736579497e-11,3.30983682793e-17,5.65224519978e-36,-2.85755870538e-18
-1.90591822312e-19,-2.1435919012e-11,-2.30773358856e-16,6.95338772851e-36,1.30794118989e-18
5.27762362689e-20,8.75867900343e-13,5.97214396687e-16,-1.36879113807e-35,-1.95309998487e-18
7.57980345156e-10,-1.62627366001e-12,-4.12153332296e-11,5.61957401999e-14,-2.94429128189e-07
2.26219715703e-12,-1.41771091394e-11,-2.53233267689e-11,-6.86404803981e-14,8.16001780035e-12
4.68262909918e-35,3.04754027702e-35,2.89806164882e-35,3.65244060119e-35,4.47152655717e-35
-1.14528178607e-12,-1.47596805654e-13,-6.44570230524e-11,3.02062918068e-15,-8.41940753227e-12
2.35666356134e-35,-7.39786923402e-35,6.95224437658e-35,-4.70351564785e-35,-1.68023802193e-36
4.39110316305e-14,-2.02907912694e-09,9.34046880097e-14,5.54069594025e-14,1.46382342012e-12
6.86630244218e-07,-3.84713589382e-14,6.94850383828e-12,-7.91094897923e-11,-1.12425641239e-14
-2.34090137496e-07,2.15627673052e-13,-9.34616641891e-13,1.39859832049e-10,4.19796135516e-14
-1.33145725727,-0.299060285091,0.571277081966,-0.170725703239,0.156825751066
2.56544955295e-35,-5.79183084916e-36,2.59944992349e-35,2.21142931034e-31,2.06182311805e-35
3.84917576681e-36,1.63678655915e-36,-3.76857950045e-35,-9.43686752414e-26,-5.51824400954e-35
1.98728799444e-35,-1.39955072004e-36,6.03278853699e-35,7.0363077199e-35,-3.61884344588e-35
0.137255430222,0.154272511601,0.890218555927,0.771466195583,-0.233520105481
4.97139749426e-35,1.95021581622e-24,1.78006923296e-35,-4.64424343167e-13,7.49823280394e-35
1.05216526985,0.948864161968,-0.759219765663,0.837642252445,-0.349491089582
-5.0150657932e-11,-1.38229479946e-11,-3.97199322044e-11,6.58474129714e-14,-5.34748800796e-10
9.25942053582e-25,1.17537889144e-11,-3.30599980152e-35,-4.97774045718e-35,6.07297919394e-35
-2.41309647899e-22,-4.48002392344e-35,-5.79715680789e-31,-5.94859891986e-35,-1.12120820795e-34
-1.13024354169e-17,-6.08788983468e-35,5.16455624127e-35,-5.46318288987e-35,-5.17197597539e-35
5.38463484206e-35,-4.05172182345e-35,4.96229544864e-35,-5.4361465198e-35,2.81582095311e-35
-6.46549688788e-11,-1.37476462506e-11,-9.6181595674e-12,4.4341060771e-13,3.79273917828e-10
-1.74372336015e-10,1.66620547654e-12,6.29645224848e-11,5.82182753069e-14,1.92544891142e-09
-2.84283241392e-09,-4.65659741167e-06,-7.4090338309e-09,-8.59494462969e-27,0.000204483643756
4.04876739774e-12,-7.86241211026e-12,-2.03131140381e-11,-4.35829046192e-14,2.35936131743e-10
-1.0765298605,-0.21511387825,-0.632530748844,-1.59581589699,-0.761567473412
2.88623833676e-21,2.33182517739e-09,-1.38612921624e-28,-1.84959971059e-13,3.75290818492e-31
1.84166293327e-11,2.23635309639e-19,8.58592485819e-23,-5.62140022302e-14,1.33347785241e-23
2.01304084513e-09,2.83757103618e-20,-1.50793399984e-21,-1.75840533134e-14,2.15218975916e-22
2.01948430201e-10,-1.17013495247e-12,1.50615728223e-10,2.60564074657e-12,3.24281024255e-09
-3.22405352415e-10,-6.17560794169e-11,-1.46674936086e-10,2.25036149112e-13,1.22214138809e-09
-9.32993654462e-35,-1.63654097094e-35,1.12635363601e-34,8.30954086737e-35,8.63797645707e-36
-3.83605947007e-09,-6.61305628521e-35,-2.43271304793e-13,-3.38614535224e-29,-8.69989166159e-35
8.3047216939e-22,1.48170144566e-35,-2.02275658497e-35,2.8708550961e-35,-4.33115771862e-32
-1.06604143425e-21,-8.18108625411e-36,-5.80512475469e-36,-1.09703921471e-35,6.70347785911e-34
-1.68164999269e-35,5.55985467285e-35,1.16854340821e-35,4.7247227598e-35,3.88798544749e-35
-1.14654064021e-10,-7.68094962633e-12,-9.77349798315e-11,1.98494310723e-13,8.83090323089e-10
-2.51688058416e-12,-1.12675941169e-13,-3.02440516207e-12,7.68768932519e-14,-2.69600574504e-12
2.25850740887e-10,-2.72428225812e-11,-9.17372774967e-11,-1.95840444556e-11,8.90813898341e-12
2.08178416727e-08,-7.24184878731e-11,-1.19895038342e-10,-5.41849398683e-10,2.64988274379e-11
1.1735297456e-10,-2.97288994637e-12,9.51937861871e-10,4.74692715691e-11,5.6521665126e-10
-2.52311227467e-10,3.25802481781e-14,1.68998925965e-10,8.45713863523e-12,5.13085962606e-11
2.94804770873e-11,3.69016232502e-12,5.86117335222e-11,1.06315120146e-14,3.64255986485e-11
-2.65306960429e-11,-6.01592517122e-12,-1.1984599424e-10,1.19820204987e-14,-2.66587515951e-11
-2.41188930097e-18,-1.88376901465e-18,2.99418495434e-18,2.80356842e-20,5.49023471276e-18
-4.96896037352e-23,-3.66258096189e-35,-7.17327806653e-35,1.60308721676e-33,5.97267990887e-35
-3.33143201771e-26,-2.4899729546e-28,2.18945016237e-25,-5.16750399292e-18,4.5442971854e-27
1.04373681006e-25,4.51944746701e-34,-4.22118988231e-35,1.01074979331e-35,-9.55566852206e-17
-4.5668658645e-35,-4.45753943714e-35,3.93666428716e-35,-5.39858637585e-35,-4.11475110733e-35
-5.29298818265e-35,-5.71842759803e-35,-5.65792637317e-35,-5.41846531693e-35,-7.57614948271e-35
-2.80002512468e-14,2.53953477171e-12,1.9817445753e-13,1.62990208996e-15,-4.91200979088e-14
6.48316053213e-16,-7.91539007733e-14,7.24483949395e-13,1.56487515884e-15,-7.33760871074e-13
-1.61264319809e-17,5.42273394559e-35,8.55572184461e-31,-1.87021280359e-35,-3.38411065726e-18
2.9183612577e-23,9.97735310816e-26,5.32249691282e-26,-9.51503040871e-29,-7.44524851588e-25
-1.13696075061e-34,-5.0652355782e-35,-1.10659683613e-34,-4.89460637428e-35,4.26297158923e-35
-0.198090955615,1.1459338665,0.998916208744,-0.36734905839,-0.725896477699
6.17607716576e-35,6.90311455459e-14,-1.0951240821e-23,3.78373547771e-13,5.7702920133e-13
3.77883465551e-35,-2.8573667576e-35,-2.38417187976e-35,-2.30453816419e-35,5.05303078425e-36
-1.34381710625e-34,-3.71848208307e-18,6.13667342421e-35,8.87671861356e-36,-6.0835706965e-35
-1.25067838548e-36,3.33915664888e-30,-5.12023987465e-35,3.33547921102e-36,1.24078551428e-35
4.31310685519e-16,-7.37134585691e-24,-5.45897005149e-20,1.01107292124e-16,-3.72112381869e-14
7.9822833549e-35,-6.51948624612e-35,8.89845198509e-22,2.80727235044e-31,-8.13616693006e-35
5.39827470913e-35,-6.2072777016e-35,-7.63648884752e-35,5.22603207034e-35,2.70818085505e-35
6.33574001353e-30,-6.86113897262e-35,-3.49675131059e-36,-2.64964003104e-35,3.11704955961e-36
2.07484252154e-35,-1.53186228065e-35,-1.89690074405e-33,5.73186844105e-28,3.12539611477e-35
2.9289353077e-37,2.99046853396e-35,2.43047269091e-33,-3.37823596722e-27,3.05586573871e-35
-4.23259900778e-35,-4.95435397411e-35,2.07809206318e-35,3.25831249822e-35,-8.93333290105e-35
-5.98917815575e-35,5.13931410721e-35,-5.22980019554e-35,6.91917785824e-35,1.08256185096e-36
1.05193301978e-34,-5.1610240185e-35,-5.38175752118e-35,4.20378906469e-35,4.78396583837e-35
-1.17446398735,1.91796839237,0.141544371843,-0.494784086943,0.0806183964014
3.06129427363e-11,1.33097990962e-10,9.16272502316e-10,-5.93361748624e-11,-6.80230857061e-15
4.70932293162e-10,-2.19357193e-12,4.56874251972e-12,-7.69314386501e-12,1.16779768078e-08
8.72670685714e-12,1.65495113273e-13,1.33038016367e-11,4.09011323074e-12,7.41174566166e-10
6.97328653154e-11,-1.4013424969e-11,-4.16731163466e-11,3.29104446603e-13,-1.91130264393e-10
9.78362102444e-09,5.65060460644e-08,-2.91439672395e-08,-3.55924003378e-13,2.26758736233e-08
6.85065135895e-35,-4.94813269322e-35,4.78387601178e-35,-2.05968191606e-35,7.41726603876e-35
-1.09478063547e-36,-4.23254706333e-35,4.09889169112e-35,3.2757141768e-35,3.45602054612e-35
-4.63477448309e-35,5.49724811923e-35,1.83836841482e-35,-4.58947375475e-35,2.85706829224e-35
3.10138303927e-11,-1.55239536503e-13,1.22076116577e-11,6.14265322635e-12,2.31478974877e-10
-5.51671265264e-35,5.13581632275e-35,5.17590481271e-35,-5.4040723988e-35,5.26345331311e-35
2.78070626457e-17,2.71468381263e-36,-1.54175311741e-31,4.18226454631e-36,-1.19348586569e-10
