-3.29170044079e-35,-5.25656192008e-36,2.22475973598e-36,-5.65968444894e-35,-2.27450810044e-35
7.33424273243e-35,-1.03740250678e-20,1.56100426645e-35,-4.76856789553e-35,-5.10041603486e-35
2.03069921989e-10,6.09526969041e-20,2.15272971867e-22,-2.29982807971e-13,-2.99535685884e-22
-6.71600617229e-35,8.12971720837e-35,2.65058536268e-35,4.34704669898e-35,-6.97149424452e-35
-5.78702928764e-35,-4.86171089956e-35,5.13287356907e-35,4.70900052286e-35,4.42985046107e-35
-4.42028039876e-15,7.36861743497e-14,9.1426024737e-12,2.9640525467e-14,9.69112593993e-13
-2.72201188512e-23,2.81327652146e-11,1.59973469001e-22,4.54888158626e-17,-7.00877708667e-15
0.68952524662,0.866528332233,1.0928426981,-1.64202463627,-0.397571444511
-5.64561352902e-35,3.61209095404e-35,-4.80025946429e-35,-2.24797524718e-35,2.69321683492e-35
3.12785242731e-35,3.68431268411e-35,-1.00771663906e-35,8.10441652918e-36,3.03311550344e-35
-2.31520905136e-17,9.47951832586e-08,-5.58576249298e-18,1.78345196389e-08,1.48715500359e-07
6.90650283461e-16,-3.99571646881e-08,4.16599225386e-17,-8.70667893338e-09,-7.51853548309e-08
1.0688565798e-34,1.02440636295e-34,8.30598396381e-35,-4.70533226876e-35,1.66484050956e-35
4.62826334641e-35,-1.89856771224e-24,-6.4253192763e-36,-5.74645406955e-35,4.3347568137e-35
2.4605048267e-35,9.38022896265e-36,2.7732704109e-35,-3.09445472721e-35,2.42342768006e-35
-5.33957334519e-34,5.31908955257e-35,2.55585983652e-27,4.80791108304e-35,-2.09653044971e-34
-4.18178585378e-35,-5.26754802829e-35,-2.40512371773e-35,1.41333278863e-35,4.79378104401e-35
1.98839518614e-35,-1.33887615567e-35,3.886017585e-35,-4.16590663554e-35,6.93161410634e-35
-4.02770138847e-35,5.91898312029e-35,-5.38937470161e-35,8.50068388255e-30,-1.67908048374e-19
-0.274794340134,1.10905897617,0.212357133627,0.523278713226,-0.961723864079
1.32793983951e-35,-5.75113366205e-35,7.4089928085e-35,-4.78162345925e-35,8.69476207516e-35
-2.61700485255e-35,-2.05237898521e-35,6.37549708471e-36,1.58133377544e-35,2.59296461554e-35
3.11104258545e-36,-8.74757896489e-35,4.75409691722e-35,-5.40029107224e-35,-2.0182394265e-35
-1.45109237126e-11,-1.06599774038e-13,-3.16116512522e-07,2.27563350563e-06,2.5977087148e-09
-3.97161085029e-35,-5.358414086e-35,-3.23715675675e-35,-8.20951766276e-35,-3.74792225354e-35
6.48796641411e-12,7.57251372718e-10,1.90231330688e-10,-7.37986283195e-10,-1.68832555223e-14
5.52907772822e-35,-5.92535191195e-35,-5.39920472712e-18,-5.40096606314e-35,5.85754804322e-35
5.78120770639e-36,-6.26451819239e-36,4.42444393322e-35,-7.37722059668e-35,-5.41363936161e-35
1.34878830327e-09,-1.18095221102e-11,1.82987541786e-10,-2.50250306588e-11,2.73873822926e-11
-7.91393888284e-25,4.53320864374e-28,-1.20093287612e-25,-1.8567255037e-27,1.87228855839e-27
3.50934725724e-10,-3.23675569854e-12,2.86449031162e-10,2.67022601946e-12,-9.96556049487e-12
-4.28273200513e-35,-1.65177820167e-35,-6.12037721542e-35,5.25179077907e-36,9.43946214021e-36
1.02283644676,0.164493530989,-0.494396656752,-1.42647862434,0.547763228416
-5.88782505836e-35,-3.90273595009e-35,6.12423717612e-35,3.54609251377e-35,-7.29234680511e-36
-4.57462481598e-35,-5.89105938974e-35,-4.80452723199e-35,4.60766206175e-35,6.54154455832e-35
7.41512053198e-35,-1.18541000153e-35,-1.57045098216e-35,2.84452844222e-35,-3.81619764014e-35
4.76427343814e-35,-6.37266769047e-35,4.79069077956e-35,2.72861855773e-35,4.46585514131e-35
-5.52866504246e-35,-6.03678223313e-35,6.07640637986e-35,-4.45311354019e-35,2.05890300266e-17
1.25455184435e-11,-2.59961323301e-13,1.55109014521e-09,5.35387255363e-11,-1.13393856804e-10
-3.2807506604e-32,3.87305184787e-35,5.63654247788e-35,-5.47961638116e-30,7.42321181316e-35
-1.55842471123,0.665355265141,-0.255949288607,1.024502635,-0.731866240501
-3.04483109732e-12,6.18382291589e-35,-4.60451124327e-35,2.21442113778e-12,-1.36858090052e-22
-9.99778891322e-20,-1.60655000414e-09,-4.23632896385e-35,1.42312587923e-24,2.47836251521e-10
2.1404559344e-24,-7.7371979485e-35,-9.70214880658e-12,-6.12477556172e-35,6.23050691639e-35
-1.25563728809,-1.15797734261,0.351743251085,-0.75561439991,0.242938563228
-4.99837589317e-35,4.90213286717e-35,4.80739031838e-34,-6.64182088452e-35,-5.24590527171e-35
3.2586982073e-35,6.63000337808e-35,-6.73194422265e-35,-3.02743318212e-35,1.27760810441e-35
-5.54812211424e-35,-5.14385766838e-35,1.28261945264e-35,5.543763372e-35,-7.09361019965e-35
-4.46932910594e-35,4.40833971801e-35,-6.58672130874e-35,3.94746815931e-35,1.04069218286e-35
2.4432710629e-12,3.02621838179e-12,-7.33605745595e-11,2.62882136849e-13,3.82060938442e-10
-0.428272098303,0.191883474588,-0.198428913951,-0.363732814789,0.220608070493
-1.79674214417e-13,-7.91806229687e-15,5.19834657098e-07,-7.71579049025e-14,6.21485014059e-16
-1.4893307255e-15,-2.83632539926e-15,2.86925892117e-13,8.20928577666e-15,-7.80843868297e-13
4.37931407378e-15,-1.14146349707e-13,7.63830947277e-13,-7.57770853444e-14,3.64268429873e-13
-5.9290477167e-35,4.61240106034e-35,-6.81763649809e-35,5.37987144967e-35,4.43093096308e-35
-4.64107812894e-35,-9.41421527088e-36,-2.86045644807e-35,-4.29244820062e-35,1.54590493246e-35
-3.88838917662e-12,-2.06694275411e-12,-7.3737701058e-13,3.67429204466e-14,1.06461783833e-11
-1.53694434957e-09,5.1425898262e-11,3.41651346103e-10,1.09480209187e-12,-3.11570408362e-10
2.76597580264e-35,6.11710557587e-35,-2.94594424604e-36,-4.15214824328e-36,-1.32776013927e-26
-9.32864281207e-35,6.26502328762e-35,1.93896071253e-35,-1.03225508363e-34,-2.56604705765e-35
-5.77561175968e-12,-4.41827374383e-13,-1.36476930018e-12,4.17643062468e-15,6.42268410764e-13
-8.56696311113e-11,1.79587889698e-11,2.64001709382e-10,-7.60199737361e-14,-1.13703865767e-10
2.58432684974e-11,3.63131538728e-11,-2.66316981488e-12,-3.65233424017e-14,6.6638528029e-11
-4.18602735808e-10,6.42543865337e-11,-2.25129845322e-11,-8.64769952695e-14,-6.1011000696e-09
4.27849172757e-10,5.81859517165e-12,1.650551874e-12,4.73867432381e-14,1.38115310855e-10
-6.68421611463e-12,2.3869732349e-14,-5.35992916717e-11,-1.65813651871e-12,-3.52123374903e-09
4.33558106083e-10,3.80908984909e-11,4.62878485541e-10,-1.30803652415e-13,-1.07632722179e-10
2.19412724472e-28,4.80984364626e-35,-5.75818318432e-35,9.72982252933e-31,2.45861588534e-35
-3.40829664838e-12,-4.19159235127e-20,8.57559204251e-22,-1.18644929832e-14,-3.8424516023e-22
2.73290831334e-28,4.52258164031e-35,4.36988267129e-36,1.81670900433e-31,-6.17056646202e-35
4.70598229188e-35,4.81403794556e-35,-6.69665356339e-35,5.66376366689e-35,5.66075720233e-35
1.00301173617e-11,4.16685661127e-14,8.289746385e-13,4.82356450789e-13,5.48969492087e-09
-2.77794410738e-12,1.0127991585e-14,-7.70209330342e-12,-2.80617326251e-13,-1.7533697827e-09
-4.17159466692e-11,-2.11683318443e-13,7.98873467378e-11,4.19214012462e-12,-4.08859369971e-11
-7.18104218376e-35,-5.31287745523e-35,5.55906373964e-35,1.70416332108e-35,5.43474086274e-35
-8.17650461227e-12,-2.64365922108e-20,4.32874206742e-22,8.15136142856e-15,-1.91316389513e-22
-2.33510188963e-09,-1.51468074194e-10,-5.9327959212e-10,1.29283931651e-12,1.51032275575e-09
-1.74782952868e-12,-9.67576220163e-19,4.94596634031e-23,2.42437444902e-13,-1.23119755532e-22
-8.56215597554e-13,-3.80484479479e-08,-3.21313308405e-07,7.35678407082e-10,7.11339804351e-16
-7.96734097967e-15,6.48096940697e-12,2.15489484709e-14,1.5478315854e-14,9.3651226097e-13
-2.71938027652e-10,-7.2484580187e-14,-9.89997905702e-13,2.26967281775e-11,5.06055284844e-18
-5.011789872e-10,-8.74380659565e-14,-1.44299405324e-12,-2.6384576815e-11,6.55420404746e-18
-2.65437997103e-12,-2.63673716243e-14,-3.20316391684e-13,-8.82440225492e-13,7.22070523962e-18
-7.17906757175e-28,-8.19215291472e-30,5.18791059312e-29,-5.97704558224e-28,-1.91028353544e-26
7.74488584376e-10,4.57083669349e-15,1.87681250749e-13,-1.24115995259e-12,-8.13692967376e-19
-2.88850781689e-16,-1.002564107e-21,1.21765204789e-17,6.74444349083e-19,3.34719506097e-26
-5.12046294254e-10,-8.73761349732e-13,-4.26659679809e-11,2.67012995915e-12,1.94331817708e-16
4.77040700275e-08,3.38039194076e-14,1.48764694682e-13,-1.30648644681e-10,-7.47906517778e-19
4.03606009725e-10,7.60592083022e-14,8.33198635954e-13,-4.16767419187e-11,-4.6817206715e-18
-1.83355075567e-09,1.1654919922e-13,9.06882045588e-13,2.77144723837e-10,-6.89438042001e-18
-8.5923884674e-10,-9.46029075932e-14,-1.34782701493e-12,3.84548476395e-10,1.07296293863e-17
4.56201637633e-35,-3.0506644058e-35,-4.91812601882e-35,-1.84115246529e-36,-6.22204140556e-35
4.18751405079e-12,-2.56232785911e-14,-2.06372180629e-12,-2.47240108161e-13,3.36284021463e-11
1.21538355776e-34,1.60972242319e-35,1.31363888774e-32,4.55160320682e-34,-5.06538900501e-31
1.93819222568e-19,5.81462380775e-22,-1.40775651606e-17,-7.30754876078e-19,1.82218425999e-16
-1.6234453018e-11,7.76386604746e-14,-2.03346055272e-11,-6.40932077377e-13,-4.87365632296e-08
4.08511176275e-11,-1.83883249881e-13,-1.07953514183e-10,-4.41348693703e-12,2.89768635753e-08
-2.17493112409e-09,-1.2552729689e-10,-1.77540898649e-11,1.56377460894e-12,2.94360980035e-10
-1.64981672768e-09,-1.19720622305e-10,-3.93997279247e-10,1.11122569479e-12,1.59480650908e-10
6.14839794721e-35,1.28385377107e-32,-4.67080519614e-18,5.80765439213e-35,-2.29348569049e-36
2.30870776852e-29,6.00313542925e-35,-2.34461976649e-35,-2.90438193986e-35,-8.05098950737e-35
-2.1798448463e-11,9.22833654654e-14,2.45561383727e-12,3.93892817668e-13,-1.24638166454e-08
5.7565746614e-10,2.73542074408e-11,-2.03442207525e-10,-3.087189792e-13,-3.40186559478e-12
0.310651451349,-0.337213903666,-0.955163300037,0.879712343216,0.768692374229
2.1176286792e-35,-5.89751025937e-35,-4.68733939917e-35,-5.54490959379e-35,6.12017919513e-35
1.11373658678e-34,5.14971218126e-35,-2.02474324504e-35,-4.79664329814e-36,3.79682063744e-35
-8.25244261815e-10,7.61795418414e-11,-1.03000274976e-10,-6.22419731857e-14,-2.86240198211e-10
7.45220725407e-12,3.87022948412e-11,3.25734911266e-10,-1.7591994459e-15,-1.67974995025e-10
4.08150763187e-10,-7.4178982401e-11,-8.55685522438e-11,1.74438588574e-13,-5.01570562861e-10
3.95894730332e-08,-2.61168908722e-09,2.65230166389e-13,8.94234569748e-14,1.28195853932e-09
-3.5605630444e-08,-1.71130398741e-09,-1.53714985619e-12,1.03927994953e-13,-1.59507282382e-10
4.50545101227e-10,-1.53759771582e-09,-7.37033155861e-13,3.37105255548e-14,6.45533071442e-11
-1.27296631569e-10,2.89921558982e-11,-3.29344407649e-13,-6.75717314947e-15,1.03954839528e-11
9.22418808003e-11,1.53158999372e-10,5.02662451593e-12,-4.41021134542e-12,-6.93723203882e-11
-2.42956899044e-09,3.77703784915e-10,3.95876820908e-12,-1.16499420787e-12,-2.74212985651e-10
-1.89624094205e-09,2.26064625353e-10,2.51124880439e-12,-5.21503955471e-13,-8.03697247642e-11
2.20146344533e-18,-6.82566156345e-18,5.58190278553e-17,1.43681391514e-16,-1.21896634903e-21
-5.55755589216e-28,6.27578832409e-27,3.43439993626e-27,2.48261090442e-26,1.0144098712e-30
-7.10141743587e-13,-8.08447140612e-14,-8.32422759195e-12,-6.19616933716e-13,-6.93163235144e-11
1.57872961465e-32,-1.47380246746e-30,3.83935809309e-34,2.25162542117e-35,4.98491522011e-33
-8.44618333606e-11,-6.17833976279e-35,7.93884608124e-24,2.89106894976e-36,8.80145540665e-35
-6.36426072476e-35,-9.87596859384e-35,9.69531669346e-35,9.6538254163e-35,1.09795348012e-35
-1.70217218098e-09,-1.51396117865e-10,-4.57415660904e-10,9.6652070028e-13,5.17906967312e-11
-5.9229814082e-35,6.11375989395e-35,4.97899860348e-35,-6.52372617618e-35,5.14771131539e-35
-8.47870213828e-36,-5.64240502637e-35,-2.44603270045e-35,-6.3298958821e-35,-8.0885645746e-35
-1.71960902214,0.444089621305,-0.145289361477,-1.06749522686,-0.716009676456
5.13036875591e-35,3.135872249e-35,2.13178971271e-35,-1.01091997596e-35,5.54938600026e-35
-2.97631984084e-35,-1.58444924322e-15,-9.75451082992e-17,2.27660826345e-35,-1.37985386112e-16
6.11411346061e-35,2.42778998709e-17,1.21111256476e-18,9.22745128775e-36,1.85864691906e-18
-0.330055385828,-0.6782117486,0.787639796734,0.880803465843,-0.384298354387
-5.5043751277e-35,1.59083330978e-23,6.55301653371e-35,6.1696940248e-35,8.32603633691e-22
-3.60189405712e-35,1.19503586821e-35,8.75655401923e-36,-5.91292491915e-36,-3.00491827531e-35
5.31841054387e-35,-4.47730186194e-35,5.60328659285e-14,8.67222334852e-35,-5.07054653974e-35
-6.97321386418e-35,3.20880139937e-35,7.35841383501e-35,-4.82325134171e-35,6.11261309819e-35
5.72512355365e-35,-4.43325698401e-35,-4.57991080974e-35,-5.83400845316e-36,4.32082364702e-35
-9.79211776929e-17,6.22233085251e-22,2.89721766498e-21,7.15117698682e-19,-7.02276564562e-27
3.79585435583e-35,-5.62865151288e-35,-2.95658439272e-35,7.80964252313e-36,5.53241709645e-35
-9.84686018539e-35,6.96440511819e-35,7.19374516553e-12,5.01032323218e-16,2.02265044991e-11
-1.63780187329e-11,2.04847033433e-12,-1.65716204648e-10,5.61332799904e-14,1.20942034165e-10
1.55993049317e-18,1.91791847399e-35,4.28302788762e-35,-1.56867716194e-29,3.54881767472e-34
2.9781825877e-12,-1.04704899356e-26,-7.06422778093e-16,7.59476278264e-23,5.93810625671e-11
3.58418256002e-33,-1.07101052397e-35,-3.37893438646e-26,-1.21314248557e-23,-1.1664046456e-35
2.08889283648e-09,1.60851207354e-10,-2.03688236288e-15,2.38627534399e-10,9.85919771033e-36
1.1837843959e-25,-7.56140065589e-22,7.74880960272e-18,-1.45012996852e-25,-6.65315428705e-06
0.241140142083,-0.222157940269,-0.734979510307,-0.924966394901,-0.0426540635526
6.83121064538e-36,-3.08858701298e-35,3.59670449063e-35,3.91466853788e-35,-3.86191937683e-35
3.26755516694e-35,-1.24529277173e-35,7.65434683372e-35,-1.01963803441e-34,5.33908938648e-36
-1.12634575089e-06,1.73240943813e-09,4.28533130172e-20,6.60406294628e-05,4.55171232383e-26
1.68383022476e-35,2.41167962421e-35,4.5440060006e-35,-5.6046107019e-35,3.31634392221e-35
3.33321044377e-11,8.04485297823e-12,7.86698223926e-12,-2.3438494323e-14,-1.50687990731e-12
-2.08607076058e-10,-3.07673053701e-11,2.62351557145e-10,-1.04219896602e-11,-9.9218716576e-11
5.77615826078e-35,-6.86311144584e-27,-5.53841223244e-35,-4.75645881138e-35,8.18285609631e-35
-2.09495164272e-11,-4.02731580723e-12,-7.99739094393e-12,-1.22955668542e-13,8.16955322835e-11
-4.40565778304e-10,-2.76736047272e-11,-4.30619845337e-11,2.83014334624e-13,-3.99060784417e-11
-3.01740576969e-11,1.06531070857e-12,-8.16652474811e-12,2.38146362439e-14,-9.1141968972e-11
3.36896333053e-09,1.86443027683e-10,-2.36555525168e-10,-1.70140518427e-12,8.37637390005e-11
-1.079163061e-11,-6.46769360291e-10,-8.33327296057e-11,1.70023348021e-14,-8.58059179265e-11
-3.66756590741e-35,3.96333934194e-35,3.54167838325e-35,-5.19374500578e-35,4.21854473303e-35
5.25172821614e-35,5.93189117325e-35,-1.57818266998e-34,-2.44314105022e-26,-6.38558205711e-35
6.30341856062e-35,-5.32659136466e-35,3.95890713131e-35,5.84452117809e-35,4.25157480416e-35
1.66359759302e-09,9.61129717481e-11,4.83576567678e-10,-8.59205013994e-13,2.35041870411e-08
1.17632732747e-35,-7.46739817515e-36,-1.20175944622e-35,-1.98168459424e-35,-2.15494058033e-35
-9.05758360099e-36,-7.9351485793e-18,-9.05436807637e-32,-1.38719171809e-26,2.68102969061e-35
5.15164302256e-35,-5.35487554953e-35,1.57028151697e-36,9.21035051392e-36,-9.57834926584e-35
-1.55053476064e-22,4.05673804003e-16,-2.00165892975e-13,4.23840329812e-36,-7.99361535936e-18
-5.0257554984e-35,-4.95010428653e-35,1.58031138808e-35,5.13258600917e-35,5.47198876601e-35
-4.72437349793e-35,6.18765073416e-35,3.18939053233e-35,4.38859221648e-35,-5.37231855409e-35
-3.02241663195e-15,-2.71617933223e-13,-1.16271220083e-11,1.68556676592e-14,-1.47581523825e-12
-0.38160276413,1.50688958168,0.954029679298,0.349999636412,-0.727894663811
-1.56135770545e-12,-1.15839575345e-12,7.19949707489e-13,5.36531452947e-12,-8.94420024156e-11
1.55333211571e-12,-5.05012224887e-24,8.34815372477e-22,4.13018226872e-20,1.65670288015e-35
-3.20379096516e-12,-1.468787515e-24,-9.92440838014e-22,-6.13301885314e-20,1.09670358467e-35
3.6045983255e-35,-6.31460871582e-36,6.25387675427e-36,-6.30625283362e-35,3.52170301489e-35
-4.45096458958e-35,1.91610285753e-35,-2.3811737378e-35,-2.01650043528e-35,-2.71337788317e-35
1.33198347121e-36,-3.71677366214e-35,5.08627336846e-35,5.90931800829e-35,4.35408043702e-35
-5.90790603754e-35,5.48016327311e-35,2.29179641958e-36,1.48568481698e-24,-1.5926646255e-36
-2.28823057724e-10,5.30995429918e-12,-6.91943585762e-11,3.80043273327e-13,-2.21344872986e-10
-1.05288966434e-09,-8.52134196538e-11,2.00690283836e-10,4.85687878804e-13,-9.69333342482e-08
-2.31375335558e-10,-9.12575223722e-12,-1.19783549399e-11,1.92388382243e-13,4.15099656037e-11
1.41450184898e-09,3.88533372142e-11,7.25245086208e-10,-5.07516934294e-13,-8.62709417793e-11
-1.40552188554e-07,-3.82770394157e-13,-2.16167166632e-12,4.33863405272e-12,6.54540607175e-17
1.00161401395e-09,4.51770461318e-11,1.57909588183e-10,-7.34271584507e-12,-7.89113310777e-16
-2.89671310196e-35,-1.12286558037e-35,2.08250303685e-35,-7.21063832479e-36,-5.63512946143e-28
6.20912646494e-35,-3.32382908912e-35,-3.88095831012e-35,-1.62191387229e-35,1.63386327017e-29
-9.75416258351e-35,-5.97701167443e-35,-7.69940534594e-35,9.57004389315e-35,6.2751659442e-35
3.87515255001e-21,4.80749940834e-06,2.16658394371e-33,-4.74280861282e-35,-1.43906837401e-12
-1.54879435286e-05,-9.44227451782e-07,-1.32810074049e-08,8.60843041295e-09,-2.22683343987e-10
6.39264308155e-10,8.21280335406e-11,3.34739375107e-10,-2.18309962122e-13,-1.518604964e-10
-1.33898959832e-14,1.13448122424e-11,3.86632017363e-14,3.14225760619e-15,-4.01288334159e-12
1.62075366826e-14,-4.92660686552e-12,2.43843768961e-12,6.3952898424e-14,-5.79527528397e-12
-4.61472535935e-35,-2.00500908835e-35,4.29812047744e-35,3.47921001335e-36,-4.62341536492e-36
-4.8752227709e-35,-1.53274232299e-35,-7.61515947957e-35,5.74604827145e-35,-6.34009478792e-35
3.00877516634e-15,-7.32994556978e-13,-5.43124674738e-14,-1.66941167921e-13,1.86912049965e-13
4.7937570246e-16,-4.91443587214e-11,-1.31897734379e-13,2.51627733407e-12,-7.46467887502e-11
-9.78311534431e-15,-5.56348821179e-11,-1.72904253188e-15,7.31713734742e-12,-1.15522452715e-10
-3.5896751473e-14,1.76591848783e-11,1.12352286491e-13,-5.04472657224e-13,2.76433181901e-11
2.84737695576e-16,3.02533657848e-11,3.27972749599e-14,-1.31038062345e-12,8.37480709781e-11
1.48696227315e-14,3.40960831617e-12,-6.25729834971e-15,-9.12919479595e-13,1.17615379241e-12
-2.71976434836e-14,1.07077530436e-12,-5.28100817471e-15,-2.1813802121e-14,-9.21461691672e-12
9.78186851181e-15,-6.22927165579e-13,-7.00394806714e-14,-1.64495001144e-14,1.09136436e-10
-1.62825668611e-14,2.11679598275e-14,5.8441119511e-14,-2.51285674498e-17,-9.70598601491e-11
6.25878785715e-15,-1.921084819e-13,-1.05608893721e-15,-3.06956676331e-14,-3.42181727289e-14
2.69308840094e-14,-4.35521871388e-13,-1.82498648321e-15,8.80600968833e-16,-1.83716594455e-13
3.55373621697e-14,-2.04069189356e-15,-1.21500332954e-15,-3.74128930147e-14,1.22559573601e-10
1.0616958718e-15,-5.35179485363e-13,-1.30564870439e-13,-8.1184499634e-15,-2.81205397509e-13
1.08566755586e-09,1.60648300218e-10,-3.80823706791e-07,-1.7348634529e-08,1.21735252087e-11
2.74980504946e-14,2.2860478701e-13,4.53270841e-12,2.9200342231e-12,1.24617566266e-10
-3.75050483988e-35,-4.59778142332e-35,-5.19458759646e-35,-6.27674379281e-35,-3.70033998709e-35
4.79457099023e-12,3.25834574166e-13,-4.09048184213e-10,-2.0425626468e-11,7.53932818953e-11
5.21404581618e-35,-3.59154689437e-34,-2.2153644625e-35,-1.52444025064e-35,2.30497868759e-35
6.64634378271e-35,-4.78809728776e-35,-6.01255258541e-35,5.47029669699e-35,-1.02529424001e-35
2.38201385699e-12,1.3848433034e-13,-5.30206541378e-14,-2.79338972268e-15,3.84875117887e-11
8.79947969958e-14,-6.71312828324e-15,7.26442257043e-12,4.16007560431e-13,1.0725186711e-10
6.97000237474e-13,2.14709841703e-14,3.49477695047e-12,1.64225534213e-12,-7.05524735856e-11
-3.02242976096e-15,-7.02495160432e-15,-1.03659387931e-12,-4.47157989889e-13,8.64061860256e-12
-2.25111284322e-13,1.21120182026e-13,1.62443201251e-11,7.98183047435e-12,-1.86357679288e-10
-2.18057898669e-13,-2.18800116913e-10,-5.90317551785e-12,-1.44239464123e-11,-1.95816873827e-09
-2.83271258013e-12,-4.6557896427e-13,-2.28874350028e-10,-1.1680061085e-10,-5.21139020826e-10
-0.857285559177,0.0487611815333,0.537466704845,-0.121120035648,-0.473046511412
1.34306649135e-10,-9.80955659584e-13,-7.51714283268e-13,-3.81516519765e-12,-4.00907199148e-14
-3.88834472433e-14,2.37643541998e-12,-7.90527514868e-14,4.92894638407e-14,5.91037960761e-13
7.65513818784e-14,5.72382870268e-11,1.83272688692e-10,1.70178662828e-10,4.89817573168e-08
9.04035418574e-14,1.54783325913e-12,6.51451006854e-14,1.58435100434e-13,1.71740052735e-11
4.79008239324e-12,1.20950948909e-11,3.75313624309e-14,1.64308142287e-13,3.35804051232e-09
6.04137242046e-25,-3.90458200446e-20,-9.82859558127e-21,4.20972595459e-17,-6.45852239994e-35
-4.52098083281e-35,-5.85601381646e-35,1.56119367716e-35,-3.06826410467e-36,4.44068819756e-36
2.1430891521e-24,-2.27795379696e-35,-2.94921960304e-23,2.1684336541e-35,2.13531016906e-35
6.41295190483e-35,7.98863033562e-35,2.28250553723e-35,-7.78442492637e-35,-1.22730105009e-35
-6.93590741578e-35,-5.56335991894e-35,4.40424170249e-36,-4.85245388155e-35,5.15159423496e-35
-3.88684783528e-35,4.68004880872e-35,3.98098266267e-35,-4.58361149325e-35,2.71919738377e-35
-2.35503543278e-34,-9.0453761947e-26,-3.02167552651e-19,-3.2561535031e-35,-2.7052171514e-35
1.34457612663e-35,2.50341266639e-36,-3.72501754078e-29,1.96701990043e-35,-2.79780397671e-35
-6.99865054798e-10,-5.82895814949e-11,2.24758545109e-11,2.96858566375e-13,5.20440686103e-08
2.65793526077e-10,1.55033173799e-11,5.51710695358e-13,-1.0103434067e-13,4.51961862033e-12
-2.58876586834e-09,-1.52286724897e-10,-7.12583547724e-10,8.76049721047e-13,-1.40244399427e-10
7.12896284786e-35,1.87806575846e-10,-5.18596366939e-35,-3.22119517355e-35,3.59649621522e-27
4.57578825692e-35,4.43715367891e-35,-8.48170042374e-36,-4.31703600678e-35,4.41607771952e-35
6.06985572915e-09,6.0461379743e-35,2.44770717276e-17,6.07156722319e-35,3.80539104162e-36
1.11976435069e-11,1.33469158035e-12,3.72063404391e-12,-6.70745739766e-14,1.0027580849e-10
-4.5851824941e-12,2.37545741541e-13,-1.63805644396e-12,-1.28625679986e-13,-1.1784715185e-13
5.77334637268e-35,4.82799923686e-35,-3.67781819261e-35,5.80428288148e-35,4.77075157143e-35
4.8514557445e-35,-4.46451549101e-35,-7.81256906211e-35,4.47599837187e-35,-5.5219599033e-35
3.68379438753e-36,7.76553278638e-36,2.43011646102e-35,6.09271234618e-35,-5.21492743694e-35
-5.69434833094e-35,-8.37857108436e-34,-5.71493325741e-35,3.61525452587e-14,6.07271172306e-35
-5.98998573414e-35,-7.22503942203e-35,-9.7544055171e-36,-3.6759017006e-35,2.30721014665e-35
-2.1228812391e-35,2.43063533157e-35,-2.34354816105e-35,-2.31747261986e-35,2.29905601555e-35
-4.01934521928e-35,-4.71509093817e-35,-4.96215080774e-35,-4.35119077574e-35,4.91213891844e-35
4.16942608911e-12,-1.62381161317e-06,-1.14185225351e-34,-1.08895266105e-20,1.04104778183e-12
3.15254538918e-07,-1.37708127568e-06,2.42733221967e-06,-7.90002091522e-12,1.00639482525e-07
-1.82448479791e-06,2.23368851948e-06,2.233162013e-05,3.8897822463e-11,-6.44591409582e-06
-2.96163481821e-15,2.97543298492e-15,9.01952869488e-15,-1.62152732467e-19,-4.83327333505e-15
-3.07572856802e-16,3.59887385099e-16,-1.28204874017e-14,5.77359991048e-21,-3.36584931679e-15
-2.74506657775e-14,-2.64812496059e-36,-6.11988876538e-35,2.98093425215e-14,-4.37722326904e-35
2.48562011298e-35,1.16767742818e-34,-3.9319674755e-35,-3.48664969299e-35,1.16696099652e-34
1.19427542747e-16,6.77379444391e-19,3.86308979776e-18,-6.86417433829e-22,-1.53093760591e-17
-1.64700620157e-23,1.92093943133e-35,1.7947323315e-12,2.58456717049e-25,-2.17425366995e-17
2.41540437045e-23,2.45444540587e-35,-2.37633003553e-12,-3.95594367572e-25,2.70103305515e-17
-3.93671600477e-31,1.32695174697e-34,1.61177613478e-08,1.36733453946e-14,-2.21648072781e-25
3.33386957871e-35,9.4615982256e-35,2.76950773843e-35,1.03196442429e-34,1.78927818083e-35
-1.05376688278e-12,1.30184610921e-12,-4.38418155946e-11,-9.22507513088e-13,-1.49972950725e-10
-5.93658224519e-35,4.75835980616e-35,6.62814953337e-27,-4.29057963526e-35,8.32122636028e-35
-3.06534505589e-24,-2.08112532074e-32,3.09622571736e-35,2.05970358349e-35,3.81932820873e-13
9.83234902906e-35,-3.85170813062e-35,-1.1191334145e-34,-6.18004987748e-33,1.41977829875e-31
2.94296863247e-35,2.18369341322e-35,3.85519357468e-35,5.87903080515e-36,3.45042245517e-36
-1.52465159063e-21,-2.90410011968e-35,5.57778784936e-35,-3.8785190015e-36,5.23163173972e-35
4.16616578383e-35,-7.22061304775e-21,3.61774629869e-35,-3.33812044918e-17,-5.36513931417e-35
-6.27022634245e-35,7.18804361893e-21,-3.60654265514e-35,1.18404791822e-17,3.59740990204e-34
-6.23910056643e-36,-3.45992938351e-30,6.20574290087e-35,-1.50608646097e-26,2.26977182822e-35
1.70895296612e-12,-7.61179516048e-21,1.62495072351e-22,-4.48771523279e-15,-2.13946066804e-23
-5.0130156192e-35,2.04978606737e-35,-4.56259953173e-35,1.43992834832e-35,-5.04155579552e-35
-4.37425755649e-35,-5.55319380126e-36,9.43954536613e-36,7.85513309266e-35,3.86569984243e-35
-1.01666721916e-11,-9.46191692705e-13,-4.12529125443e-12,2.15438535067e-11,-1.46693879266e-10
8.47161403528e-12,9.21597325364e-13,1.68143168659e-12,1.29410406002e-11,8.65428076424e-11
5.48534107318e-35,-4.00905390399e-35,4.51015945452e-35,-5.29918306083e-35,9.16180182237e-35
-4.34508945497e-35,2.39794605624e-36,3.64732105927e-35,2.95402505224e-35,-5.08723706719e-35
-1.06617349099e-34,3.76656629419e-35,-6.45256399815e-35,2.58530553516e-35,6.54922487566e-35
9.43965905442e-10,2.44835957064e-11,-2.97765094916e-13,-2.2735853727e-13,1.2528679808e-13
-3.93735324597e-18,-6.01238089391e-19,-5.30983488004e-20,2.98912094493e-21,-3.31719071173e-19
-8.35272892519e-11,2.28770561522e-11,-3.53896599525e-14,-1.0293208343e-12,-4.23071343583e-12
-1.67166156473e-08,1.45242357637e-12,3.27015080596e-13,9.83579277053e-12,3.07885471675e-13
1.64437374828e-09,1.02848229933e-10,-1.01455475965e-11,-9.45842796446e-13,2.9813579383e-10
-2.79320430717e-13,0.00499122124165,-0.00173614837695,0.000222076952923,4.87991605133e-15
4.26819201671e-26,7.06674464109e-27,-3.09962288041e-14,3.34671485575e-17,9.52532594871e-27
8.05842041086e-19,1.29914996604e-19,4.19007512108e-19,-8.98366107976e-22,1.29814795659e-14
-1.13385682563e-34,8.1824158599e-35,-1.02828618308e-34,-5.00162572179e-35,-2.43836013173e-36
0.517258167267,0.368850946426,0.0911846533418,-1.70678806305,-1.30539190769
3.05624800397e-36,-5.78545442367e-34,-4.47685416389e-35,4.080819367e-22,3.6336973983e-21
-1.93136132087e-11,-1.62163728626e-12,-4.76730988019e-10,-2.101187029e-14,8.79626371741e-11
8.47291363216e-36,4.84353091515e-35,-2.13604528351e-35,-5.4456118896e-35,-3.23488555014e-35
-2.5505095258e-10,-1.77099966636e-11,-1.19956410256e-12,1.48557977985e-13,-1.37281028559e-11
1.38870770439e-09,6.43499767361e-11,-6.4617478035e-10,-5.66150533572e-13,2.3701007823e-10
-1.20820506377e-11,1.42887451545e-13,4.40080480738e-12,-2.92339530404e-14,1.40045405828e-11
-1.17261140034e-11,-2.13174638532e-12,-1.42860723251e-11,1.1446974011e-13,-1.33328431628e-10
-2.70356740467e-11,-2.73765255257e-12,-5.7210952642e-10,-4.34063761768e-14,-1.06719549864e-10
1.88121584976e-09,8.21553866603e-11,-5.20040122076e-10,-1.00558276983e-12,-4.14939090032e-11
5.83340542537e-10,1.11240504655e-11,5.38110778159e-10,-2.55725453834e-13,-4.81831137489e-11
4.53172501189e-35,-5.37454671281e-35,7.39783320182e-30,-5.11070792412e-35,-5.35426050502e-28
-1.21955001653e-10,1.91206273904e-12,1.62027648243e-11,1.06248798822e-12,6.51859677347e-10
2.37891484289e-09,6.07473307768e-11,4.68684646648e-10,-9.04850792818e-13,-1.7945801789e-10
-3.53598317293e-10,-4.29810735614e-11,-6.94104995702e-10,3.28787696938e-14,3.03072511532e-10
0.745140492916,0.449078470469,1.7431936264,-0.620036303997,-0.749988794327
-6.30595781209e-35,-4.46753573089e-35,4.13363908602e-35,5.83102882179e-35,3.56269924133e-35
9.88072954685e-36,3.50834181116e-35,6.93185373959e-36,-1.46286641588e-35,3.79303098829e-35
5.70228291781e-35,3.47101068197e-35,-4.52956691896e-17,-7.04556875572e-35,-1.18017493564e-13
-3.58113177336e-35,-4.79148257373e-35,-1.55399937049e-35,2.41578094007e-35,2.26026814581e-35
5.23494585319e-35,3.9007884636e-35,-1.17263895882e-22,-5.00977841796e-35,8.61762542413e-35
0.0158564392477,0.0377804078162,-1.03659510612,0.122512198985,0.444579780102
8.36564431992e-35,-1.0716000163e-13,-1.01352759518e-09,-1.2094111587e-25,-6.72206907192e-29
5.68267661335e-35,-4.99048091036e-35,3.85000802599e-35,-4.95997129312e-36,-4.3201225404e-35
0.715420007706,0.625282645226,-0.932281434536,0.916858315468,-1.88570094109
-4.85405641095e-35,4.92621672603e-36,-5.32684475074e-20,-1.0107690682e-20,4.41442668949e-35
2.34919905751e-09,1.95688104609e-10,3.55592833824e-13,-3.45713481985e-14,1.77904208292e-12
-1.00273201658e-18,4.1226793399e-18,3.2696720936e-20,-1.97334177947e-20,-1.61892913744e-20
5.88974786406e-35,5.63346943259e-35,6.55536752241e-35,5.81650159424e-35,-1.12691529576e-28
-1.08962829959e-21,-1.05016453038e-19,-3.18314867841e-19,-3.02534433102e-19,-8.57793309709e-17
1.55374691005e-26,1.19925159167e-23,6.89181545643e-24,-9.28949349125e-24,-4.09646607596e-22
5.95392181738e-12,2.68504921576e-24,2.17757347663e-14,8.7652532801e-37,1.76278835973e-09
2.17409947373e-35,-1.13843987607e-35,1.99423563671e-35,4.63662230629e-20,1.34031295071e-35
6.66722187563e-26,-2.50058384613e-35,3.85111973772e-36,3.96972049247e-16,-1.77018902501e-35
-1.23245341596e-27,-9.16589653755e-35,-8.69122726021e-27,5.31790602261e-35,-5.52139568897e-35
5.8567450566e-35,-2.69085003167e-14,7.4619916473e-35,5.80620970498e-35,8.8234477121e-35
1.43953515774e-09,6.11005621098e-11,-1.24160863882e-11,-6.96198307337e-13,-1.29199720367e-10
1.00822250548e-09,1.86425250237e-10,-5.83604670666e-13,-7.9141565263e-13,-1.78581413546e-10
5.78805796694e-12,-1.0445226769e-13,-3.64612067752e-13,2.99372852897e-11,4.96974728037e-09
-1.82665410575e-11,5.87212015124e-11,-3.93394733456e-10,4.75933752315e-14,3.81610512079e-08
2.48972802952e-35,-3.43443604768e-35,3.0157192776e-35,4.62170858787e-35,-1.12158454694e-35
-5.58973494661e-13,1.13528852985e-10,3.83663543643e-12,8.31265530585e-14,6.35691360662e-11
1.75954612572e-20,2.73905598365e-18,7.80857583454e-14,-1.17440783741e-23,-3.04807525426e-19
5.68193340613e-18,1.62445233871e-18,-1.81842157976e-13,-6.18804243897e-21,1.78818366266e-17
1.07644042661e-18,1.99826507202e-15,1.80324251218e-14,-9.58730703698e-22,3.568617222e-18
-1.03527261946e-17,-1.11928323314e-17,7.26057848843e-16,8.49246705525e-21,-5.19616042447e-18
6.93628265935e-10,3.33720412415e-11,-1.84592910402e-10,-4.40593525206e-13,-1.57865914785e-10
-5.48834828678e-23,6.51602213852e-25,2.94305449729e-22,-1.44138908154e-27,-2.58603719306e-23
6.461212606e-35,-2.42445965207e-15,3.39538845567e-35,-4.29715291128e-10,-3.80668914944e-16
0.000264681235421,-5.67842203735e-21,5.40768924111e-05,-4.72740481428e-07,1.12813289067e-21
9.72219613843e-12,-8.12914731189e-14,1.40417552585e-10,5.17264963501e-12,-5.71618056708e-12
-7.31665908416e-11,-6.73713342059e-12,-1.45966867066e-11,5.70146618177e-14,3.58615498408e-10
-6.42428776843e-10,-5.94778837293e-10,-6.67423191367e-12,4.63365673956e-13,2.48158160687e-10
-4.30805564833e-11,2.98748384971e-13,-2.02555489742e-11,8.47150108852e-14,3.97836735777e-10
5.08710044575e-13,-1.15844952988e-12,1.34193068983e-12,8.15478153754e-12,-9.42788833114e-11
2.38133002206e-09,-6.77803038412e-20,5.74881550815e-18,-1.24744878669e-20,-1.37547593742e-18
-1.44525741088e-18,2.60447276741e-19,-1.77423913461e-18,1.20223827711e-20,2.94765552789e-19
-1.82731141329e-09,-9.41939096166e-11,-1.36671047743e-11,1.04082573723e-12,5.7549981447e-10
-5.42667299985e-10,-6.67814553656e-11,5.93458060472e-11,7.69549571636e-13,6.44010192397e-11
-3.71955022338e-09,-4.11339573514e-10,-7.48769657388e-10,2.09353107766e-12,4.00351210517e-11
1.12674605846,-0.180512398481,-0.92919588089,-0.425792515278,-0.0926000326872
8.00796985797e-34,1.54681252545e-35,7.97840172676e-36,3.44708667426e-35,2.24307324059e-35
-5.27766705325e-15,5.18126169199e-35,-6.05616124473e-35,1.1611715399e-31,-6.04312749194e-35
1.44691868834e-25,4.39524484477e-27,4.04104278351e-29,-1.26328846919e-29,1.40139374577e-29
-1.00353529969e-24,8.38915904594e-25,-8.30393825213e-29,-6.69849749496e-29,-4.78587196491e-30
5.42140979253e-35,-3.21963614487e-30,6.81142554869e-35,-1.25502044666e-35,-4.73336404285e-29
7.81050620728e-35,-3.6280086284e-35,-5.57654807016e-35,-4.2598402858e-35,7.42389369172e-35
4.82973320583e-35,-1.14990703009e-34,7.03833326656e-35,-5.72780572411e-35,-9.41152434735e-35
1.94123117581e-09,1.93492860623e-10,2.48481167283e-13,-2.70740488405e-13,7.64281866961e-12
3.90250677374e-17,-1.38186027248e-19,3.36169553285e-22,-1.4772718726e-20,3.43740817888e-18
2.7942417001e-19,5.48611296836e-07,9.80550444673e-19,-2.48544221841e-22,7.56061947532e-14
2.30947470449e-17,3.8428602687e-18,4.15188336502e-18,-1.25446665486e-21,1.56814860576e-12
-5.8647454948e-11,-3.7337142926e-12,-1.27178224549e-11,4.76621997078e-13,-6.53200687983e-11
-4.68368677176e-10,-3.45229504706e-11,-8.68641103491e-10,2.62948652652e-13,-4.65555700657e-08
-1.14270548579e-09,-2.87498885809e-10,3.18694515222e-10,7.20944354562e-13,-2.53877641132e-10
1.81960560715e-17,2.01863481647e-18,7.04342223637e-19,-3.0060399699e-14,-3.25444318929e-17
4.60415875788e-17,2.73764894942e-18,7.10382916856e-19,-2.56883110577e-19,-8.03745675901e-18
3.62108942831e-09,2.50133219692e-10,8.5681972628e-10,-2.79765251764e-12,3.64520393037e-12
8.76271610828e-10,2.35444913566e-10,2.91992575951e-11,-5.13062574196e-13,-8.42729441786e-09
-4.97484476919e-35,-2.24381179887e-35,3.78839214779e-35,4.88542741644e-35,1.22557612777e-29
8.19206547466e-35,5.58468412115e-35,1.44105448109e-35,7.36701537717e-35,-5.61211136605e-35
-5.39011397735e-35,4.4293809521e-35,-4.22360314696e-35,-4.88254837364e-35,3.60257622267e-35
5.75531562095e-35,-9.95223137273e-36,8.51267237529e-35,4.39880001886e-35,-4.28124513105e-35
-4.61715112898e-23,-2.34591457371e-10,7.51248340378e-20,2.07387970219e-19,1.04906478407e-20
-4.81815654041e-09,-3.89528131972e-10,-1.01544628262e-09,2.30981705117e-12,5.70928755661e-11
9.03267193572e-14,9.43072083591e-35,-1.3105588898e-16,-1.63726810023e-15,-3.38878036743e-10
-5.21460027298e-35,5.5948353873e-35,5.18861484537e-35,-9.3463676368e-35,3.07031720198e-35
4.35430620946e-21,-2.16625155662e-36,-6.48307060203e-35,3.3550495276e-18,-1.57525954086e-11
9.17936880484e-35,5.42834739029e-35,4.34043942201e-35,-4.41485028072e-35,1.06172153573e-34
5.21098234008e-11,-1.45248491511e-13,1.87981097702e-12,1.8553291092e-14,4.33049969217e-08
1.04674837038e-23,1.37568181491e-20,4.24124029053e-23,-2.83141439712e-22,2.41313141606e-20
-3.84135675742e-14,-3.97555557539e-14,8.03071672594e-16,3.02295619194e-15,-9.99060114693e-14
8.84989420063e-17,-1.15605008205e-13,-1.94693514782e-11,1.19932098039e-14,-1.53973865992e-13
2.65308508148e-21,3.89594293015e-17,-2.35252485895e-12,2.62346729017e-15,-1.00045997891e-17
2.61330602237e-19,1.61509055421e-15,3.20941155596e-11,-1.68916394544e-14,5.1883974039e-15
-1.05513535595e-18,-7.21978358174e-13,2.19589022521e-08,-9.83238750835e-12,1.96566595025e-15
-1.48607536612e-16,1.75630180971e-13,4.91642351017e-14,-9.79549811896e-15,2.78822646395e-13
9.27387574829e-16,-1.04149956888e-12,-2.19088913678e-11,5.04120738752e-14,-1.15292638717e-12
-4.47476885035e-17,2.01176050916e-14,-1.323718999e-11,7.44828088366e-15,2.71762050797e-14
1.9026624485e-16,-2.58448671535e-13,-9.36356976114e-14,1.13044331044e-14,-4.1946031067e-13
-1.16309717413e-09,3.21187854091e-10,2.53289755278e-18,5.31217705487e-17,1.90001526335e-06
3.31711833343e-17,8.9546561289e-19,1.57384850491e-19,-3.48287725025e-20,1.446189557e-10
1.18306672573,-0.723990261555,0.156414836645,-0.122014634311,0.0259537119418
-4.68380134677e-09,-2.23154994483e-10,-4.5113882248e-12,2.66949179775e-12,-1.10823468458e-10
2.61219579301e-09,2.29292682064e-10,3.88675147622e-10,-1.50779974444e-12,1.08457555437e-10
6.80725209534e-09,2.77943223992e-10,4.31081947916e-10,-4.06913868919e-12,1.36897951308e-10
-4.22657775607e-35,-8.84874322554e-35,3.79865792133e-35,-4.2895797763e-35,1.00452822543e-36
5.1345306258e-35,5.57397438038e-35,5.80223437594e-35,4.95733747979e-35,-5.0961617555e-35
-2.58453153412e-35,4.46971711091e-35,-4.32082020319e-35,4.0579623324e-35,-2.10454384292e-35
-3.26766231634e-15,2.3729314954e-12,5.27005251504e-13,-6.73520484176e-14,2.90680066822e-12
-3.21634402055e-14,1.70009649804e-13,3.72145788849e-14,-5.81936156368e-15,2.15176902446e-13
3.75018357325e-20,2.53005727306e-20,2.38842525176e-21,2.73823722671e-21,6.97318103144e-22
8.67442801688e-18,-1.20421488265e-15,7.38701228008e-14,-4.72480589572e-16,2.09538883437e-15
8.41118009811e-26,-8.34397743203e-24,1.79865808417e-24,3.87852772611e-24,-1.25297264066e-22
-6.33744074208e-35,4.0000227439e-36,-5.59724377319e-35,5.32573844249e-35,-5.49536606553e-35
1.21533174149e-11,-1.70891458536e-13,-3.85993618795e-13,-1.06024713206e-13,1.10870854164e-10
6.03071817946e-21,-6.0788065344e-21,-2.60121847409e-22,-3.99207784155e-21,-2.09631639469e-21
-6.73956279239e-13,1.39868337707e-15,6.10036686151e-15,4.77081820772e-14,1.25082236235e-14
8.54957516458e-14,-3.4197633874e-14,-4.12349614767e-15,-4.31402384247e-14,9.25082321857e-09
-1.69607546324e-13,-3.71852173348e-14,4.79693350403e-15,2.32730203381e-13,-1.06443256986e-10
2.12104571645e-14,-8.70739095518e-14,-1.13702230004e-15,-3.98709555226e-14,-2.35353514455e-10
-4.00048714316e-14,-8.68663119409e-15,1.02419168812e-15,6.92534349433e-15,-8.04390598184e-15
2.1350545572e-13,-6.02119198142e-14,-6.90671512224e-15,-2.32899213559e-14,-4.18127446729e-14
-4.17672027606e-13,3.73581035356e-14,1.40067883846e-14,5.50563894063e-14,3.48040552541e-14
-1.24426009318e-13,2.03735056034e-14,4.12035873763e-15,1.0362898597e-15,2.47700250339e-14
1.45698245677e-13,-1.18816593764e-15,-2.71344018862e-15,-7.31517029127e-16,3.24237541824e-16
-1.15457725525,-0.910177946091,0.351609140635,-0.788656592369,0.385355174541
-4.0502096946e-35,4.5993274165e-35,1.008195102e-34,-5.66213358683e-35,2.57230421178e-35
0.92719745636,0.266751497984,1.10888886452,1.1730222702,1.0503667593
-1.54321676965e-11,-1.2386588066e-12,-8.28780211126e-10,1.11985895614e-14,2.64299110375e-10
2.15702211648e-09,1.69271957562e-10,8.08016986653e-10,-1.52532337889e-12,-4.57583727853e-11
-3.8471999024e-12,-4.22010308643e-11,2.35891306488e-10,1.23405263466e-14,-1.4643188051e-10
-2.26362249495e-15,-2.38561204766e-17,-8.02348094699e-16,3.00234560807e-19,1.62615799258e-15
-7.9797800312e-12,-5.55751902831e-11,-2.88841617291e-10,4.59914834623e-14,-2.99722364983e-11
-5.15615042351e-35,-1.81176080173e-35,-5.71602387567e-36,5.49360913769e-35,3.81178257692e-36
-5.25918169975e-20,-1.71165425583e-12,-2.92641951745e-31,3.0428639209e-12,2.51063829637e-06
0.383129239082,-1.24742376804,-0.957683026791,-0.141445592046,0.487030655146
4.92278370845e-11,-1.77590008671e-11,3.48609405232e-11,1.55946575233e-14,-4.23005866446e-11
5.89048082611e-35,7.08877276489e-35,-7.08945177359e-35,-6.01126631449e-35,5.71635096788e-35
-8.81967743283e-09,-3.4808045335e-10,-2.42355757685e-09,3.00357872254e-12,-1.7483401879e-11
-1.03397082563e-11,-6.41060602622e-30,-2.14165671931e-35,5.80785298305e-22,6.11502170717e-26
1.43066711256e-10,1.52184247655e-30,7.21403465973e-35,-1.74272159821e-22,-1.86779967791e-26
-2.08244076303e-20,3.82054812827e-21,-1.84361311822e-18,-1.26112292232e-19,-2.24505520187e-17
-6.38504010627e-20,1.25043431093e-20,4.48238782486e-19,-1.74487223246e-19,-4.69134855752e-17
4.70515518939e-22,8.68110139341e-21,8.89541345343e-19,-4.06266681778e-19,-1.32275867887e-16
-1.53934434173e-16,-5.16954046844e-13,-1.61981959421e-13,-7.52955585576e-24,1.48455465973e-35
2.62946078942e-16,-1.68801463692e-12,-5.01964518129e-13,2.09862133897e-23,-1.46385666081e-35
7.92750112911e-17,-9.52887491135e-11,-1.78423647385e-11,8.98933526947e-25,-3.15500990544e-36
-7.41923702387e-17,2.08305551627e-12,6.0237643866e-13,-8.06394916561e-24,1.15629886672e-35
9.58328841359e-17,1.93842533171e-12,4.93162477001e-13,6.5952262386e-24,-3.52746454433e-36
-4.30372993577e-15,2.36426611795e-12,6.52115405946e-13,-3.31534856627e-23,2.99375337486e-35
-2.16403559479e-35,2.67719010591e-35,-9.76029375083e-36,1.89467290101e-35,-1.1184972241e-35
-6.65696942015e-10,3.13349572797e-14,1.13053941209e-11,2.97191970401e-15,4.81000737287e-14
2.12412596193e-12,2.34818783341e-13,-2.96428603133e-16,-2.31719759356e-16,-4.20677964577e-14
-4.33807567646e-09,1.10376036653e-13,-2.00052105957e-14,1.1633623142e-14,-3.22074934361e-16
2.1241617354e-09,5.51100007642e-12,-5.14634233666e-13,1.39662085607e-13,3.05459986054e-16
-8.40256076523e-12,8.93181795886e-13,3.58149797593e-15,-3.73147828825e-14,1.58655425244e-16
-6.93532120621e-09,-1.90440552217e-10,8.05891762913e-17,2.74674217832e-14,2.59393401077e-17
4.22633560093e-11,-1.0017374842e-13,-3.73348609515e-14,-3.36219496255e-13,-1.16970072527e-15
-2.29611746283e-11,-1.89200326413e-12,-3.36525660549e-16,-4.98095522347e-15,3.01187498929e-16
-3.50826198861e-18,-1.78684242966e-13,-1.26238015405e-22,7.70396106104e-16,-4.04964283678e-14
4.89588173974e-35,2.65867133462e-36,-1.07304647387e-36,-8.37114870997e-35,2.88814241079e-36
1.84832531225e-11,2.26614124059e-13,1.48292749608e-11,1.56969576226e-12,2.2198244551e-05
2.96713868753e-12,-1.24442370606e-14,-2.81674489289e-10,-1.31469756956e-11,1.21850174395e-09
6.31092053616e-11,-9.32389148528e-12,2.4924079467e-10,-1.87363637111e-14,-2.53984420301e-11
-3.18648314686e-18,-8.24333223209e-13,3.49897101325e-17,-4.20053061785e-16,6.55728021794e-13
-2.46811773029e-18,9.75180223031e-14,1.29014723211e-17,-2.35216934229e-18,3.50788403655e-15
-3.55812444923e-26,-4.9185593056e-21,7.42489245326e-25,-1.38307265005e-24,2.13845716754e-21
1.66004031632e-17,6.83217317356e-14,-5.74771676414e-17,1.35399291953e-17,-1.90868913556e-14
-3.8017983206e-10,-6.21124200961e-08,1.22552390458e-09,-2.5811039961e-15,2.78088977717e-20
-1.43738076996e-11,-7.37455506817e-13,4.10323196861e-13,3.36142272261e-15,-1.82163867324e-11
-9.88606852631e-12,-9.85727341765e-13,8.50394546448e-11,9.70766334343e-15,-5.85221662797e-11
-1.94138100833e-35,4.1462122264e-35,-6.80582530534e-35,3.55795622494e-35,-4.1720897473e-35
-6.33678641417e-35,-5.86058242205e-15,1.92985059357e-12,-5.97577820892e-35,-1.66277978053e-08
1.97914341697e-05,1.75334080268e-05,-3.6751398841e-22,-6.23491508057e-15,-3.61879529009e-07
-1.13864938311e-10,-7.57076861141e-34,-1.01928892843e-12,4.63627599345e-35,-4.3980162603e-35
-5.49164730191e-35,7.07299887048e-35,6.03742795146e-35,5.92530771612e-35,-3.43699148664e-18
8.56960197249e-11,6.86412593431e-11,3.29491767204e-10,3.86794871306e-13,3.82509232622e-11
-6.41429825921e-11,-5.51456840261e-12,-4.55229354213e-10,2.29986335017e-14,-2.01516733855e-10
1.13251706054e-34,-7.68383291565e-35,-2.94309806312e-36,1.21380123216e-36,-3.40569842505e-35
-1.52640021005e-18,1.26917242591e-26,-2.09252334571e-07,2.44530781131e-18,-0.000129742067656
8.1063272761e-10,3.36450203635e-12,-1.52053374638e-14,-1.67091091397e-12,6.98853084777e-13
-5.59692348023e-10,2.50815115205e-11,-1.30717012803e-14,1.66951738892e-13,-1.71208498767e-11
7.20059298645e-12,1.29917457001e-11,2.10443204529e-10,-9.46962300241e-12,-1.18790642792e-15
-3.89962444868e-35,-2.4109805265e-35,-2.93989817005e-35,2.68265030013e-35,2.75864646909e-35
-9.08160303151e-35,-3.00918433619e-16,2.31812347096e-09,-1.54174734774e-15,1.34296610291e-11
2.16788011154e-11,-8.79697315968e-14,8.05818346078e-12,-6.20174416921e-14,1.09602362741e-08
1.44718313777e-07,4.05599121174e-19,3.91140308575e-33,1.37952710935e-32,-1.69160557806e-32
1.10129873156e-35,8.1172629729e-10,4.41340846343e-35,1.31182581423e-20,2.04690395378e-16
1.02141822696e-14,1.37347266893e-09,2.96496007696e-35,-3.7160771473e-35,-1.05673880757e-09
7.99274313092e-36,-2.21001490135e-35,-3.00675871605e-36,1.57513459247e-35,6.04573303716e-36
1.58926895916e-24,-1.29940958167e-12,-8.74124174168e-35,2.80728754812e-17,1.44036150118e-07
-2.07065473177e-19,-1.53166606607e-21,1.22994428266e-17,-6.38940629109e-22,9.65541979703e-10
-4.77917288643e-35,4.97692025141e-35,2.23387947029e-10,-4.94669981232e-19,8.52913101812e-35
-7.26765568402e-35,3.92284706279e-35,-5.40788350014e-36,-1.03731544906e-34,-9.29026361028e-35
6.34458095191e-35,2.4069859694e-35,3.61395183775e-19,-6.13724751805e-24,6.15619363289e-35
5.0228540707e-35,7.07139634107e-35,-4.00074200237e-36,3.84747996698e-35,3.87974378568e-35
-1.25255061878e-09,4.21677431686e-35,-6.17315450109e-35,4.29649160694e-09,-1.78262526268e-11
-1.03478744744e-34,-7.23719557186e-35,-4.85181677279e-35,4.35923470425e-35,4.85955448732e-35
-2.94808972157e-27,-6.02253969562e-35,2.11515097412e-19,-5.40578226094e-35,-4.60609442249e-26
0.0680285766721,0.0406954810023,-0.900837481022,-0.723980784416,-0.361632078886
4.16005901032e-35,5.85704466991e-35,2.85150736596e-35,2.44473380215e-35,4.65969461894e-35
5.17245811174e-35,7.57465887782e-35,-6.93214560427e-35,-6.58152915938e-35,4.90525699595e-35
1.47137874801e-11,5.97978047287e-13,-1.09526634724e-12,-4.23050605506e-15,2.35490151684e-11
-1.79628381614e-10,-1.09537344473e-10,-1.94240416394e-13,2.50379231237e-12,2.86042457082e-12
-1.50479836925e-10,-1.06142129808e-10,-2.20584049073e-13,8.73386784986e-14,3.36521435718e-12
3.93298978454e-12,-6.68848587626e-10,-2.86891278962e-13,6.16117009841e-12,-2.33538015315e-12
-5.15161593939e-11,-4.42265321587e-11,3.67856495265e-10,2.50667130282e-12,9.02454326546e-13
-2.1562703012e-11,-1.00556334093e-10,-9.56695727955e-14,1.14016150579e-13,3.21611313969e-12
-3.27027467606e-11,-2.05461786473e-10,-3.77552738964e-14,1.34356189911e-13,-9.83702615892e-12
-2.90820090232e-10,7.81182585285e-09,5.67159234616e-14,-1.02531119039e-14,-3.80606136885e-11
6.88954240879e-11,-4.4458636772e-10,1.08772006972e-13,1.41053862384e-13,-1.70367452784e-11
-3.81782216952e-10,8.54878923207e-09,2.6284519266e-13,-8.36670210652e-14,-8.12783382265e-11
-1.31407329462e-09,2.26740972664e-08,3.45526043758e-13,-1.63004606015e-13,-4.64801218347e-11
-1.10972386835e-09,7.14065180318e-08,5.87542709797e-14,-1.17491465775e-13,-3.88712950716e-11
-0.105002366006,0.951148509979,-1.79934215546,-0.342920511961,-0.603376805782
-1.43898225459e-25,2.41193981689e-16,-5.71506928873e-35,8.4152159728e-35,6.29780511591e-35
5.83249646781e-35,1.03883034445e-14,-1.17308008172e-35,-2.62850983132e-35,7.08837844622e-35
-7.59383500526e-10,-3.57742793722e-11,7.50648487813e-10,2.67956446962e-13,7.53784881735e-11
4.81712476617e-35,-1.02474259566e-34,3.51215499315e-35,-8.61076186874e-35,4.08789926921e-35
-4.30388143291e-35,-1.12542839338e-34,3.20256146439e-35,7.24505267253e-35,4.01525050409e-35
-4.25095793027e-17,-4.60470961363e-20,2.00547738276e-21,-1.08437513595e-17,5.21587055519e-22
-4.17314968226e-17,-1.95823862471e-20,1.5793157891e-21,9.01252051468e-21,5.36806290217e-22
1.10272195495e-14,1.06432169935e-12,-4.84375147142e-14,-5.93482121086e-12,-5.20515314878e-12
-9.39689563717e-16,-3.02809621995e-12,-5.66048638897e-14,2.60079311603e-13,-4.54384983415e-13
-2.41020618446e-27,2.34650620563e-26,1.15752193525e-21,-1.650500416e-28,-2.63389138884e-24
-1.19240277328e-18,-1.24911784976e-21,3.37024665884e-23,1.41070322033e-21,1.16137664411e-23
-6.08803561376e-24,1.11818308124e-27,6.66693036688e-26,7.95151839829e-27,2.18127816236e-29
1.55257458278e-18,-4.48084909121e-22,-2.36528882601e-23,8.33603518043e-25,-2.98409224706e-26
1.55044748783e-17,-6.96223865978e-21,-1.79710604767e-22,-3.71368703581e-22,-3.20308983348e-24
-1.66012528431e-16,2.92495830581e-21,4.52521791018e-23,-1.12093600535e-22,6.97894396012e-26
-3.06232349601e-35,-2.46076340102e-35,1.38204500906e-35,1.19191617601e-16,2.06435289898e-35
-3.27002841164e-35,-6.45495114708e-35,4.71542412883e-35,1.60030239718e-35,-1.09463285207e-34
2.27050854246e-13,8.34612800451e-30,5.59677907123e-36,-7.02666352889e-22,1.39978393917e-28
3.48237585278e-22,1.02206177993e-18,-6.44803478628e-35,-5.6992515291e-32,-1.73739672173e-35
-5.72729103726e-12,-3.20540495198e-30,1.02819107594e-35,6.86977184283e-23,-1.65724838823e-26
7.04416252468e-35,-1.12222241621e-34,7.86708031674e-35,-7.12670025083e-35,-8.49355681677e-35
1.4655576264e-35,6.09762611919e-35,6.08238831449e-36,-4.11642222638e-35,-2.46007707418e-36
4.60846964014e-35,1.16714229392e-08,-3.23457359644e-35,9.39493371988e-10,6.92555746085e-09
-7.07742133128e-13,7.95491257597e-31,-3.56195537382e-35,-9.70629099042e-22,-2.91752163113e-26
9.24216215711e-13,-2.99184550176e-29,-2.97946725136e-36,-5.6483547491e-21,6.04006335817e-27
1.4799636126e-12,2.58625073042e-31,1.48683246702e-35,-1.5647527857e-21,3.60157296655e-27
5.30180309377e-11,1.36755684466e-31,-1.8218342947e-35,-5.04616423394e-22,-1.31141361627e-26
-1.14732745873e-11,-3.2431310796e-31,-3.6564655788e-35,-9.09530218968e-22,-3.84407682068e-27
-9.88847759231e-09,-1.32519084595e-09,-3.5172034174e-09,5.1329700039e-12,9.16449693911e-11
1.88625493003e-09,1.09353699707e-10,5.96164284605e-10,-4.66337851581e-13,-3.70216426959e-11
-2.99401515136e-14,7.28750615409e-10,-4.46473709241e-14,-3.55833445391e-13,-1.40833959078e-11
-2.54647347989e-28,-1.05152705802e-25,5.36279291725e-35,-1.6150281155e-22,-3.28779025756e-35
1.12521515543e-12,-9.53666173809e-11,9.10975721941e-13,-4.26708093772e-14,2.79994907468e-12
1.3170291559e-23,-1.33604651236e-18,7.86166610753e-22,1.5516462341e-22,2.06035491143e-19
6.59060242633e-15,-2.56219160472e-11,-1.06083414283e-14,1.35137506654e-13,1.19587282785e-13
-3.66956603992e-10,1.50284157948e-12,1.5910599227e-11,1.17481952985e-11,8.33479032319e-12
-4.11338884232e-14,1.92989179325e-12,6.51495914508e-12,3.0133794765e-13,-3.03322506001e-11
9.50513112064e-35,-3.28068907782e-35,-2.93688840516e-36,1.80452717798e-35,7.97265153326e-35
-1.76764848211e-35,2.09759860415e-36,1.76949638448e-35,5.18245727536e-35,-3.70788283817e-35
3.32879509358e-35,-4.84410660892e-35,2.4724414323e-35,-2.53551376407e-35,-2.56986196155e-35
-5.71217876649e-35,-5.17379431821e-35,-5.74585025116e-35,4.05113235436e-35,-1.579783047e-35
-4.95716758413e-35,-1.15644982131e-35,-2.67112810221e-35,5.00737634576e-35,1.94407193186e-35
-3.39500003183e-26,1.01629789653e-11,-8.22003526645e-36,-1.81125053107e-13,1.84205847985e-35
2.45953916888e-28,-2.2602101126e-13,6.14369711775e-35,7.83533665467e-14,-7.65431713068e-36
9.45125468305e-28,6.37172398177e-11,-3.64470977433e-35,1.02099244219e-18,-4.55066723092e-35
-1.5063630072e-35,-3.03904535013e-36,7.08871450674e-36,3.205403773e-35,5.42244810761e-35
1.20104920864,0.26493281126,0.884540736675,0.410159319639,1.00228023529
-3.80796002369e-12,2.35753482187e-21,1.0207493451e-22,2.20172344474e-15,-6.99451804654e-24
-4.96466595239e-35,1.8675253239e-35,5.91904970103e-35,8.5092058723e-36,-2.04199267758e-35
-3.24201915314e-10,1.94657115947e-12,-7.35349489633e-11,4.83304498852e-12,3.36902068743e-11
5.02972793623e-12,-1.11076761938e-12,5.38223576818e-10,2.71653272793e-11,-1.59872326488e-09
9.44556877158e-10,-1.29849575536e-09,2.26265782999e-07,9.92311743886e-09,5.85464315916e-11
1.53359047683e-09,-1.90150659107e-10,2.22682450257e-09,9.6168829844e-11,-5.13160130708e-12
1.27961544139e-10,6.88504041352e-20,-1.41406970002e-21,4.64147034744e-15,3.23627598903e-22
-1.34522601275e-26,-4.04005108005e-30,5.43928227152e-36,1.20797398294e-37,6.45785888848e-35
-1.37729098959e-11,-1.43407432197e-12,5.64328260771e-13,8.2126442623e-15,-1.13515421021e-11
2.10910022086e-12,-5.20480950006e-11,4.40578379335e-10,-1.43476471481e-14,2.88961736483e-11
-1.66883382113e-10,1.57258613683e-12,2.81856417546e-12,-1.58675444339e-14,8.69309572243e-12
-1.01973993485e-11,5.83363110422e-14,-3.93152090744e-12,1.10993376287e-14,-4.41116899952e-11
-2.16420381842e-19,9.17469113169e-22,2.14798630436e-21,-8.15301945042e-24,2.67910436269e-19
-2.04896259959e-08,-1.17713683245e-09,-4.36312575403e-06,7.57745255431e-12,-1.50608467919e-08
-1.8650827549e-09,-5.06457931149e-11,-1.10446235491e-10,7.3092909763e-13,-3.27972544956e-12
3.07705230247e-34,1.94693365488e-28,-4.33400118724e-19,1.98192480146e-37,2.43399966758e-35
-2.70351945746e-34,-2.72969441774e-28,4.29977238887e-20,-2.82577075515e-35,5.34939584027e-35
-7.93889165693e-35,1.49657265747e-11,3.68578528809e-10,-5.82738012182e-29,1.06721777538e-34
2.41773215738e-35,-1.87753252312e-35,-2.12673976487e-35,-2.41245534717e-35,-1.73875072132e-35
-5.20343192871e-35,5.24855587372e-35,-5.64266962739e-35,5.29387726504e-35,-4.30703856508e-35
5.00365241639e-35,4.40983950646e-35,-2.86870212769e-35,4.54429946889e-16,-5.06529928908e-35
-8.45331392838e-36,2.57127508025e-35,1.19218123714e-36,1.0216793123e-17,-3.92374547223e-36
-2.55931551578e-35,3.35810783601e-35,-2.48846299556e-35,-3.96448715234e-16,-3.0675905487e-35
-3.52565423711e-35,-4.37444983706e-35,1.6087884275e-35,1.90198092586e-36,-1.58396227954e-35
-2.79903112853e-35,2.16607904379e-23,8.15006692117e-34,3.21716847403e-35,-2.3597814123e-36
3.1955411814e-29,2.21205211546e-28,1.62139327983e-35,3.964566709e-36,-1.61877823403e-23
-2.55199507879e-35,8.33499339426e-13,-2.9462167231e-30,-7.95817463157e-33,1.55925061751e-09
1.69668546248e-13,-5.64094818479e-31,-2.60702434302e-35,2.20824911809e-19,2.33045226991e-26
2.57030009256e-12,-3.82198705084e-31,-2.29215916979e-35,-9.09704932599e-20,-3.94069117338e-26
1.34151023623e-11,-5.99286016038e-31,-1.66931117631e-35,4.53372937452e-19,1.29867536154e-26
4.45466011084e-13,6.62729609061e-32,2.50196855322e-35,3.62956311082e-21,5.94008440586e-26
-2.46885610977e-05,4.08499640658e-35,-5.01073580301e-35,1.20598918576e-20,1.26918212442e-16
-3.22683253892e-20,1.73274554083e-35,1.01378685056e-34,6.38930388687e-29,2.89751863701e-32
1.19508642982e-08,2.96971887757e-35,6.37446996208e-35,9.73160896485e-13,5.53065257677e-28
1.09225538836e-07,-5.20222129263e-11,9.02095287358e-10,1.03579981899e-34,-3.70042170613e-26
7.44838320519e-36,-6.4359654445e-16,-9.46738519482e-20,8.83636150477e-35,-4.74536307455e-35
4.7484206226e-35,7.74541492951e-35,-9.93477330141e-36,5.42780728278e-35,-5.662558326e-35
3.93503785112e-10,3.12855678863e-11,4.27911400758e-10,1.49084425903e-13,5.93776156715e-12
-3.95542352056e-24,2.78069186693e-35,9.80479195172e-34,7.93337578744e-36,-7.33695862119e-25
-2.68192298137e-32,3.96495450647e-22,-2.11225499982e-28,1.21561785307e-35,4.51409639136e-24
3.42044232697e-35,6.79242248864e-35,4.75032879202e-35,-3.7391998903e-35,-9.12909575835e-35
-3.24872401146e-35,-5.0842374903e-35,1.25845739011e-35,5.25498665433e-35,-9.2312021938e-36
1.17064700552e-20,4.35134223816e-23,-2.21002127596e-14,6.60063762435e-20,-2.85319473311e-20
1.23008751869,0.863328158855,-1.33665382862,-0.474587768316,0.294129431248
4.99902275944e-35,4.67259521027e-35,-5.7148437178e-35,-5.77542644667e-35,-4.90442244088e-35
-3.66960264652e-35,-2.34934341133e-35,-3.57987219213e-35,-2.36764292538e-35,5.60629932708e-35
4.77177094544e-35,3.12702825789e-27,-4.0981722174e-35,-5.77800128439e-35,6.19339734033e-35
-5.55259220702e-35,-8.3555900562e-27,2.55636931827e-35,-2.6815436824e-35,5.34719810206e-35
-2.57906416525e-35,-2.67338983829e-35,2.53074291005e-35,2.45243593042e-35,-7.30382901262e-30
-3.16139247242e-35,-3.11811729074e-35,4.63842924885e-35,6.02819102246e-35,-4.78381775363e-35
3.74115971719e-35,-1.5110608233e-35,-8.94854258113e-35,4.95692422006e-36,1.03744183766e-34
5.21869671008e-35,-4.97422315768e-35,-7.79899823991e-23,-6.04592216088e-35,5.22016435611e-35
-5.22592531158e-35,-5.15819261536e-35,5.53138624301e-35,4.23453300593e-35,-5.2204622475e-35
2.01232321165e-35,2.82635534548e-35,6.07457004958e-15,-6.61470849972e-23,7.02248694701e-31
9.69593658306e-35,4.66550723188e-36,5.56893852934e-30,-4.26363940548e-35,-5.77850394024e-36
3.52830656104e-35,-3.6540574799e-35,-2.70711455884e-36,-1.02746880411e-35,-3.76812986525e-36
2.06197335518e-35,-9.93632036181e-29,2.80977789048e-35,4.61555101785e-35,-1.61772732161e-35
-5.11236842469e-35,4.04854948103e-35,2.67634464538e-36,-1.57687544909e-35,3.65336326094e-35
2.41997839622e-35,-5.85441760074e-35,-1.12830413199e-27,9.52679808855e-20,1.47936753262e-35
-4.92206876475e-21,-1.09770588185e-22,-3.41354659022e-21,-1.73184930769e-20,4.65809959853e-20
-4.48629154659e-12,-1.43536793562e-09,-1.76190645407e-10,1.14072758184e-10,2.1264792634e-14
-1.35285761414e-18,-2.23248313189e-18,3.27080759286e-19,-4.03332801392e-19,-2.42983736958e-23
-3.80532549915e-11,-6.42668487871e-11,-9.65225588345e-09,1.8008992908e-10,5.88174257563e-14
-7.14737297125e-11,-5.69651530807e-12,-9.7330510318e-10,7.02273322503e-14,-9.87500428651e-11
-2.64040371395e-15,-2.84678422724e-26,5.94181629449e-35,5.85680187981e-35,-4.09866173723e-17
3.20597659531e-09,2.2250377929e-10,1.18844289965e-09,-1.11004640809e-12,-9.74027941636e-11
6.5904384874e-19,8.10099332904e-19,2.29987543891e-17,-1.49265226211e-20,-3.93775664541e-16
1.71398802257e-18,1.39272373886e-19,4.57654786194e-19,-4.62790871786e-21,5.45286145191e-19
-5.66991116311e-18,-7.32058461025e-20,-5.21283741959e-19,1.6222233196e-20,-9.53752977472e-18
1.49983515191e-11,1.05819628234e-12,3.75777881034e-12,7.71564852753e-15,1.25088023273e-10
1.5094400339e-12,8.02189911719e-11,5.59246529294e-12,-3.7822311472e-14,2.60878315478e-11
-0.270026117563,1.20691668987,-0.783998727798,0.478056907654,0.809612095356
-2.83395452758e-17,3.8109633571e-18,3.56845550819e-18,-1.76927479693e-14,2.43047170664e-17
-2.10706955356e-11,-2.63703837412e-12,-1.04402320122e-09,3.51403713799e-14,-1.40526035253e-10
1.2647064819e-11,2.7004190984e-12,-1.85496873417e-09,7.57705106747e-15,4.02778990716e-11
3.6566449868e-09,2.01670957711e-10,1.65577418443e-09,-1.6573089472e-12,6.11184297616e-11
0.764335811138,-0.510780394077,-0.559987664223,0.664506196976,0.798043370247
6.56273299593e-11,7.77054375706e-12,5.46175493721e-10,2.03376852577e-13,1.00107554191e-10
-4.87158993701e-11,-2.617914132e-12,-1.03357244985e-09,8.2666790351e-14,1.2888283496e-10
-4.14266310145e-08,-6.16977224865e-09,-2.06266142946e-14,-6.64925131582e-30,3.36131955603e-10
-5.99855039861e-36,6.48879654522e-35,3.77681857939e-35,-1.01153676611e-34,-6.50990378607e-35
1.81421610981e-35,2.57556408491e-35,3.12544547635e-35,-1.90055596899e-35,2.55939300198e-35
-1.04025607572e-11,-6.68577250718e-15,-7.03288685969e-12,-9.73317495936e-14,-1.18069722888e-08
3.68926417194e-12,3.71974722075e-13,1.75335551633e-10,1.07451001222e-11,-4.92807306074e-09
1.41143119328e-13,-1.1138950141e-13,6.72222260495e-12,3.18585462915e-13,-1.29622233086e-11
1.00987586349e-11,1.38816215467e-12,-1.34909349317e-11,-1.77202339174e-12,-4.59281224163e-11
6.16975524489e-12,1.08044096673e-12,-1.2333248138e-11,-1.61755201247e-12,3.11311879053e-11
-0.505982100964,-0.750476121902,-0.348295509815,1.2462400198,0.570824146271
-4.52708759369e-10,1.27716045205e-12,6.38219588289e-10,4.84019178904e-11,3.52332940601e-09
-4.31179047803e-35,-9.64607105659e-35,9.69095221151e-35,-9.11010934349e-35,4.10647500721e-35
1.9944184082e-09,-1.82888513361e-11,1.72239777996e-09,4.46225799366e-11,1.53009254572e-11
-2.07211071218e-12,8.78295442559e-14,2.11695036501e-10,1.26397330102e-11,4.82542339419e-11
1.40812345338e-17,-1.23589789593e-14,-4.91355871768e-17,-8.54422992163e-35,6.11825983326e-35
-5.55462062354e-35,-6.59475519274e-35,-6.93613130595e-15,6.39273087652e-35,-3.33257213522e-19
7.51128951561e-35,5.42751800097e-35,5.37973541834e-35,3.62746364213e-35,-5.33110335738e-35
5.64520184771e-36,-7.73643456593e-36,4.54168284953e-36,-7.88632659735e-36,-3.56537739399e-35
5.13452775594e-35,6.33349238972e-35,-4.22714139643e-35,-3.82480836585e-35,-4.95469548736e-35
8.0940781482e-35,-5.88582447947e-36,-2.24614341602e-36,9.09342599069e-36,-1.302543881e-35
-4.19700069961e-35,2.82824896836e-09,5.4554936311e-21,-6.28117026373e-35,-2.1141828557e-28
1.84550534577e-11,3.50332447514e-13,-5.15559372971e-10,-2.54484072704e-11,2.40428410514e-09
0.701574206352,0.13734780252,-0.880870640278,0.331142097712,-0.558954417706
-4.03939338575e-12,-1.34924016404e-12,-4.1373612869e-10,-2.32566535474e-11,2.8516180528e-09
6.89573885614e-26,-6.71678901461e-29,-1.54740497682e-27,-1.08198491497e-28,1.73142236481e-23
-3.42247480356e-11,1.09905431923e-13,2.02162678958e-12,6.54086810756e-13,-2.132795629e-08
-8.03630245667e-27,4.10556879874e-21,1.02315305148e-28,-1.22427457102e-14,1.3170089748e-29
-8.61164326356e-21,2.1369038209e-20,5.8316233185e-19,9.26950614395e-20,-1.62194335516e-17
1.42186482717e-20,-3.00802032556e-20,-1.49016287498e-18,7.91165168682e-20,1.10988282178e-17
1.44432810156e-09,-8.7684278241e-12,9.15169662274e-10,1.47491448308e-12,3.64949702403e-11
-9.80445672566e-12,4.66638344989e-14,-6.96050682369e-12,2.4466226503e-14,8.75548700208e-09
1.60507804964e-11,-1.37218837706e-14,-4.6139297244e-11,-2.94399704268e-12,-7.52169548868e-10
2.1056577268e-29,1.11307377581e-22,2.84680105163e-32,3.748919861e-20,2.26921048375e-35
8.78800208044e-35,5.53733259139e-35,5.89724623232e-35,-5.24630647803e-35,6.24683985938e-35
-0.372370958328,-0.165952160954,-0.272086054087,-1.02540004253,-0.243899315596
4.42720272893e-35,-5.10035117604e-35,5.54466278589e-35,4.99694670326e-35,3.71201887933e-35
1.52283852195e-09,-7.36793404066e-10,-5.42043875063e-11,-2.20081453062e-10,-1.20465628584e-07
5.20424980888e-10,-1.15775895815e-11,5.43584455226e-10,6.71823924617e-12,-7.85969289652e-10
3.04759079084e-10,4.80176121087e-10,-4.79040629386e-09,-4.9976184302e-10,-1.71957026396e-09
1.3172596347e-09,-3.59037951279e-12,-2.74500491781e-11,-3.87908385968e-11,6.90608854825e-12
9.33041754969e-10,3.83025902662e-12,-1.12148144937e-10,-3.95590331326e-11,1.52979739987e-09
3.56036089499e-10,-6.47344807966e-12,9.19567824664e-11,-4.92196994967e-12,-9.88761073017e-10
-0.68025970459,1.88180696964,1.19867324829,0.21224476397,1.09274172783
-9.09579703223e-12,3.711940423e-13,5.82280057504e-12,5.63755530973e-13,3.82493897666e-10
-2.00599016564e-11,-3.327517515e-12,4.05802585979e-10,2.32883157203e-11,5.12959452692e-09
-1.83609558113e-10,-9.89472067649e-13,1.0437000153e-09,7.56784634959e-11,4.49287718141e-09
4.31066571327e-10,2.65746951354e-12,-3.17392528926e-10,-2.43733835198e-11,-1.26245524451e-11
-3.19241327817e-10,7.10238595367e-12,-8.45155334606e-10,-2.83429061471e-11,-6.72962172099e-11
7.87079068587e-10,1.62116045414e-12,-5.30411603528e-10,-4.64774017883e-11,-1.11199487118e-10
-7.71401553745e-10,1.24092272916e-11,-8.61328341983e-10,-2.25864726228e-11,1.02263466792e-12
3.72481601119e-10,-3.8444820244e-12,2.31139454798e-10,1.96735921824e-12,-2.99409733118e-11
1.40616164546e-11,-2.87658230569e-11,7.50064732546e-11,3.10596145157e-12,-1.25089597968e-12
-2.89917622995e-18,8.30490679172e-19,-2.21333878108e-17,-4.15958937961e-18,1.88437657881e-18
6.32985663884e-10,-1.50450994978e-12,5.86275611392e-11,-1.00160669689e-11,6.63001945012e-11
1.8996972051e-10,1.78615097973e-12,-2.68698896466e-10,-1.29452880707e-11,5.08043780656e-11
-2.11476280931e-10,-6.12920434892e-12,1.64601243746e-09,7.82292980395e-11,3.15199407373e-12
1.9304960408e-11,8.01561855085e-12,-1.32869670821e-09,-6.12816117296e-11,-9.17931980426e-11
-3.01361886834e-11,-1.38720686414e-12,4.43783981785e-10,1.72169917212e-11,3.16977485926e-11
-1.74702516342e-10,1.88030797529e-12,5.03298236421e-10,3.80161839508e-11,-3.30644851776e-11
-2.36471264792e-09,2.06822284993e-11,-9.8384189684e-10,5.70568071956e-12,-3.25564956938e-11
-1.06336972561e-09,5.42973522047e-12,-9.50497666685e-11,2.00263139405e-11,1.91246064124e-12
-3.93670918086e-09,1.86086337312e-11,-2.95011859386e-09,-2.30521313843e-11,-2.47998115099e-11
-2.43232323172e-10,2.59921528745e-11,-2.12873341177e-09,-7.10788997105e-11,-8.42685157765e-11
2.77603073862e-09,1.02618911632e-11,-1.5220761318e-09,-1.08748357541e-10,-1.92047960867e-10
-9.26056231698e-10,-4.95159685823e-13,4.35643687791e-10,4.08783805417e-11,-2.73323187e-11
-1.51224085337e-11,-2.28263306694e-12,6.7993621844e-10,3.35721068187e-14,-2.00948008233e-10
1.00847281914e-10,-5.32975703502e-12,1.96273428066e-10,7.09109463856e-12,-4.32670305833e-12
-1.58281796558e-08,4.91338983388e-11,2.2696956814e-10,3.55713430933e-10,1.19393064879e-10
-7.48539305364e-35,5.58158696904e-35,4.28342134532e-35,4.84861228795e-35,-3.74457054491e-35
-8.33088006674e-14,-3.72100125181e-35,-1.02126317254e-29,-1.71790377671e-35,-6.60897287689e-15
-1.56371981336e-11,-2.51671505858e-09,-1.42061969827e-11,5.93030689202e-16,-8.77542656597e-12
-6.47476733687e-12,-2.13126825216e-12,-9.44700540018e-10,-5.43495302474e-15,-8.21452905697e-11
3.34378167329e-16,2.46374372329e-17,8.80828833931e-17,-1.15055701795e-20,-1.752291204e-16
-1.04360339814e-11,1.28836687412e-12,9.36725415117e-13,5.31556711896e-15,2.06722070017e-11
7.29810725741e-11,7.73561249778e-12,1.42883405108e-09,-2.24349364634e-14,-8.58351167921e-11
-4.4503465082e-17,4.8171418734e-20,-2.08577934153e-19,-1.9213592133e-22,-4.8540521716e-18
1.02842095657e-05,7.03322513076e-12,-6.17243365794e-12,-2.89266460991e-14,-2.19737925772e-11
-0.061535295099,0.0475747808814,-0.175959721208,0.715656042099,0.262705415487
-1.62042168897e-35,-3.00047343729e-35,-1.80636273996e-35,-4.63558464436e-35,-5.56445677915e-35
6.93711103476e-35,-2.4690811141e-35,2.18255938834e-35,-4.22873474229e-35,6.28365957965e-35
-9.58502714134e-36,-6.48993989714e-35,-5.0632903876e-35,-4.56708282586e-35,-1.99822258868e-35
5.11939097029e-35,4.84054339167e-35,5.00763233721e-35,4.97953124936e-35,-5.27819807599e-35
5.49482882788e-35,-3.81405729911e-35,5.40587065261e-35,4.6820984622e-35,4.84020704416e-35
-1.33248863332e-11,-2.58137323181e-19,3.06572380694e-21,-1.60691975676e-14,-6.51985293622e-21
5.46121014862e-35,-3.013427408e-35,5.5293698799e-35,-5.49857915995e-35,-1.18795599717e-35
6.61076293544e-18,1.03039121679e-09,1.16521235393e-17,-3.79520576763e-35,-3.48473123342e-19
-2.57573598948e-35,4.45429133043e-35,2.05330968057e-35,1.130432897e-36,-3.37108505257e-35
-7.00289975676e-22,1.73381781983e-21,6.34113002317e-22,-3.27015756491e-23,-2.71923989101e-22
1.6424294073e-21,-2.63032650748e-21,-1.93883522128e-21,6.65675667923e-23,5.03476374235e-22
-1.2796898959e-19,-1.29953782005e-20,1.09688065408e-19,-4.51116962274e-21,-9.53662990561e-20
3.64660092826e-15,2.9183995498e-11,-4.14546055903e-14,-7.72965292691e-18,-1.01312690093e-28
2.18049423762e-35,-4.35131159682e-35,-5.02799226671e-35,-4.53657937882e-35,6.43717351694e-35
9.08608106617e-18,1.30713495583e-10,3.55255875118e-18,-4.20548084704e-22,3.14764656215e-17
-2.60572847208e-14,1.59540072125e-11,3.62941309451e-17,-3.71501030264e-22,2.96402834803e-17
-1.65921287126e-11,-3.02915678652e-12,-1.43936296215e-09,1.78684327669e-14,6.46127804038e-11
4.0174034725e-35,4.37262518054e-35,3.16291952453e-35,-6.71686885198e-35,-1.87354514067e-35
-5.60657942535e-35,-7.25085897177e-35,4.74549623602e-35,5.16145851519e-35,-5.27363098197e-35
-4.18591285488e-36,1.3566335533e-35,-9.95386432264e-36,1.89800954287e-35,1.82279411913e-35
6.42946335307e-36,-3.33062434187e-35,1.34752634194e-35,3.27979856049e-35,4.61387272416e-37
5.03936264907e-35,-5.42108722035e-35,-4.69455164247e-35,-3.03894490505e-36,-8.56156731536e-35
-2.72228219548e-35,-4.20127162415e-35,-1.10339051457e-34,-5.50752164139e-35,3.24457706484e-35
-1.2126545535e-17,-2.77960698902e-09,-3.97272091185e-35,6.75608957668e-10,-2.6644498142e-26
3.33752290954e-35,3.93794539233e-35,-3.63388323029e-36,-1.68664383478e-35,-8.22613443483e-36
7.41943786333e-19,-2.25990034349e-19,-1.46724883464e-17,6.76427511371e-21,-4.45268114277e-17
-6.63146187269e-12,-1.48908869176e-12,-1.64000160674e-10,2.07919250563e-15,-1.79292219959e-10
-1.50696316537e-10,-1.36464598302e-11,-1.63693447686e-09,-3.05991473479e-12,-1.66479621755e-10
7.54982881768e-11,2.91155814736e-11,7.97201887837e-11,-4.05380608842e-15,4.670191317e-12
-3.60591487225e-11,-1.25442340434e-13,2.9417676628e-11,-2.48385906569e-14,-1.84719115004e-11
-1.42878237019e-10,-3.6744562254e-11,-1.45107537097e-09,2.11184880212e-14,-2.06239178513e-10
-2.21574064652e-10,-3.43977971107e-11,-8.02728938876e-10,-1.05682816827e-13,-2.25952243027e-10
1.51499146561e-10,1.75216802872e-11,1.55981616512e-10,6.03040363413e-14,3.14051527839e-11
-2.49046339107e-10,-3.61247039227e-11,9.2364657589e-11,-3.5129633035e-13,-9.05816741059e-11
-1.75857967077e-10,-1.57636542708e-11,-1.77442627258e-09,-1.11326488935e-13,-1.7259682572e-10
-1.52964409395e-16,9.71655151161e-18,2.25139421778e-17,-2.44106637163e-20,-7.54208496672e-19
2.95470425904e-10,2.0639552567e-11,-8.74915340177e-09,2.76668119838e-13,7.93581422798e-10
-2.05626859785e-17,-1.90128849323e-18,-1.36569206581e-17,-2.00725775978e-21,-5.05937990633e-19
5.40734518629e-35,-1.61709007545e-29,6.75124345217e-35,-6.55321535984e-19,-1.18471916029e-30
-5.05345936109e-19,2.99948925002e-19,-4.40575710609e-22,-1.4407657628e-21,-5.82646047071e-18
-9.9244282034e-19,-1.9742867687e-18,8.82016467155e-22,1.10941673782e-20,-9.3602441245e-17
1.3514995575,-0.363254487514,1.20089125633,0.741700351238,-0.411496698856
5.14554013434e-30,-5.65017746619e-36,5.45446652158e-22,5.06577982687e-12,-8.64080826316e-26
-9.05829326359e-30,-8.0316383334e-37,-4.46584886954e-22,-1.15538188825e-12,-1.34281937069e-25
-1.24113038697e-21,-5.3129555154e-35,-3.00001601881e-28,-1.14327058931e-09,1.59622988333e-15
-1.86482417583,1.1317936182,-0.410754203796,0.101794995368,-1.00474524498
4.81291007048e-10,2.84826305645e-18,-3.39006255672e-05,-7.48025298929e-14,-1.37588347116e-06
-8.72705102628e-11,-5.42997070918e-12,-5.08368103169e-09,9.6214662214e-14,4.33875324557e-10
-7.59818943874e-11,-7.73714772806e-12,-1.37101840991e-09,2.71129571295e-14,1.45146214492e-10
-2.10541269281e-35,-6.82457337838e-36,3.49174971988e-35,2.12871121469e-35,-2.36190349386e-35
3.60209006851e-35,5.42511707671e-35,4.1598127764e-35,-5.66780500269e-35,-5.21505600663e-35
-1.18944964979e-25,-3.47348170192e-12,2.60179536988e-16,-3.25698972269e-34,-4.39063268641e-35
2.48207038407e-35,1.30185367985e-35,2.56612368289e-35,-2.2297479101e-35,2.96512394592e-35
3.30857980499e-35,-6.02792871733e-35,5.08749248467e-35,-2.09751225726e-35,7.01855764041e-35
-2.04512282123e-26,-3.07706656243e-15,3.49839789233e-36,-6.02990490241e-35,4.68177359413e-37
7.78744803611e-35,6.57737188126e-35,-1.13192701747e-34,-3.6858093225e-23,-5.89872822764e-35
-6.05525523017e-36,1.00179347915e-34,-9.60891613676e-35,3.24182257393e-35,-4.97067428972e-35
-7.30016047612e-12,3.36539471421e-13,-7.98268244041e-15,-6.953963772e-13,1.77351599677e-16
1.49296415231e-08,4.90445954248e-13,-3.57423543074e-14,-1.13374214801e-13,-1.47103338447e-16
3.51460908987e-11,2.37760962448e-15,3.93535003846e-13,8.57017568349e-14,-6.30846448662e-17
-1.8512075553e-11,-9.68401333651e-15,2.28844828598e-06,3.52086761168e-14,-1.39729383937e-17
-8.17390252705e-11,-2.78173802217e-14,6.57479767244e-13,-8.2292946007e-16,-9.47483692891e-19
1.81237230085e-11,1.77690317565e-14,-7.53155242166e-13,2.28937494352e-16,1.06923185776e-18
1.56677557213e-12,5.78496228514e-15,-3.23492079478e-12,6.81218571593e-17,3.68576274715e-19
6.73341048717e-14,-5.61849253944e-22,-7.85741758996e-19,-1.1685566983e-22,3.01242683655e-26
9.52546749098e-20,-3.3684594846e-26,2.80808153237e-22,1.72210697281e-28,-2.0724343444e-30
5.54815253475e-35,-3.90817232447e-35,3.93935793705e-35,-4.24799637665e-35,-8.01252076598e-35
2.12614023609e-11,2.00380597531e-12,-1.06367553654e-11,-1.35276907948e-13,5.64753521726e-10
-3.70742193877e-36,4.64939785092e-35,4.31511492299e-35,4.89041523183e-35,2.88789230255e-35
-5.67611841098e-35,5.32966154009e-35,8.06159363732e-35,5.20411438124e-35,-6.4399882749e-35
3.33786729265e-35,-3.22580761134e-35,5.40425893965e-35,5.06092160577e-35,3.73513502165e-35
1.2625272274,-0.097880102694,-0.643342912197,1.81708168983,0.5246078372
1.22520625591,0.63678342104,0.551401495934,-0.261569648981,-0.330020546913
1.11689041159e-19,-2.40074409064e-26,1.91599732181e-28,-2.1869516407e-22,2.70937080126e-28
4.38697585203e-11,1.73682989141e-18,-2.90803099161e-20,4.6899019973e-15,1.11399466552e-20
0.957893133163,0.00610297825187,-0.823841512203,0.725378453732,-0.287854999304
2.01598199939e-11,-6.63670168626e-14,-1.21588719995e-12,-3.83871699618e-13,1.25227010983e-08
-7.60314380899e-12,2.38887465446e-14,4.19510516006e-14,1.21159375935e-13,-2.6519761942e-09
1.24094233153e-11,3.83776533773e-13,-9.08675842903e-11,-5.92191356716e-12,1.91422255824e-08
-1.44422546838e-11,6.79808382438e-14,6.41076113635e-13,2.20844799696e-13,-8.83908146676e-09
1.70702521562e-10,-9.98587280573e-13,-7.4674322986e-15,-2.84845519567e-12,4.42875709439e-08
1.52918433124e-12,-1.55468524661e-15,-9.10645517327e-12,-3.14012433677e-13,1.52606656201e-08
1.42365290084e-18,1.08049578942e-20,4.12012394635e-20,2.93420834994e-20,7.92572328636e-16
-0.989365696907,0.0198871679604,0.0873411521316,0.579752862453,-1.58691644669
2.17451803688e-18,-2.96704095791e-20,2.81042031891e-19,-1.23977623414e-19,-1.64947490379e-15
-3.94815159256e-17,1.87780455129e-19,4.89333373812e-19,7.7662007649e-19,2.51272003204e-10
-3.30551364058e-09,1.24995942416e-11,-3.38383140952e-11,5.7792815672e-11,-3.89120984323e-08
1.76896035671,-1.17635810375,-0.305708348751,-0.265640825033,-0.264094203711
-1.19272480781e-09,6.46532827275e-12,1.38404739058e-12,3.01865130115e-11,3.90468213318e-10
-7.31297363152e-35,3.00043354625e-36,-9.34733956903e-10,2.38373144608e-20,-3.62302330359e-07
5.46527272138e-35,6.32253871092e-35,-7.41911422812e-35,-6.21658695106e-35,-3.48576034713e-28
5.20595970074e-35,-5.44280574122e-35,-7.35502166138e-35,6.02552147938e-35,8.5295086916e-36
-1.65968499659e-14,9.06558118127e-36,2.0336562516e-21,8.69419269508e-36,-5.12568342369e-36
1.13244565844e-34,-5.65154610207e-35,8.17239106793e-30,-5.68371435446e-35,-5.55786586038e-35
-1.0783863173e-19,-6.51872688136e-35,-1.81943899592e-30,-6.99365336386e-19,5.20282696925e-07
-6.34527488388e-35,3.90573105e-34,-9.52444871726e-35,7.94620176243e-35,1.11100528433e-34
-1.302176775e-18,-1.25148756065e-19,1.66547125297e-33,-4.72879902079e-15,4.95252322708e-07
3.73945530778e-36,1.03792284042e-35,8.59110964653e-35,-2.39835285603e-28,2.16214607946e-35
-3.02647296113e-10,-2.41576593799e-12,4.16964032746e-11,9.27254540511e-12,1.78547487125e-12
4.86817652856e-09,9.89915953571e-14,-6.87054146215e-12,-1.57831747671e-10,-1.16181543552e-12
6.86057205712e-07,1.43707767908e-10,7.07611538808e-11,-1.36023334818e-08,1.52349452498e-11
-3.96639364908e-07,-3.73320298286e-11,1.3422161993e-10,9.27584142829e-09,2.68463151015e-11
-7.20029845525e-07,-9.51273157468e-11,-2.70311013156e-11,1.11313251949e-08,-4.45150860617e-12
6.84497790644e-05,-2.56995230652e-10,-2.82016485766e-15,-3.49626725438e-06,-2.1396944546e-12
8.61795647323e-14,4.79428939339e-20,6.23517426535e-22,-4.41971669834e-15,3.22507179128e-21
-4.79440767778e-36,-2.65904853133e-30,6.48360439585e-35,1.0747821504e-34,1.87146001573e-34
-1.03949843525e-11,6.58371957212e-13,-5.93674415184e-11,-3.02410440439e-12,1.17901050034e-10
-5.34857052028e-20,2.16611662512e-22,2.68464052743e-21,-5.48896891963e-20,1.07781407633e-20
-1.50053805387e-35,8.22969449524e-35,-3.56484572387e-34,6.6037114495e-35,4.40284307658e-35
1.3117480936e-35,-1.95759069087e-35,-5.01086494667e-35,2.53378983962e-35,-4.04011754755e-35
-1.13057566781e-12,-6.25660688582e-33,-1.09086449728e-35,3.85578505267e-35,1.3702932224e-35
-2.19199605909e-22,-3.43157537198e-35,5.43390171589e-35,4.49544855598e-35,-4.13479047355e-35
-5.01471572382e-35,9.13105271538e-36,-4.43128596467e-35,-7.10575601798e-35,-6.22136124891e-35
2.20414259534e-35,9.32277735088e-19,1.51506567023e-25,-2.65422778804e-35,1.09373851783e-35
1.15257955782e-34,-4.40139982436e-35,4.2658778957e-35,4.25752918814e-35,-4.03131482826e-35
-0.365166276693,-0.414187967777,1.53156030178,-0.618848979473,1.19240272045
-2.39517334172e-35,-2.42659300854e-33,-2.58481163238e-35,-2.68928082295e-35,-3.95612738564e-35
-1.01588335807e-29,1.54093751648e-12,3.69923537826e-35,5.73394435305e-36,1.40805009068e-29
2.917534843e-27,1.96531142055e-11,-1.6354530073e-35,3.91030176004e-35,1.12982205067e-29
-8.7966050949e-28,-2.40151371012e-10,3.92366152884e-35,-2.51804980955e-35,-3.03131791745e-28
3.48487468505e-35,-1.99473363946e-17,-6.91724759091e-35,9.79720243673e-35,-9.78498636088e-20
-6.41750809338e-35,-6.07565203736e-36,3.20736474783e-35,4.69970375729e-36,-5.11195746084e-35
-5.19292307809e-35,-3.60530086704e-35,-2.71873734533e-35,-3.31339255896e-35,4.93663948088e-35
1.79784384491e-19,-4.38418121251e-11,-3.74417100418e-18,4.18182453048e-15,5.68122848237e-35
5.69037127999e-35,-7.78592471481e-35,-4.76519093214e-35,-2.95031604614e-35,-2.3924904538e-35
7.37472381913e-35,5.29672646131e-35,6.95235113534e-35,5.33921243169e-35,5.0442517413e-35
-5.77070323231e-35,-8.56682432355e-35,6.08458146093e-35,5.51740141886e-35,-4.91868793726e-35
1.67682778142e-17,4.78005300113e-21,7.60862628729e-22,4.15108554286e-21,1.33437765871e-22
1.90764641021e-18,6.09774687016e-22,5.18495680025e-23,9.08246251288e-21,6.30508122551e-24
-6.30294536563e-08,-1.93566069748e-13,-9.87254765786e-13,-2.64940711514e-13,-5.61985608196e-15
-1.61235121427e-35,-7.29665962959e-35,2.36759342031e-35,-6.56942581496e-35,2.36913797856e-35
9.85792249452e-28,-1.40468182611e-21,-3.32523404722e-06,-1.07578510093e-26,-1.15269924682e-12
1.42103885083e-12,-7.60892508933e-18,-1.42509240191e-17,-6.4659810099e-15,1.66974387875e-12
1.58430161351e-11,-6.93538065519e-12,-2.0153663894e-12,-1.68765218814e-12,-1.07306652453e-09
-1.67328033515e-35,-3.96785104768e-35,-4.30933359152e-35,5.12125063908e-35,-3.98768665389e-35
9.1357317913e-34,-5.57909697818e-06,-1.47300314307e-11,-2.22744386488e-16,-6.3489883957e-16
3.62258037967e-06,-8.07021211468e-14,4.36336411447e-10,-5.01423218335e-15,2.0317232341e-08
3.9966524556e-14,-9.02918333031e-35,1.43864479981e-19,-1.95064084658e-22,2.65664683199e-27
9.66698888673e-35,4.57926796127e-35,-2.31060188981e-36,-1.07040653339e-34,-2.39769766992e-35
4.38035323075e-13,1.45402700297e-12,6.36514538993e-12,-1.8703326038e-14,1.58976484754e-10
-2.43643876096e-35,-2.34682740572e-35,2.32842837931e-36,2.88320467444e-35,1.65903363635e-35
9.64590690064e-36,-5.70441407529e-35,4.59950879161e-35,5.39446755384e-35,9.94251259436e-35
-6.44214237511e-10,-1.2746444819e-19,7.11037770059e-22,5.48837920437e-15,-2.11707244845e-21
-4.07301059199e-12,-7.71745284005e-18,2.65169702556e-19,-2.17409428879e-15,-4.77042087063e-22
3.4967041558e-19,3.53223139965e-27,-5.63704768765e-29,-4.2207769231e-23,1.47359159317e-29
-4.92646257122e-10,-2.72563766654e-19,1.24189657917e-20,8.1033820943e-15,-1.96429828815e-21
1.22168832532e-16,-5.00907530244e-35,1.0639817281e-29,-4.30692118783e-36,1.6765835977e-17
-3.10713489534e-17,3.45059220734e-35,5.47812165524e-35,1.27524840024e-23,-8.14023632826e-19
3.98019326077e-16,9.61541679845e-36,-8.14808015205e-33,-3.57128471228e-35,4.91837886455e-17
-0.0660100057721,1.0323690176,-1.38442313671,0.28478756547,-0.250951677561
-0.122466094792,0.0961126461625,0.873242616653,0.622478365898,-0.373037159443
-1.24205783436e-07,-4.50526950134e-35,-1.72030083423e-15,-1.584965528e-18,8.7595723937e-36
5.9285003854e-21,6.53947262637e-23,1.48603530189e-20,-5.22944229491e-20,9.85063997045e-18
5.15343985455e-18,1.40362468687e-19,1.02822123561e-17,1.09726309586e-19,1.43042976959e-14
-2.42891351476e-09,1.01470056316e-11,5.4190211346e-11,6.50550446846e-11,-8.87541044348e-14
1.10390800667e-10,-1.5587090646e-11,1.18798881843e-09,4.24098152429e-11,-1.13122601564e-10
2.51856890898e-09,-3.39003825012e-11,-4.88823877209e-11,-5.09060120446e-11,-3.80901594987e-11
-5.1063777344e-23,5.25245300148e-22,7.54619224979e-30,-1.0116575654e-22,-9.03062233873e-27
1.31003862555e-25,-2.93487167918e-27,-1.16358689432e-24,6.74926402607e-26,-2.49587366691e-27
-2.47059756973e-27,-2.3543959057e-19,1.10618504916e-14,-1.4065637951e-35,1.69340348827e-16
5.91667153035e-28,-4.4174319163e-19,-1.77644696371e-14,-2.15474987819e-35,-4.06618166329e-17
5.01625260451e-25,2.39937514191e-16,-4.52301882488e-16,5.73494363805e-35,-6.28888336128e-15
-1.02943837417e-34,1.93112829265e-35,-4.52969315154e-35,4.08737724182e-35,-3.93587995462e-35
2.49301173083e-19,-9.32861631129e-16,-7.99215911456e-35,-7.6647443338e-35,-5.90128929004e-35
0.0003839325218,-3.17871090374e-05,3.57941826223e-05,-3.13022326281e-07,5.49220356694e-11
-2.92930362935e-21,3.50584889597e-19,1.59153396972e-21,3.02668657697e-21,4.33439306406e-19
-1.50079754757e-21,1.34379910756e-19,7.84536988206e-22,9.44733155796e-22,1.07256096246e-19
8.32350003808e-14,-4.72589578582e-10,-1.96818354393e-14,-3.9120809592e-14,-3.68918220625e-12
-4.68608641445e-21,6.52592822239e-19,5.51262563891e-21,5.18697254813e-21,6.76868195073e-19
4.90022441076e-35,-5.14777387832e-35,-2.31877338356e-35,-6.60308696813e-36,4.36220436286e-36
2.39590410753e-22,-5.78973954517e-20,2.21378696624e-11,-2.92759450946e-35,1.19288386605e-20
3.49215431708e-16,2.12002611022e-08,-1.53181076712e-06,-2.87528271496e-35,8.68547900268e-09
-8.62808832499e-20,-1.81544677295e-12,-5.87561816015e-18,4.10155298335e-36,4.76555162155e-17
2.1350469943e-19,4.27746553455e-12,4.25087507986e-15,-2.57610648831e-35,-1.87686329731e-18
1.96279968568e-19,3.66461071558e-12,1.0703682054e-16,-5.66788736765e-36,-2.49895614022e-17
-1.47053894553e-19,-5.51412127764e-12,-1.22953807081e-16,1.08877294386e-35,8.52854179116e-19
-6.19655084783e-20,-1.26125119463e-12,-1.03095007136e-16,-5.22677938169e-35,2.31234307734e-19
-1.3493988096e-26,-4.02127414484e-13,2.10362109676e-13,3.69497937699e-35,1.24245195663e-18
-3.28547931049e-12,8.7826181874e-13,1.49744123351e-11,3.78905315056e-14,8.12556827379e-11
2.66250216319e-12,-3.00000435193e-15,8.16194195563e-11,-2.81858412478e-14,4.68667674114e-11
-4.24441536627e-35,2.16322500305e-35,4.01787642531e-35,4.07813744296e-35,-7.34044105444e-35
-2.9946720017e-12,-1.44928692528e-13,2.70919875076e-12,2.05141367896e-14,2.78981802937e-11
4.96379581106e-35,-4.83653706815e-35,6.00355672459e-35,-3.26598248407e-35,-3.30407498691e-35
-1.47758481006e-08,2.72001642543e-07,-4.39430802857e-09,-2.62027768372e-08,6.63906210251e-20
4.38268102975e-15,-4.71723236238e-18,-1.04391273728e-21,-1.87641248387e-18,1.55729642698e-20
-5.85318730373e-07,4.52411410201e-14,-3.32218128875e-12,3.29516608444e-10,7.89241075109e-15
1.18052980724e-06,-1.00545060559e-13,4.63205689083e-12,-1.48475579054e-10,-1.90083171913e-14
0.230528861284,0.9559699893,-0.746124625206,0.746248960495,1.81961929798
-5.87946228849e-35,-5.19644669128e-35,-5.42595507562e-35,4.95331393712e-35,-6.57821561988e-35
5.05746859111e-35,9.81007432946e-35,-1.10529724906e-34,-4.36818579526e-35,5.98211198829e-35
7.79632565873e-35,4.90850280677e-35,4.80188265669e-35,5.74784882114e-35,-5.33215659573e-35
5.1546253803e-35,5.76871449159e-36,5.63374092128e-35,-3.13130716388e-35,-4.82533428556e-35
-1.22080655474e-30,7.19232532241e-35,6.85357172773e-35,4.21795556788e-15,5.83284085092e-35
1.86897408962,-0.464644908905,-0.511059761047,-1.59095859528,-0.231525301933
-2.41463318314e-17,-5.23771642748e-19,-9.54737860068e-19,6.46778113987e-35,-6.36361730232e-35
1.13077963334e-13,1.45833103381e-35,1.50996484335e-22,-4.91271748207e-35,-4.15612443328e-35
5.16877780423e-35,-5.12545670481e-35,-1.11371752378e-26,1.0851637861e-20,1.5022023854e-19
4.65640378118e-32,6.73980074934e-35,-5.42951255315e-35,-5.76025981448e-35,-6.83721525189e-35
-4.88968496172e-17,3.80578852811e-21,1.87114665209e-19,2.23387434952e-22,7.08581937867e-19
2.86796801585e-12,5.42840674755e-13,4.97326268709e-12,-4.77649205792e-15,2.85312745651e-11
-4.08761462178e-11,-1.18376124875e-11,-2.19784329625e-11,-3.14180986457e-14,3.00230590389e-10
-9.27439452288e-18,-6.94198734955e-12,-1.78184454853e-05,6.75336101482e-18,3.95744136767e-05
2.41274286736e-20,-5.8967482821e-20,-3.06671876789e-18,-4.37020863557e-22,1.73317975016e-18
-5.16808817963e-10,3.12180354246e-20,2.77370411008e-22,-4.82963278745e-15,-2.01351145145e-23
-3.10407699544e-08,-7.4265915216e-21,3.67367435409e-24,3.98721088531e-21,-1.74857117618e-28
3.98826993499e-18,1.29426820456e-18,1.15632498067e-18,-1.31371144675e-20,-5.44092730363e-18
-0.793940424919,-0.389563173056,-0.664692819118,0.18918029964,0.00906871352345
2.81850398487e-16,1.64889138991e-18,4.48666651998e-18,-6.90308232128e-21,-3.01329191659e-17
-3.51948277633e-17,-4.49104644132e-18,-1.32497501006e-18,1.55237567169e-21,5.48868317008e-17
2.46781209352e-20,-3.04781779241e-35,-9.30873646382e-36,-6.998420125e-36,-1.73000387245e-33
-1.64653522006e-22,-4.18448438244e-35,9.69476912432e-36,-5.97541947651e-35,2.93119177472e-33
4.14310984832e-29,6.68700567055e-35,5.83845946137e-35,2.26150993391e-35,-5.26469883203e-35
3.14629314993e-23,-3.40012487139e-35,-4.86867490003e-35,-1.16318495051e-35,3.63287677065e-34
-1.87845155829e-29,5.20387503498e-35,3.31646129946e-35,2.75086226285e-35,-3.37234492079e-35
3.07518017849e-35,5.72777989537e-35,-2.63128498522e-35,3.95711633914e-35,2.58189901223e-35
2.83827023198e-33,-3.601990427e-34,-9.73214166213e-32,9.56619947561e-32,-4.58704638187e-33
0.639694452286,1.5424567461,0.231056526303,0.2860417068,-0.332907140255
8.35996516457e-09,-2.06851515083e-11,-2.64316589449e-11,-1.48690823543e-10,1.86867257779e-11
1.56504892379e-10,-1.32009225599e-12,3.60247581765e-10,1.79096199676e-11,2.15274020832e-10
-1.71562273826e-19,4.97048760823e-23,2.20505754509e-17,-4.38150785003e-21,-7.53782757151e-19
-2.23455294458e-18,1.12698814622e-21,-4.12151921909e-18,5.92315666939e-20,3.56454950964e-19
-1.2860122689e-10,-6.12595640447e-14,7.42582592639e-11,2.02558759696e-12,-3.26890264857e-10
2.4681354917e-25,-1.09243893653e-20,-7.04394728524e-35,2.78035874938e-27,5.88954353008e-35
2.73479032245e-26,2.62283508642e-34,1.66842496377e-36,-6.11306594938e-29,-2.54675707606e-12
5.8593836052e-35,6.0290548501e-35,8.44159284921e-35,-3.1485326331e-36,5.43008824692e-35
-5.39006117194e-35,-5.72543981214e-35,-5.90327925045e-35,2.34400856862e-16,-9.04020186793e-35
-3.17688156021e-15,2.8828510217e-13,-6.27125101523e-14,6.4064294718e-18,7.47890993385e-14
-1.22165610961e-09,-1.91968375874e-13,1.13244941202e-10,2.32721328059e-21,-3.40486121786e-06
-5.88493051832e-35,1.71290146854e-35,6.28549858546e-35,5.44845764203e-35,-6.72379267442e-35
3.37240748372e-36,5.93414241956e-23,-1.88685239794e-32,5.72749771798e-22,9.55662602757e-22
5.95613344835e-35,-5.13526817963e-35,-1.56207256582e-33,4.96641427064e-35,-6.06548197362e-35
3.18999033291e-35,4.92786517319e-35,-4.11540801812e-35,-5.81308875761e-35,-5.7541217595e-35
2.61925625713e-35,2.90177336668e-24,-6.43056896634e-37,-3.50074816357e-35,-5.01462962804e-35
7.90059395915e-35,-2.06644674829e-35,-3.29000664986e-35,-8.48884680376e-35,6.57001757994e-35
1.70384754254e-22,-6.28865121447e-31,-6.00118846225e-27,-5.79417427666e-14,-9.81174586023e-11
7.45885136515e-18,4.20614889474e-17,2.0356425184e-16,1.18506611469e-15,-8.82863102668e-18
-1.77410453681e-19,-2.61054718303e-29,-1.17560949582e-13,8.51620551856e-10,4.13260492493e-09
6.35044694423e-35,-3.53144868836e-18,2.08466570828e-17,-5.53691588782e-35,-6.9054540032e-21
-4.84188591183e-35,-7.00420317839e-35,-2.89443988644e-35,-4.87840601879e-35,-1.10160856157e-34
2.95152712674e-35,3.28123922984e-35,2.42431819738e-35,3.31186808972e-35,-3.66385431844e-35
-3.83336284232e-35,3.6553176351e-35,-1.35618243439e-33,8.57867071425e-28,-4.23274680553e-35
-1.1470490951e-35,-3.26346791339e-35,8.14074433261e-33,-4.75395199322e-27,-4.98441230598e-35
-5.93599851581e-35,7.93456850095e-35,3.61301992748e-35,7.24504176706e-35,2.01006807624e-35
-4.18392217701e-35,4.79453725192e-35,9.56517431597e-35,1.02452609348e-34,2.31709839021e-35
-4.79383413641e-35,6.04271308426e-35,5.61967631504e-35,4.68288537761e-35,2.47717009939e-35
-8.36656525775e-37,5.45757174106e-35,-5.59603097067e-35,-5.42396547394e-36,6.11636744807e-35
1.47978138924,-0.941132962704,-0.0226283650845,0.457964479923,0.475547581911
1.1640803159e-18,1.72194901558e-18,1.05965029385e-17,-2.10950536304e-18,-1.41045919095e-22
7.79824832677e-19,1.1218072507e-18,-5.0670751808e-15,-2.05765313276e-18,-1.03079015603e-22
2.16770020747e-18,1.01272271694e-21,8.27745486439e-20,2.77354144065e-20,8.05371912985e-18
-1.46570123142e-19,-8.36301914588e-22,-1.84982116042e-19,-1.05475421956e-19,-1.88835374591e-17
-2.56957510825e-10,-1.33651665237e-05,2.91672804451e-05,8.9728405315e-35,-2.64739872379e-15
4.36615479587e-35,4.45838346274e-35,-3.76554290237e-35,-3.17541460474e-35,-1.0954785422e-34
3.80631671473e-35,4.58222506424e-35,-4.69496432823e-35,4.49880198652e-35,4.53630502028e-35
-1.37354333801e-36,-5.20986672713e-35,8.53786457381e-35,-4.22675626132e-35,-3.38260552858e-35
-4.59401481455e-19,-3.92467352684e-21,-4.51565909705e-20,2.86275674712e-20,4.91436397801e-18
-9.4900221555e-20,1.74635187299e-22,-2.34755344183e-20,-1.33072277148e-20,-3.47377703567e-19
-5.72445487644e-35,-9.99266855059e-35,-6.20318930011e-35,5.79117049454e-35,2.02783567405e-26
