-1.12855835788e-11,7.0561028611e-35,-8.74120328557e-35,-6.80074812498e-29,5.9619558188e-35
7.97400653731e-36,1.77377419668e-35,-3.02002865825e-35,-1.34074988678e-35,5.21322388849e-35
7.66267203289e-06,-5.07401769445e-18,1.26236992864e-13,4.83668367206e-22,4.49124040881e-23
9.33492935729e-11,-0.00239085708745,-4.71071944048e-05,1.74884746684e-08,1.56845125776e-09
4.60398491109e-35,-4.89752961292e-35,4.44371790798e-35,-4.5226674491e-35,-3.83448438331e-35
4.2299669401e-19,-1.07819390087e-20,4.34268690679e-20,-9.92276350242e-19,-2.32325729146e-24
-5.54803487052e-35,-5.08641054773e-35,1.33501418607e-35,-4.88044763666e-35,5.1561791221e-35
5.35408174646e-35,-4.42932470286e-35,-3.49411821472e-35,-5.18669777939e-35,-5.42129672007e-35
-5.03652722813e-35,-5.28926597519e-35,-2.99621686204e-35,-5.7144643224e-35,2.31647290439e-35
-4.27430236754e-35,-3.11834946236e-35,-5.38867216006e-35,-1.38681615007e-35,-4.13173780426e-35
-2.04310130421e-35,3.53002906195e-06,6.41389895838e-35,1.25867949426e-33,7.38816566591e-38
-1.14176213993e-34,-1.01036999613e-34,2.97364197517e-35,8.71050153568e-25,-5.89503758864e-35
-1.69263983172e-35,6.71599064911e-18,9.92113788263e-36,-6.11554457404e-25,2.90133047132e-32
5.83180712762e-35,-5.91821227609e-35,3.84806340936e-35,6.12111763911e-35,3.63061589553e-35
-1.02585070572e-34,5.12315852152e-35,-4.05808028361e-35,-5.61535488098e-35,-4.66967311957e-35
-6.92887166883e-35,-5.81564235838e-35,-7.73935751759e-36,4.18138608239e-35,7.96533023532e-38
-8.55487537755e-36,-8.07411368531e-36,-4.72337306499e-35,6.71798006149e-35,-4.36323442709e-35
0.00119331758469,7.51910200769e-11,-2.15312775254e-06,-1.66112505695e-11,2.63938542133e-08
-3.28432605045e-35,-3.11559554542e-35,-8.60382484495e-35,-4.15364085708e-35,1.33821565756e-35
5.04080905814e-35,1.47553555305e-35,1.70284390328e-36,-4.89094558182e-35,-2.65306291217e-36
-4.97761131351e-35,-5.65429714915e-35,-1.90237775565e-35,-5.493215393e-35,-1.47154974903e-35
4.06010697822e-35,-2.84219668158e-35,7.25004393175e-35,-1.14611624735e-35,-8.75583065426e-27
2.06733875598e-17,3.00892603376e-35,-9.26864619092e-30,3.48648134705e-34,1.3086470655e-13
4.66114074102e-35,-2.09162560196e-35,4.00329495742e-35,2.99802602132e-35,4.74879399129e-35
2.50067171461e-24,-1.78817885338e-20,-1.27535469092e-36,1.50108424548e-32,3.07743853022e-23
4.18080895369e-35,-3.20249646217e-25,2.75658077094e-12,1.9931378564e-22,2.43942826322e-19
4.46655251711e-35,-6.21356958103e-35,9.98623848743e-37,1.51464750797e-16,-7.54826707814e-35
-7.7005483945e-07,1.02938942093e-10,2.87786270838e-28,-5.86693893467e-09,-3.44985956469e-10
3.66214363873e-17,2.26315672609e-17,-3.37955496004e-19,2.55504576864e-16,2.41555237338e-21
-3.53792805118e-35,6.29371757538e-36,3.88551343455e-26,-6.09771479784e-36,-2.03282713633e-36
6.27103631246e-08,-8.71143938621e-17,-9.74992437537e-35,-1.35177928895e-30,-1.94524645281e-07
5.45883175276e-36,-8.07966973282e-36,5.42398950901e-36,-3.44074485928e-35,2.70598225587e-35
5.82462960962e-35,-5.38234182452e-35,4.08249073246e-35,5.65319397525e-35,-5.4664998732e-35
-9.01123350861e-35,3.309439367e-22,1.32991152813e-11,4.75001382496e-36,5.21160233554e-19
3.99202359789e-17,-2.34231106733e-11,8.50313066724e-35,9.25434502582e-35,-2.35801001629e-25
-1.11125830383e-27,5.21216176027e-15,9.70741681483e-11,4.01053245548e-35,1.53114905974e-15
4.27601136873e-35,-4.77030530832e-35,4.50455117556e-35,3.76020223779e-36,1.08470047008e-35
6.77301275823e-18,-7.81812402932e-18,-4.85157908251e-21,7.13810504167e-15,-7.50714873506e-22
2.62896240812e-35,3.72273837762e-35,-5.62574606737e-35,4.96169048231e-35,1.12563995941e-34
-5.07891791919e-35,3.20626673967e-35,-5.67763828844e-35,-4.82281397516e-35,5.44021942406e-35
5.61047382436e-35,4.2019945417e-35,-5.7894503009e-35,-4.28945780728e-35,4.9493340163e-35
5.0830711795e-35,-2.37445123598e-35,4.68485094421e-35,5.16295256392e-35,4.7356256421e-35
3.61833186477e-34,2.86845359787e-35,6.12650723479e-35,2.54233441724e-24,8.89344374139e-28
-5.94192707106e-35,1.12467830232e-24,-5.02249045953e-36,4.05622417344e-34,-5.78453193611e-35
3.44119944499e-35,3.98970330399e-35,-5.57953961145e-35,-5.35745096123e-35,5.42046675678e-35
4.7096255782e-35,4.42018592305e-35,2.57035356844e-37,-7.13205999997e-35,-4.74716965095e-35
2.51947096385e-36,5.61112815227e-35,1.79020571934e-35,2.4325942975e-35,6.80408157885e-35
9.81304061599e-35,-2.43246199699e-35,-3.09671043659e-35,-2.39706587041e-35,3.90181415129e-35
3.53505354147e-18,-2.62958374129e-21,1.91338270096e-18,-1.91427440166e-18,-4.4993964354e-21
5.49518985617e-35,-9.04775074571e-35,-1.44390138147e-35,-5.92794339486e-35,-7.77665564339e-35
-4.19869162068e-36,9.41588839883e-36,3.67026013128e-36,-2.16540753101e-35,-4.40260444779e-36
-5.51298752743e-13,6.62299940368e-14,-6.89029521915e-14,3.47673647684e-12,6.92100281444e-18
1.73346103097e-12,6.81178813984e-14,1.77084163847e-13,-1.91378336789e-12,-1.11583157388e-16
-1.47812771797,0.298336714506,-0.377654910088,1.49425601959,-0.532640576363
0.0922352969646,0.190259188414,1.20238542557,-0.449310600758,0.909207940102
-1.97840892974e-11,-3.41749957326e-13,-1.03024663453e-12,6.20929176132e-12,8.91022688574e-14
-0.175068035722,0.0800957009196,0.160442352295,-0.642056763172,0.705539286137
3.55738914076e-35,4.26255488567e-35,2.78246486598e-35,5.06827418518e-35,-2.74344023284e-35
-5.81270495412e-33,1.83213100532e-33,1.53485090846e-32,-1.97691730573e-32,-7.69571642885e-35
4.11566867402e-19,-1.37088756656e-18,-1.57043206804e-18,1.01631301116e-16,5.44746161688e-18
-3.56680136815e-12,1.92008561828e-11,7.68534677087e-14,9.59020276387e-12,-7.74654229652e-11
-1.90203321843e-11,8.37322641778e-11,2.88961373275e-13,3.22565724131e-11,-3.19783866054e-10
-5.2444472376e-12,5.36178497434e-11,1.00753261257e-13,2.75650908349e-11,-9.60723375854e-11
2.27372717876e-10,-6.43736564054e-10,-2.30725247935e-12,-6.33735453448e-07,-4.90862504723e-14
4.12527482587e-19,-2.28473489042e-18,1.01039711158e-19,2.9171608705e-13,-8.90499915195e-21
-5.3704018846e-19,2.47676962591e-18,7.43632462628e-20,5.98516339266e-16,1.58701118403e-22
2.34719603915e-35,-4.46755725484e-35,-1.08626836029e-34,3.93945292939e-35,4.27817294672e-35
-4.22693230394e-17,-1.10730540971e-17,9.28032524243e-17,-2.97250939776e-16,3.71119024687e-21
7.65821483003e-35,-4.8658779352e-35,5.24165271426e-35,2.10081790465e-35,-5.74960689692e-35
-6.95687951691e-10,2.99927443992e-10,3.30100963924e-13,1.61240132002e-06,2.05684824235e-14
2.55154881568e-35,4.10036105906e-35,5.14428068563e-35,-2.66056214139e-35,1.94360586672e-35
-2.19965365367e-10,8.38620017873e-09,-4.06152764077e-15,-6.08126504882e-13,4.12955539786e-15
-1.28301036358,0.264937400818,-0.39525154233,0.909693658352,-1.13791167736
-8.6831139303e-20,-9.87025087019e-22,1.83263027934e-19,-5.54000906535e-18,-9.05743228604e-19
-7.55949068534e-13,-4.74074555654e-13,8.82987801799e-14,4.73726469158e-17,5.35013885472e-18
1.96116818567e-36,4.70659242396e-35,1.07698700587e-34,4.38725199221e-35,-4.57689100034e-36
1.58806360374e-19,3.81974503e-22,8.31273601583e-23,-7.67907143991e-21,-3.30185349318e-25
-6.68592607541e-33,4.40895527442e-23,3.9298843608e-20,4.78032240028e-22,-5.44191260175e-21
-0.431768476963,-1.81594109535,-0.505029976368,1.48358523846,0.0243735741824
0.679442822933,-0.646168708801,-1.33989477158,0.602159202099,0.433715671301
-7.12218940605e-35,-1.99570869739e-26,8.92909418002e-19,-5.58018819964e-35,7.15705934394e-35
-1.05700337232e-34,-5.79587017606e-35,-6.19014177199e-35,5.53487484392e-35,-5.26366453475e-35
0.5355514884,-0.899463176727,1.26918590069,0.108347706497,-0.610210835934
-3.57933137229e-25,-2.98766023638e-17,5.49183941866e-14,6.67889671723e-15,-8.32509550934e-15
-1.12767096326e-26,-1.7006945626e-15,-1.77589117457e-13,-2.3202097253e-13,6.11888537343e-14
-3.19757002582e-25,1.42387223109e-15,1.36662111749e-13,8.93260549621e-14,-1.03152087363e-14
4.84788552847e-25,4.17996317558e-15,2.82753404024e-11,4.83670015931e-13,-4.48102232403e-12
1.95233435148e-25,1.07924766502e-15,8.12737789395e-13,1.02783761862e-13,-1.26334218694e-13
-6.69103392283e-05,-4.15605096471e-24,-1.15818011182e-05,2.76182312575e-08,-3.39179601072e-10
-8.00569798657e-19,2.43350952744e-19,-2.66060472679e-19,1.17881299984e-15,2.36367566856e-22
-4.85362531416e-12,2.45852296854e-12,1.18531977988e-14,-1.39039824099e-09,3.86799120023e-15
-1.06835859951e-28,-1.75805738553e-25,7.91286553801e-29,-6.11208735168e-23,1.17341673509e-30
1.63221991478e-10,-5.22302312511e-10,1.02197276249e-12,-4.81151573695e-07,-5.75895464671e-14
5.5270753252e-12,6.63078736341e-14,7.61717078301e-13,-3.29024897605e-11,-2.08765933685e-13
6.96197377342e-35,-6.79726595011e-36,6.86553215316e-35,6.28672631125e-35,4.69530985928e-35
-1.23438069052e-15,6.41679579431e-35,-3.54947774978e-23,8.45244378705e-35,-5.71404306249e-13
4.07433071656e-12,3.98818200686e-11,2.72718501428e-12,1.54599462121e-08,2.67389683664e-14
-1.99191925436e-20,-3.49697429812e-21,-1.00363613792e-19,4.41222522793e-18,1.5249984168e-20
0.00501979049295,-1.47711132215e-08,-8.53955643834e-05,5.54654683727e-13,0.000399807584472
-1.35762607753e-11,-6.51133010612e-35,5.728399211e-35,-8.40320905565e-35,5.31652102854e-35
-5.49496830304e-35,-5.46209608054e-25,5.02477171065e-35,5.8787362141e-35,-8.76009812031e-17
6.51317584935e-12,-1.37007877266e-10,-1.00650824481e-13,-1.16102474856e-11,1.31830296679e-10
8.0968376448e-10,-1.57920587718e-09,-1.26845114273e-11,-6.36770303153e-10,1.95711287176e-08
3.94000630732e-11,-2.88334112142e-09,-1.01188838125e-12,-1.90412219325e-09,7.82899023388e-10
1.49699169727e-10,-1.42476430653e-09,-2.70778451744e-12,-6.9512567924e-10,2.33662844629e-09
-2.711898206e-10,2.49526677099e-10,5.06713898271e-12,1.07643838287e-10,-3.66320573875e-09
-3.50018319883e-10,2.1232871017e-09,6.44891648763e-12,1.25637777959e-09,-9.50810008504e-09
-7.80035702697e-10,2.82399437168e-09,1.34974670329e-11,1.41515044128e-09,-1.03674402396e-08
-9.83009007527e-10,4.3029628749e-09,2.1818328394e-11,2.62470578605e-09,-1.4534465187e-08
-3.29719429537e-09,-1.84313847962e-23,1.11073851428e-19,-6.23419238964e-35,4.95547830201e-12
-3.01478045912e-19,-2.7656096086e-35,7.00548256165e-35,2.13458969089e-35,-5.05867675594e-33
-8.11618974694e-07,-1.50409342368e-18,-2.75167408859e-08,2.49160365229e-07,4.17319030894e-22
-1.60476140763e-20,2.24812801241e-19,1.75029285041e-20,4.37807573809e-17,-2.06718002542e-23
-4.59545077547e-08,3.93845164814e-11,5.48610789957e-35,-2.59108512424e-09,4.47064849141e-07
4.81363329541e-35,2.87992356436e-35,-2.1658481979e-35,7.30463095066e-35,-3.95179131529e-35
7.36975151044e-12,2.77702004865e-14,-2.41201329743e-12,-1.92224864498e-11,-7.81088247467e-14
-5.13611823194e-35,2.92636247888e-35,-2.33616946592e-35,2.64591724961e-35,-4.65823127771e-35
3.44897718599e-24,1.95077299656e-21,-8.05556010164e-06,-3.22210779474e-21,-4.58507383883e-05
6.70694832251e-34,-8.81708810399e-35,-9.05285966916e-35,1.41140352575e-35,3.65296210688e-30
-2.02054177984e-24,-3.76265295411e-34,-6.35784833512e-30,2.17821835313e-34,1.29318864339e-22
6.29921766203e-19,1.32146419243e-29,5.83198177689e-23,5.95719529627e-35,-4.31354175367e-17
-4.78415933894e-19,-1.15825607411e-28,-1.04785411671e-23,8.2882137953e-35,9.93357955067e-17
3.80399700749e-36,-4.37336732615e-35,5.28924473823e-35,2.28227709643e-35,-6.32593318044e-36
8.06991680313e-35,3.07016716574e-33,-6.30015725256e-35,1.05180250754e-22,-6.43397548928e-36
-2.11085523739e-35,-1.21367670218e-24,2.09527477149e-35,-2.28152847499e-14,-2.85395902887e-28
4.17072340731e-35,9.97292208262e-27,1.77162854641e-35,1.49790351949e-16,2.10276172249e-30
-1.95365778895e-20,-2.20720593348e-20,-2.49586692566e-20,1.17289529018e-17,1.01296227621e-19
5.11194712935e-35,-6.89695194626e-35,-5.96319100623e-35,-5.48593857788e-35,-5.13751700134e-35
-7.16162442424e-25,-1.63705295386e-15,-1.29244076379e-12,-1.67932589492e-13,2.00586983547e-13
1.07860648632,-1.49468505383,1.09188568592,0.45995759964,-1.01519823074
-3.42467766526e-36,9.85351897633e-36,2.19211659363e-35,9.81030176581e-36,-2.77073402929e-35
-3.51561688832e-13,-1.66067788861e-13,-4.69527151534e-12,5.99904431686e-11,1.90746880097e-11
2.14938514658e-17,2.62746533407e-28,1.84343387206e-20,-6.20605935638e-28,-2.04477888866e-27
-5.10680032376e-35,1.03625061648e-34,1.45417173531e-32,1.54295514763e-35,2.92803290916e-34
3.8133782243e-10,-2.17978413097e-09,4.23823479423e-07,-3.07944070244e-08,-6.45768323692e-17
5.62899933982e-35,-3.80525435895e-31,-6.46407729951e-35,8.20133339813e-35,8.2951261383e-35
-5.89088088449e-35,5.23987167961e-35,-2.92232668121e-31,-6.00587327498e-35,-2.44832342211e-35
-2.36120301246e-21,-1.37037396495e-20,3.64004087496e-23,7.27216662707e-18,-3.3207044585e-24
8.57375044187e-35,-4.15654716355e-35,-2.12590522702e-33,4.51362968833e-35,-1.83850108268e-33
1.37690039171e-21,1.14076228097e-34,-6.09273645299e-35,3.48928047914e-12,-9.56744784234e-24
-1.12886846066,0.626674771309,-0.902062773705,0.202621996403,0.222835704684
-4.15571146053e-35,5.26919934531e-35,6.06328796622e-36,-4.61077212822e-35,-4.82685703288e-35
6.14113031564e-35,-4.05572881277e-33,-8.03592388505e-30,-5.78968448142e-35,5.69713783414e-35
1.9437901809e-12,-2.26284499493e-13,-1.43183197503e-12,2.28730437368e-11,1.76433503224e-11
-1.04955085284e-18,5.68639935426e-18,2.03885495703e-17,3.08677837751e-16,1.28355125254e-18
1.78120884708e-09,-5.75971710342e-16,-2.95596568056e-11,2.70214623246e-13,9.02248357306e-05
-1.62693868794e-11,1.82867230473e-13,6.33439264583e-13,1.4209839902e-12,-3.80171615759e-13
1.99316398153e-17,-5.34381505894e-17,9.41100701996e-20,-1.02999379858e-12,-1.45028732655e-21
-9.94109214458e-21,5.30839358713e-35,-3.63656231391e-23,5.14081561757e-35,-5.67186527957e-35
-7.86014616281e-35,1.40865692695e-35,-4.95392923494e-35,5.29951137273e-35,4.46024169661e-35
-6.13344770241e-35,-3.63072025777e-08,-6.6959819911e-09,-1.37985915507e-16,-7.78458097983e-09
1.68456117111e-11,5.64374285153e-13,2.0016928115e-09,-1.8605547103e-09,3.00873936225e-13
1.73821325316e-31,6.06699611136e-35,-6.37893718499e-35,9.59426206144e-35,-4.49894691441e-35
-0.906829535961,1.47276365757,-0.544693350792,0.52784794569,0.274593174458
-8.10212465958e-35,8.66020782179e-36,3.95062787435e-35,-7.43913092245e-35,1.3399440303e-35
-5.84531781053e-19,-1.54935478225e-19,1.03179229968e-20,-9.45514175853e-19,-7.6299314089e-12
5.2036747188e-35,-4.73748186706e-35,3.65559027173e-35,4.87398700951e-35,-2.98822086019e-35
5.97012343824e-35,-1.0283024432e-09,1.79533640221e-06,2.0431219672e-35,-3.70420735101e-13
7.82200343742e-35,5.81235407365e-35,7.13151644863e-35,3.28475452044e-35,6.27739008512e-35
6.68495027735e-35,-6.66752219607e-35,3.3338311226e-35,-1.05421329515e-34,5.44560041016e-35
-2.25220422824e-13,-2.63973286386e-15,-1.71333589406e-14,-2.03178551999e-13,7.17346412765e-18
7.15382673448e-35,-4.22870346082e-35,-6.53767024833e-35,-5.27333423852e-35,-4.15880201197e-35
3.01916884614e-21,3.56330634765e-20,-1.00731392509e-19,1.44827486236e-19,1.50202622178e-20
7.22786852928e-35,-5.03563757176e-35,-1.1509243378e-34,7.32542652479e-35,5.00379820524e-35
5.80686231097e-35,-2.45756293398e-35,1.76423966328e-35,-2.68280242458e-16,2.11507048666e-35
-3.95590439757e-35,1.81232659448e-35,1.77147056066e-35,5.19112294417e-16,-1.48978325631e-35
-2.56171458982e-30,-3.94681538204e-31,1.09432990973e-34,-6.92823341214e-35,3.31634679207e-35
8.39474364046e-15,-3.72891211344e-31,-1.89797040688e-29,-6.0289813817e-35,-5.56265048973e-35
-2.52675555821e-22,1.10221054324e-34,-5.11576978188e-35,3.09132112109e-16,-5.2200421001e-35
-1.71485742111e-35,3.66904761574e-36,3.67442228816e-35,8.6710594771e-36,1.63663739822e-35
1.01572040709e-11,2.47091369175e-14,3.38028476737e-12,-1.12022065235e-10,-1.020308317e-11
-7.31773176126e-14,-2.7334536544e-13,1.85361014732e-12,1.21356058883e-11,-1.18598630916e-10
-1.75019341467e-12,-2.12712885297e-15,-1.30611461317e-12,2.25357421613e-09,2.93260923358e-12
-2.82432757737e-11,5.40161889013e-14,-1.54675109526e-11,1.0472911427e-09,6.48604564155e-12
1.54345273746e-26,5.49987464425e-13,2.6732915469e-13,6.66878705036e-11,-8.12638530686e-14
-1.55847270621e-34,7.94966360461e-22,-1.5246786921e-20,3.60137481503e-18,7.31361250358e-22
6.26119489537e-35,-4.71506195259e-35,4.3639071221e-35,-1.14782156077e-34,7.07806876384e-35
3.15632458796e-35,-2.97325081336e-35,-4.36238150492e-35,3.85189294955e-35,7.48851844516e-34
-3.6153399217e-35,4.10737097727e-35,2.21938929661e-35,4.01933761415e-36,-5.4170814708e-35
1.56384608705e-29,-5.95857799446e-35,-8.40290599851e-35,-6.00456446717e-12,3.36002716965e-17
-1.37163440328e-11,-8.53255319047e-14,-1.77796388723e-11,4.17251078133e-09,2.71222584322e-12
3.70863235954e-12,6.1726136355e-12,4.36617810049e-13,5.51815371175e-10,9.85933446586e-17
1.06926464482e-13,-1.40286843557e-13,-8.39047798254e-13,-5.99058669337e-09,-7.75536861293e-13
2.62412129359e-07,4.86464832967e-25,7.50255567254e-05,9.54899093131e-08,8.39881195702e-08
-1.01979105716e-10,-5.90433925456e-23,-1.55955216558e-16,1.69754149563e-28,2.99729094877e-07
2.22772439161e-15,3.09131030466e-20,-1.64241224787e-11,-1.35692164349e-06,8.15500610546e-16
1.29410565597e-10,-3.26426359663e-15,-4.20237716153e-12,-4.70102072825e-08,1.1004976791e-10
1.13275100411e-09,-2.00635728599e-14,-9.18020087032e-12,-1.3928119813e-07,1.4087826461e-09
1.94868849945e-08,3.30926556774e-13,-2.06822944188e-11,-1.58735826972e-06,4.69211128284e-12
6.68294919404e-10,6.15123051237e-14,-4.23638815e-12,-5.25198338153e-08,-1.51243004232e-10
3.75999759106e-10,7.54936952253e-14,-6.61598900664e-12,-3.74749582477e-08,-1.79658288246e-10
1.36014616237e-10,3.15999024094e-14,-2.5453404575e-12,-1.86427513427e-08,-7.79355260883e-11
1.86071172359e-10,4.53297237257e-14,-2.41256559001e-12,-1.96303098221e-08,-8.85966577879e-10
-3.05544811674e-10,4.4423473011e-15,-1.71982838127e-12,1.50103591778e-08,3.6621868732e-12
-3.66465746637e-10,-9.96246186539e-15,1.32512121935e-12,3.01713356521e-08,1.66345118235e-10
-4.56552989858e-10,-1.44276154227e-16,3.73898793871e-11,2.59457149099e-08,1.44030801175e-10
-4.89946638815e-10,-4.53179872372e-14,-8.71523664868e-13,7.56685452075e-08,-7.9323813143e-12
-5.64270408177e-10,6.64746120698e-15,-4.42218518748e-11,7.09004552846e-08,1.10933019715e-10
2.84460547058e-18,1.74582870657e-17,9.88391923862e-10,1.15205729401e-07,-1.26449089914e-12
7.67746144437e-10,-5.26171162196e-10,-9.85914908741e-12,-5.92284038703e-07,-1.42099110256e-11
-4.38114983592e-20,-2.82127137758e-19,5.62223502179e-23,-4.71521205645e-17,-6.75907989036e-22
1.02181601682e-19,2.5148024288e-11,7.92483093715e-15,3.76494683261e-35,3.55605580415e-35
-2.60034572e-12,9.55963741736e-19,-0.00118372624274,3.96471295971e-06,1.19412021504e-12
0.52757024765,-1.19547963142,0.0938173383474,-1.88953304291,-0.449552744627
-1.2756690979,1.29859793186,0.119643472135,-0.734367191792,-0.690137267113
-1.30506944656,-0.292692780495,-1.13374328613,-1.46378719807,-0.145412743092
-5.16343010015e-11,-1.33615525328e-12,8.50970159681e-14,9.51803968974e-10,7.11103048055e-15
-6.52231393894e-11,-1.29788046629e-11,1.54760766377e-13,-1.59458524163e-09,1.91503752045e-15
5.75655999193e-35,4.53471253538e-35,6.82054251757e-35,-7.8925285067e-35,5.19544224054e-35
5.55113572297e-13,-1.69859582671e-13,4.58784757146e-14,6.43402865708e-12,-2.69529695465e-16
4.99701581519e-15,1.59624612519e-14,2.1143755014e-14,-5.6990953623e-11,-2.4310855673e-15
-2.44588637538e-13,-1.5647420859e-11,-3.10399817828e-13,-2.45990505743e-10,-6.08900391452e-15
0.237013965845,0.495476812124,0.85799986124,0.0670096427202,-0.351946771145
-3.27668808753e-10,3.11277975618e-10,5.39755479895e-12,8.07570954553e-11,-3.76190278928e-09
4.5856393358e-35,-3.07093996144e-35,2.72246787538e-35,-4.52810124061e-35,2.33312382778e-35
-4.71057320573e-35,-3.2558191645e-35,4.23230226433e-35,-3.96984818273e-35,-3.74036720555e-36
-1.15426442349e-35,2.97331222835e-35,-1.60613309022e-35,-3.16420292559e-35,2.74385406655e-35
-0.000787624274381,5.31496444078e-11,0.00183864368591,-3.53455078539e-07,5.9599750557e-07
1.09733832579e-35,-4.23885099616e-35,1.49845166619e-35,6.68046296542e-35,1.95768195239e-35
-0.025966854766,1.04830467701,0.737091422081,0.509994864464,-1.23966097832
-1.27847035362e-35,3.52987895692e-35,2.27817161928e-35,2.12959986661e-35,-2.68253521878e-35
-1.3745777086e-11,-4.11218198978e-14,2.6012252248e-12,-2.47009773746e-10,4.52138370147e-12
-5.55069160665e-16,1.86346983698e-17,9.31383074632e-20,4.07290250577e-18,-4.08358819036e-17
7.01982738605e-09,5.09234208892e-14,2.19472131441e-11,-2.18066942281e-09,-1.20774440796e-12
-4.02742990596e-16,-1.23688960211e-14,4.66642481175e-31,-2.72613138997e-20,-1.741183788e-35
-2.29485999434e-36,-3.21918914193e-35,3.3212094816e-35,-3.00866286766e-35,1.43443055894e-35
1.95934905363e-36,5.27528631679e-35,9.40204405429e-35,3.27550022879e-36,-6.55387404765e-35
-4.23537534254e-13,-1.67844330014e-12,-1.80969470095e-13,2.06247432327e-11,-2.36440923264e-12
-6.6001284299e-13,-9.34110969998e-13,-3.5751959661e-14,-4.39949986164e-12,4.50793581507e-18
4.13676407576e-35,7.60668191533e-35,6.5576616879e-35,1.03956300803e-34,-1.8228701704e-35
2.73577885657e-35,-2.46711870434e-35,-3.94403552065e-35,3.01814832647e-35,-7.18473282276e-35
-3.98401151213e-35,-6.32615760344e-35,-5.67778063346e-35,-4.47996423037e-35,-5.3356520843e-35
-8.95897451952e-35,-5.89732486647e-35,-1.29790478005e-17,-1.33088771124e-13,-2.62053182973e-13
2.13132390606e-18,8.23571895767e-22,2.12049688733e-19,-2.21816939178e-18,-1.03019302998e-20
5.44160419849e-13,7.44593162792e-36,-1.46163395849e-20,5.60701506998e-35,9.6136846949e-35
4.3955410067e-35,4.09685323009e-37,2.18008499569e-35,2.61053245897e-35,-7.9713253713e-36
5.37442560475e-35,-9.31902132193e-35,-3.25134734981e-35,-5.07384343405e-35,-3.53972630498e-35
6.00335124267e-35,1.03108900242e-34,9.85966090561e-35,6.49711397131e-35,-1.35758826007e-18
5.11873779032e-35,-8.53798281201e-35,-7.64508407599e-36,-5.73357241929e-35,1.12458258846e-34
4.57132670205e-14,-2.78874132094e-26,-3.02360928655e-27,-6.15247659119e-35,3.6316605243e-35
-2.50093355584e-14,1.72624028329e-26,1.58446246895e-27,4.07334563896e-35,-3.81804353361e-35
-2.67998869624e-11,1.83123535743e-23,1.13434107496e-26,2.95419236503e-35,-3.46004064497e-35
-4.93477694222e-35,-1.52356594802e-35,4.40899203702e-35,-4.6960660672e-35,-6.82709842405e-35
5.7578961984e-35,7.29274686349e-35,-3.90209109271e-35,2.86889584319e-35,-1.46131166963e-35
-1.34062457085,-0.403864979744,0.23759624362,-0.616890132427,-0.0656177476048
1.27698993099e-33,4.89492148483e-34,1.27689852839e-17,-8.10677276719e-15,9.86501606298e-35
-2.16503559725e-35,-4.72900401584e-35,-3.54480538189e-35,-3.1099292953e-35,6.84547298491e-35
-3.89104265727e-21,-1.78245022374e-21,-5.18909784669e-24,1.66468216966e-27,-8.03024272085e-32
8.90310829504e-08,7.78039463967e-08,1.50793169618e-10,-7.9044611712e-16,7.28577788405e-18
1.72371339183e-18,-2.89445524686e-05,8.39797503431e-05,-7.5885213846e-06,-3.23487266985e-20
1.14283929542e-12,2.19970968524e-11,1.31532778376e-13,2.71055555778e-09,3.04711314808e-16
-0.040544886142,0.142992943525,-0.0901303216815,-1.12481689453,0.933412790298
-1.51249368585e-09,6.65312427373e-07,6.46254757591e-19,4.84473780538e-11,-1.17394867161e-08
2.00347622566e-22,-5.15802386763e-35,4.70723814229e-35,6.02120004532e-35,-9.97953492669e-35
1.55692871925e-14,-2.40691938866e-35,4.39060513576e-35,3.44576424312e-35,-4.20884173889e-35
1.05335842724e-17,4.82572975217e-35,7.50985401201e-35,2.2852970368e-29,6.41226887833e-35
-5.02239202336e-35,-6.51926068684e-10,1.51786604119e-11,5.52504396401e-12,4.6665472837e-06
5.56388395524e-35,-3.26835530862e-10,-1.3216773509e-10,-2.48162688316e-11,-3.01127833779e-08
1.17441448018e-34,-3.99921562881e-31,5.89167870537e-35,9.92351704917e-26,-6.05149083578e-35
-6.31543925309e-35,3.02163578614e-28,-1.56520656895e-13,-2.09227328837e-16,2.30098818991e-28
2.28495840594e-35,-2.62077086177e-29,2.45433881552e-13,1.52417300227e-15,-6.672118514e-28
0.543113768101,1.07816326618,-0.63561886549,0.155160978436,1.73484826088
8.48327630365e-10,1.33041517883e-23,-2.2268625071e-26,-3.89823011886e-25,-1.26496484676e-27
2.01373633034e-35,5.76196422389e-36,2.58970933419e-35,-2.86201219878e-35,4.59871556251e-35
3.58305372134e-14,8.56571622443e-14,-4.05154290109e-13,-3.34730051836e-12,1.3017125084e-13
3.63571405494e-20,-4.92938866694e-20,-4.80754554836e-24,-4.57459796976e-17,-5.37732005868e-24
-1.42874963154e-21,-1.60761905815e-21,1.12499439052e-20,3.91240920101e-20,1.00432943886e-21
1.03906791427e-35,1.44167695356e-35,-1.70599862362e-13,-5.29605690086e-14,3.12914574792e-15
-4.79088728209e-30,-6.34452351767e-11,-4.04845810471e-34,-9.85961321476e-08,2.40219796979e-05
-2.79051504126e-11,7.15035186616e-09,-5.40546611378e-13,-9.39184841009e-11,-5.05057773381e-10
2.81747819519e-10,-1.35810260815e-08,-3.67648012728e-12,-5.63158297773e-10,5.06577801929e-09
2.89596905484e-11,-4.25433681881e-14,-2.26182747119e-13,-2.79367640132e-11,-2.31006706819e-12
-1.02957199482e-34,1.78535661867e-29,-5.05325258067e-28,-1.70319373331e-16,-6.37012212531e-35
2.08235243827e-13,5.12055588903e-12,-5.57422760294e-14,9.32716015534e-10,3.93086857349e-15
2.08577106973e-19,-4.39616096684e-19,-6.40020762603e-19,2.43532940751e-17,1.72888750996e-18
1.80042600561e-35,8.22932715325e-36,8.17256248513e-35,2.56851484962e-35,-6.92772602102e-35
2.3855479256e-27,-2.16303208262e-29,-1.1866378537e-27,1.59953766017e-24,8.30653493802e-24
4.34669677311e-27,-2.63755534123e-29,-2.68892021785e-27,-3.56219910069e-26,-3.90507063684e-27
4.10258553784e-27,-1.98960570225e-29,-2.42371870154e-27,-5.68929443074e-26,-9.2304198519e-27
1.78598941192e-11,-1.02821332178e-12,-1.39265439458e-11,-6.19042639372e-09,-2.33607122362e-12
-2.95572006342e-26,-1.90834002246e-13,-3.21037108301e-14,-2.79849737134e-11,-2.47972812836e-15
1.52171064638e-09,-4.23262420668e-08,-9.15233932243e-35,2.74805280753e-08,5.68553154934e-35
3.69356671984e-12,-4.28102377766e-13,-4.3506503955e-11,5.71551783679e-09,-3.29126374592e-12
3.72466510759e-12,-5.7519173452e-11,-1.86690975179e-11,2.0075967555e-09,5.75715907239e-12
-1.60865971151e-12,7.40622077555e-11,-1.90640594131e-13,8.79350550709e-11,3.99315606622e-12
-4.7657605992e-35,-6.31527911495e-35,-2.90384096638e-21,-5.69140328137e-35,-1.91072273239e-35
6.23371666786e-12,-4.14775229137e-13,-3.04827378617e-11,-2.88360779699e-09,-2.01150363727e-11
1.04014852287e-11,-2.0170932253e-13,6.98564253318e-13,-3.55672158392e-09,-1.90675097933e-09
1.00055149233e-05,0.000459802511614,-1.45438328047e-10,-1.98291033371e-07,-0.000145681391587
0.392113745213,-1.32675969601,0.162650898099,-1.61552608013,-0.203329235315
1.06796290563e-34,-7.66206445923e-35,5.57885658494e-35,-9.21509109093e-35,6.99090367663e-35
-3.69115758542e-35,-1.1341511584e-34,1.16806887699e-34,-5.44893174278e-35,6.43065649705e-36
1.26122235485e-12,-3.7763932606e-13,-1.82742753221e-12,-1.00726604835e-09,-2.05474287758e-12
3.70482145698e-29,1.7688105964e-17,-3.64055931435e-23,1.01702786892e-19,-5.59123600983e-35
7.85178448999e-20,3.90283180338e-35,-3.66534873199e-15,-5.93588989793e-16,-1.22842434346e-19
1.85496080353e-21,-3.80960242446e-23,6.45125591431e-21,5.66480890629e-19,-1.92676537175e-22
9.51789625461e-35,6.3824728516e-35,1.97823337148e-17,5.04812145952e-35,2.95313568285e-35
-0.262909293175,0.485569894314,-0.25288194418,-0.943165183067,-0.436296015978
-9.68557169128e-21,4.06528305124e-24,1.28124238649e-11,-7.50078583074e-35,-4.80575376125e-21
2.27446112949e-21,1.12352792001e-11,-6.31725070825e-35,-6.40527790118e-35,-3.59817279888e-17
-5.69926554779e-35,-4.1464099597e-35,6.51261695101e-35,-4.74133436613e-35,5.53727806406e-35
-1.11476433277,-0.286683768034,0.668929636478,1.14105403423,0.131813049316
-4.76154497775e-11,-2.84276886475e-08,3.59122535312e-13,-9.78337411084e-10,5.00586405661e-10
2.28969621041e-13,5.44796378962e-14,-3.04293428562e-13,-1.43318950457e-11,-2.79597742528e-12
-4.24759966783e-12,-6.47361870598e-14,-1.1702085427e-13,-3.81901310575e-09,4.07165566454e-13
4.51264676154e-35,-6.11754810817e-35,-5.67573155395e-35,4.22305213398e-35,-3.63125817003e-35
-6.06409939023e-34,9.25904114871e-34,-3.78610346947e-33,6.71959026467e-31,9.9530312025e-35
2.34754571468e-13,-6.74229335557e-13,-2.202677873e-13,-5.33731947527e-10,-8.53141325353e-16
-5.29779185854e-07,-8.14120559572e-22,-1.13713294336e-09,1.41289637987e-20,-5.59806914471e-35
-4.18823141136e-26,3.69741301763e-35,-4.12108834404e-30,5.80393282752e-33,-8.04323083834e-22
8.08710992964e-17,1.13089207026e-29,3.13897634513e-21,-1.59568401548e-23,8.46308266522e-13
-6.1683457984e-18,-6.17009085425e-30,-2.04402630152e-21,3.93009587902e-23,-5.72965177907e-13
6.47306019363e-16,7.5308027953e-32,4.44533525483e-21,-2.77721661779e-25,4.44107008113e-11
-1.41497382297e-21,-2.40821437662e-20,-5.97465512487e-20,6.29981530002e-19,-4.61466867838e-22
3.37700765789e-12,-1.06567939152e-13,-2.14911487044e-12,-2.75733191835e-09,-2.09119570618e-12
-6.74404998227e-21,3.16883507118e-22,-2.22827658244e-20,-2.09121727858e-19,4.30799378868e-20
3.32563158905e-21,1.61083181472e-20,-6.83720867441e-22,3.70043124435e-19,1.24186487169e-24
1.41796567977e-13,-4.47571802753e-13,-2.82165332766e-11,2.28257368562e-09,-1.89180377093e-12
-9.90672713135e-13,-2.65309882353e-13,-3.14909071042e-11,1.09227793477e-09,-1.71797539844e-13
-4.59506653646e-35,1.49712909155e-35,4.14284616848e-35,1.50162974833e-35,-3.78271642714e-35
-4.22677387882e-12,-2.63717243572e-13,-3.19282447703e-11,1.1237472064e-09,-7.47618492721e-13
6.30433936208e-31,-2.11722293611e-29,1.32659089949e-25,9.60433048392e-28,-2.47979487267e-35
1.37611869882e-30,-1.50107788606e-30,5.61322358757e-25,2.6582961021e-29,-2.73082375759e-35
2.08967612962e-21,-5.88034498359e-21,1.49888051905e-16,2.28048731797e-19,1.70617776423e-30
-1.75081130368e-23,4.68687401318e-21,-2.11931845481e-17,-3.50013850631e-19,-1.37864347261e-30
-1.46462578069e-24,-7.65082289888e-22,3.09408272973e-18,1.13765975355e-19,1.24372051314e-31
6.24058701003e-35,3.89494342125e-35,3.09393815255e-35,-1.3110383774e-35,-4.64979647437e-35
5.40465268434e-35,-5.36175345422e-35,3.33897534531e-35,-4.54292635955e-35,4.90449246544e-35
9.09761987966e-11,-2.74569700309e-10,-6.46164455276e-10,-2.76317990711e-07,-2.82120128718e-14
3.38765626682e-24,1.04731321296e-19,6.494329406e-20,-1.35149797737e-17,7.68833556995e-23
1.89951374942e-12,4.54831789907e-14,-3.52705684754e-13,1.36053335265e-09,-6.56611527303e-12
1.10551563563e-12,-1.23318469694e-13,-1.69074008266e-11,-6.23869567118e-10,8.66602688047e-13
5.72297721366e-12,1.12000015653e-13,-2.9328104615e-12,-2.97363002277e-11,-2.25234522873e-12
4.24848350944e-11,2.09184910062e-13,3.32328192743e-11,-1.21714927026e-09,-2.91509546536e-12
-4.85483875323e-12,6.56683027725e-14,-8.90710855767e-12,1.43327416602e-09,4.04000791154e-11
5.33088295219e-35,3.45642053287e-31,-1.20515975948e-18,8.20162841967e-35,-1.12456858355e-34
1.13378301285e-34,1.1891191767e-29,4.38643117305e-26,1.04643953519e-34,-1.14898385376e-34
1.00307063365e-27,1.96953510481e-29,2.26254354905e-21,-1.87430233502e-22,1.05904459071e-32
-9.68482835964e-20,-1.93618060631e-14,-3.61085097674e-21,-7.26368233478e-16,3.50249571256e-18
-4.29806603159e-18,-9.8355575317e-35,5.2517431394e-35,1.51266371203e-25,6.91611560362e-34
-5.14296342023e-35,2.30390234688e-35,3.0376369667e-35,4.62803863643e-35,-4.44051629299e-35
4.02042859114e-35,-5.34028001934e-35,-7.47849678185e-35,-4.42674269049e-35,6.40235810637e-35
1.16950082951e-09,1.86725213069e-09,-2.43902901348e-11,6.25713036939e-10,7.49191908511e-09
2.32435418135e-10,-5.92818849565e-10,-4.76323017487e-12,-4.03507616209e-10,1.66836788829e-09
-1.10848465823e-11,1.63149170822e-13,9.28479342022e-12,2.55718585196e-10,2.20647475985e-11
-3.79693195288e-12,8.7347615035e-13,3.80415178525e-11,7.05200786655e-10,-1.22691440341e-12
-7.99833073037e-13,-1.93072283421e-13,-2.20802837819e-11,2.23195559257e-10,2.38999683759e-12
3.91504133935e-15,-7.6560421414e-14,-2.00466056782e-16,-7.90385552146e-12,-3.88595634552e-16
4.60605945746e-12,-1.74757300644e-12,-5.33537311553e-11,-8.93078166975e-10,5.87916542706e-13
-1.42702724353e-16,-5.46249756748e-35,-9.99860915924e-35,3.46083502201e-35,-1.14283994428e-34
-2.60486411731e-15,-1.0961370027e-36,-3.27283369906e-35,2.26394335932e-36,-2.52738029596e-35
1.56100297502e-35,-4.98448979218e-35,7.23680211416e-37,2.19720557155e-35,-3.29701771602e-35
5.37724725037e-35,2.91425081186e-35,4.55274041724e-35,3.90500727976e-30,6.43808728013e-35
1.15806852877e-20,-5.14969840593e-35,-2.80358186435e-35,-5.11610268555e-35,5.60923322587e-20
-1.06925197479e-16,6.32905271745e-35,5.21278250413e-35,1.93824471443e-16,6.49046622933e-35
1.40765559473e-13,-6.26808977985e-12,-2.90600443015e-12,1.00997943342e-09,-7.31016199722e-14
-1.40513005218e-18,-1.23522725776e-18,-7.87409897948e-20,-1.06989918572e-18,3.39022598122e-24
-2.53962039523e-27,3.29374720807e-30,5.07470611374e-35,1.77355646245e-17,-5.74878783909e-35
-3.06844834963e-35,5.60770268826e-35,1.31880335559e-35,5.55842591342e-36,-5.60966108022e-35
-5.93021695749e-07,-1.00979251627e-08,-6.57594814638e-32,1.18949872174e-08,1.97416252234e-08
1.21603636563e-16,3.4756102054e-35,5.85325071597e-35,9.10962634871e-19,-8.64673881466e-33
-6.40835302862e-20,-1.69854218239e-18,3.95844567951e-20,3.91960153644e-18,-9.1029203141e-23
8.82406747124e-18,-1.39458476599e-19,-1.13768219082e-18,-2.97020520345e-16,8.48090930816e-10
-2.96267329246e-12,-2.07837219657e-14,1.91328532878e-11,1.8858595241e-10,-1.05788103971e-11
-8.96033402103e-23,8.46183421269e-26,2.18400319418e-21,9.49939385335e-21,1.12291139194e-23
-6.03577992165e-14,-6.72937360424e-18,3.04330332094e-14,4.15614070937e-12,9.90698734834e-16
-7.23902993329e-22,3.17082443638e-25,6.52345458481e-22,3.19388263933e-20,1.73233476133e-22
4.39670679421e-13,3.10550501866e-17,-2.18694176267e-13,-3.12448296402e-11,-6.73939985714e-15
5.89543497132e-21,-7.30533867797e-22,-8.5981266551e-09,4.12459177923e-09,-4.76902389263e-23
-9.32079324205e-14,-7.94545855846e-18,7.14230175111e-14,5.67003865734e-12,1.71417911536e-15
-4.24788719824e-12,-1.38340967896e-16,3.92108914782e-12,2.23353072148e-10,-1.23618996983e-13
1.29697706568e-12,2.14346832366e-17,-1.05234668635e-12,-2.84732706163e-11,5.56244537464e-14
1.48876079519e-26,-3.3950089464e-31,4.13388143335e-18,3.65120991278e-25,3.37439128142e-28
5.99542009963e-35,-2.29264781499e-33,3.89414768352e-16,6.91325446874e-35,4.69364189708e-35
3.50443480658e-12,2.53494192868e-13,1.66861455209e-11,7.97600263613e-10,3.17982012927e-15
5.08852768949e-12,2.56597477641e-13,1.6226279001e-11,-1.63482927196e-09,1.8360250386e-12
-5.27744502492e-35,5.94156317291e-35,1.90809695466e-35,-3.93816321464e-35,1.09083249835e-35
2.03272776746e-36,-1.24567812266e-32,-1.09998799509e-36,2.35679442692e-35,4.43059391081e-20
1.94268524647,0.137634649873,-1.06349682808,0.504020929337,-0.999810636044
-2.02774616542e-10,-6.88162261821e-15,3.65257043361e-12,3.13873904645e-08,4.76811541639e-11
1.62808044823e-10,-6.42553433963e-15,-4.28842595115e-12,-2.2988213555e-09,2.17128311858e-11
3.26235241078e-12,1.61399878168e-16,-2.81473021974e-12,-2.66013683303e-10,6.10989191641e-14
-3.74107883561e-10,-3.10745048129e-14,2.20229487424e-10,3.56647511524e-08,5.66906851324e-12
-1.46897893155e-11,-3.23210937892e-16,2.63886677267e-13,6.0390354939e-09,-1.06851897122e-12
1.2646193771e-13,2.54975590726e-18,-4.35487522508e-14,-3.5853167657e-11,4.98132325929e-15
-5.78439770041e-12,2.94074459228e-10,8.41181499456e-11,8.51469485497e-06,2.98908494527e-13
-1.15145365464e-34,-5.05616510104e-35,-5.18649746322e-35,5.83326559009e-35,9.11609716134e-37
-1.73908734635e-10,-1.61511060602e-12,-5.11881266541e-11,7.8742221632e-09,5.40344461883e-12
-7.11451557389e-12,-2.21278040108e-14,1.0220173232e-12,5.35280708647e-10,6.91727881572e-12
-1.12469258353e-13,-4.83992078186e-13,-2.38384277595e-11,7.55020906906e-11,-1.65584646689e-11
5.30433726456e-12,-3.12724087077e-12,-1.30615362276e-11,-9.24746321185e-11,-3.28614323253e-11
-3.42413354615e-11,-1.6105392844e-12,-5.540973496e-12,1.89415283458e-09,6.50309667227e-13
-2.30365401234e-12,-7.11217803401e-12,-5.20907698486e-13,1.26698452077e-11,-7.22867165431e-12
1.72847958169e-10,1.55704886918e-12,-8.16187135239e-12,-9.41904776397e-09,-1.43797734137e-11
4.32257493688e-11,-7.14296850834e-12,2.65415536771e-11,-2.93587909539e-09,-2.39504093641e-11
8.12208980627e-11,7.97572858452e-12,4.01884740764e-11,-4.98385333003e-09,-7.18347343415e-12
-1.4899860859e-12,1.16308646742e-11,-4.90996241061e-13,1.13107238853e-10,9.96359028269e-13
-1.87619082596e-12,1.93549078267e-14,-3.14186827596e-13,1.14738718526e-10,1.2361731647e-12
-7.76427705299e-19,4.47269223411e-20,-3.61029905986e-19,4.2908459029e-17,2.52652210991e-19
7.90112936009e-33,-1.66684658136e-33,3.68927469372e-33,-4.06768864495e-31,-3.96590084056e-33
-3.90658555852e-12,-4.71833706275e-14,-9.0610349085e-12,1.47444023657e-09,-1.20546660761e-12
-1.74118868195e-12,8.03358234428e-14,5.08957351091e-13,3.9875400204e-10,-2.3101030637e-12
2.01216343934e-12,-6.98838122787e-13,-2.37116819235e-11,-7.15308812183e-10,5.53640141544e-13
2.13661683832e-12,3.20474224415e-13,1.10465629699e-11,7.60643104059e-10,1.77561715331e-11
-2.04535887899e-35,-4.63204008119e-35,-4.13094055736e-35,-5.78528211732e-35,-3.20081257216e-35
-2.99397779785e-35,3.14070796184e-35,2.71778283014e-35,2.41177059875e-35,2.13334345451e-35
-3.40739945923e-15,2.01644001679e-16,-1.83975369796e-14,7.96612071013e-13,5.86691746617e-14
-2.86250782347e-35,-6.36515977668e-18,6.13235313809e-35,-7.16275013029e-28,-8.30723235259e-36
-1.58781923003e-22,-1.29971081914e-23,1.61183412498e-21,-4.2360145351e-21,2.41772937704e-21
1.1498310748e-08,4.54991059442e-21,4.1236870689e-12,-3.17987614511e-20,-7.30573154837e-19
8.65637908576e-11,-3.87905985111e-10,3.53349592424e-13,-1.84105047651e-07,-2.32322977045e-14
-2.81986745466e-35,1.02659745681e-28,-2.28781414548e-34,3.87394737782e-26,1.72014312789e-35
5.47608175928e-35,-1.08407753897e-26,6.16852726115e-19,4.46344745678e-19,-2.45609544591e-17
2.00907295255e-35,-5.46288494223e-21,1.76705016103e-27,1.00224801253e-18,-1.11830216149e-25
1.48598499759e-35,-2.49789384128e-20,7.04493762522e-28,4.47468522239e-19,-4.80407570669e-26
-2.24875470096e-35,1.3684773949e-19,-6.90851822947e-28,2.28345209872e-17,9.3270408298e-26
1.29330738248e-35,4.89865276795e-20,-1.27680765481e-28,-5.03171617423e-17,6.17692633411e-26
6.0626623369e-36,-3.03163762452e-19,7.38546755796e-28,-9.80339472258e-18,-4.42331997298e-26
-2.38790675477e-33,2.27808121871e-35,-8.50591041292e-35,3.50831741735e-35,1.78640565261e-34
-3.22334091927e-13,-7.011933952e-18,-1.50070709489e-20,-8.45879898244e-14,-9.50185069515e-12
2.76246717558e-13,2.7972328369e-18,-3.13167833414e-20,-2.65229393895e-14,8.1198563769e-14
6.61410900007e-12,-1.29257806777e-17,-9.11519616937e-18,-5.9060470002e-14,-2.98152702527e-09
3.51780844038e-12,4.21901692994e-18,-5.19867009045e-18,-3.48127195541e-15,8.25209095934e-13
-1.84831594474e-11,3.15911095456e-17,4.55126684427e-18,-1.42979432547e-13,1.65716398937e-11
-1.31360122432e-11,5.41247849441e-18,9.68879960206e-18,9.18813432998e-14,1.64959729904e-11
2.83984993724e-13,1.57999636455e-17,-2.56108914761e-20,2.36335499781e-11,1.13557999809e-11
-2.28861374296e-10,4.49268525155e-17,2.96467288716e-17,1.60935270644e-13,1.57640445836e-11
1.68402929151e-27,-6.38983805839e-35,-2.82827346147e-19,-6.01607734655e-36,4.49720233275e-10
-2.82711510452e-11,-8.86999067945e-12,6.19142270005e-13,-2.99075451904e-11,8.90210112927e-15
-2.42834246635e-12,4.64513376494e-14,-2.68628890833e-12,-1.70279429446e-10,2.14972293439e-11
1.05429840205e-11,-3.46258991531e-13,-1.00396245137e-11,1.3560914891e-10,-6.49388529061e-13
-0.537017464638,0.940742254257,-0.511976838112,0.132398664951,-0.417070150375
8.60054781502e-22,-7.11980197021e-10,-1.53659391606e-23,-1.2576327783e-13,-2.38227286786e-08
8.78024275616e-23,-1.42039808734e-11,-3.17544361141e-24,1.33105364605e-16,-1.96558702648e-09
2.39398569878e-21,-1.12881937131e-09,-6.01860985876e-23,-6.70993825129e-17,-1.20112886748e-07
-1.86692382236e-21,3.52818108063e-10,6.57592367999e-23,-6.76132469617e-18,4.73743035911e-08
2.16423694287e-13,1.96247477904e-13,2.49373993677e-11,-4.9710591199e-10,9.12461165653e-12
-4.32163840006e-35,1.83298427188e-35,4.90332385876e-35,-4.85769883632e-35,-5.1426132974e-35
2.52208402743e-19,-1.26950820729e-19,1.14036674346e-17,-7.09551476263e-18,-4.63314655798e-18
-7.47012195857e-35,-1.0121670733e-35,-3.86964733383e-35,-2.39561659148e-35,9.6206481214e-35
-2.8991530563e-35,-1.19546771028e-35,3.26034808939e-35,-5.26491062764e-35,-8.16699094037e-35
-2.95311260797e-16,3.76429283432e-17,-5.7019637501e-16,-3.32035356783e-14,-2.54139699736e-15
-6.76350062104e-35,-5.08732603283e-35,6.11147778187e-35,-7.80344692748e-35,1.12561826327e-34
-1.75410332511e-17,-6.34459817107e-35,5.70124058493e-35,-1.3104511012e-24,6.04824846879e-35
4.9017408188e-11,-5.75652210361e-13,-3.675901597e-11,1.3464552806e-09,-2.81992029554e-12
1.09405291155e-14,-1.91036016216e-14,1.64207602865e-14,1.05728284201e-12,6.9709447836e-15
4.67172090943e-12,4.89630613886e-15,-1.71997155017e-13,1.48212231377e-09,-3.09654602307e-12
-5.219819973e-35,-1.82391157299e-13,-5.43767213698e-35,-2.25361823793e-21,1.54023365243e-12
5.08197259738e-35,4.11400379598e-35,3.58076644027e-37,-4.2469798725e-35,-4.98843757057e-35
2.72996403261e-09,5.97727733975e-08,-5.03613713232e-11,-8.33002888889e-10,1.76733951918e-08
-6.71785755912e-08,-1.75527237189e-08,1.20710652585e-09,2.16638031958e-08,-4.11284105439e-07
-1.12318348486e-25,-2.20644340879e-14,-1.17798728671e-12,-1.9084389017e-12,2.34338535989e-13
-1.78509027083e-19,-5.07259786478e-21,-1.47064473418e-20,-5.63105950757e-10,-1.89029916936e-13
-5.34030814396e-35,-4.77850650511e-35,5.73667129332e-35,8.18696458682e-35,4.89235927449e-35
2.44325984244e-35,3.72225394537e-35,-6.97936741433e-28,1.94317208749e-35,1.39744166047e-35
-1.4437974371e-18,-7.49434488391e-20,8.25840249088e-18,1.44003976743e-07,1.93713071894e-06
-1.73080305643e-08,-1.4998195752e-07,-1.40952072236e-09,-0.000885336718056,-1.23228479219e-14
4.13746974285e-18,-3.40665029498e-19,4.12880998901e-20,1.03038699297e-16,3.91067406043e-22
-8.77344845018e-35,4.83713227696e-35,-1.08823054046e-34,-1.21436471258e-20,8.91796939652e-35
-6.24135326245e-35,5.26053696213e-35,4.60686309293e-35,-4.97043551743e-35,5.12503368755e-35
-0.72078949213,-1.92382109165,1.58402824402,-0.391100227833,-0.625171244144
5.39400091473e-37,-6.87983954949e-35,4.94945340245e-35,2.12570044534e-35,4.9188503713e-35
7.93950982462e-35,7.35037181806e-30,-3.80376195508e-28,1.55526953722e-18,-6.08071461257e-35
3.37928911922e-35,4.2064376578e-35,1.87607922639e-35,2.76343482926e-35,3.3878108793e-35
3.13125694134e-35,2.19046699853e-35,-4.31721336408e-35,1.96667982211e-35,-4.28265681482e-35
-6.06448756739e-36,1.21989250843e-35,4.22710408826e-35,3.6531336722e-35,-9.70576527704e-35
-5.37046749487e-35,4.57243540035e-35,6.41803672146e-35,-6.19897003303e-35,-5.65783109384e-35
-7.81872275782e-36,4.61572407037e-35,-6.14372581635e-35,5.41829427332e-35,1.53550657142e-35
8.55255949724e-19,7.38256083079e-35,-4.63289443829e-35,-1.35510994423e-17,-6.76012093526e-11
-1.98959262181e-25,4.18205418229e-16,1.92975829359e-36,9.71031945669e-36,5.15748031629e-35
-1.96966332779e-35,4.317775713e-36,1.71868796575e-35,-4.12509522803e-35,-2.08004414144e-35
5.79522560567e-35,-6.81100597526e-35,-5.99691701822e-35,5.55444441418e-35,-6.16849958938e-35
-4.54724452537e-11,-9.73577812147e-07,8.84306032845e-08,-2.40373172755e-11,-0.000604000524618
1.00342631427e-34,-5.77661514237e-35,9.06921227069e-36,2.92929030929e-35,-1.0365458676e-34
-4.31626305877e-13,2.56195726526e-13,1.08672766966e-11,1.20868470788e-09,2.64570032549e-11
0.25210660696,-0.0876623094082,-0.34807023406,0.244734883308,-1.46598637104
1.64888328685e-11,-6.50051179552e-10,-2.57412689254e-13,-1.15650058974e-10,3.77204295576e-10
1.93359599165e-11,-3.5707714563e-10,-5.50997181908e-13,-7.49090442453e-11,3.38771649622e-10
2.46270191739e-11,-4.76305384023e-10,1.94157949267e-12,-1.16620171853e-10,3.57016499697e-10
-8.35075134042e-11,-1.66565129744e-11,2.51514217439e-12,5.60300764119e-11,-1.11462195029e-09
-8.02884703166e-11,7.80389156074e-11,-4.60343482084e-12,5.59151787372e-11,-9.50601930505e-10
-1.85090970328e-11,2.06939160252e-10,1.30086332331e-11,3.84113400809e-11,-2.42964759423e-10
-1.64944776587e-11,1.64843949602e-09,8.90677614128e-13,3.34226923915e-10,-1.84947404613e-10
-8.78378272895e-12,7.08262726246e-10,7.21609946276e-13,3.21065479758e-10,-1.56642823712e-10
4.47659791181e-11,8.05640762436e-11,-3.06717932302e-12,1.62985423768e-11,4.85546769458e-10
2.39578329397e-10,-2.30611330032e-09,-6.08898261673e-12,-1.07529796178e-09,3.35084182623e-09
4.83511397587e-10,-1.78146930541e-09,-9.79691328062e-12,-1.00331887243e-09,5.84826587158e-09
1.65584192238e-35,-6.93373608027e-35,3.58903534824e-18,-2.86626733909e-35,-5.80973905789e-35
7.19111137194e-35,-8.85895750611e-15,-7.03306305703e-35,-1.609736629e-35,9.88591896985e-36
3.99463535167e-12,2.44879969438e-14,5.33011308701e-12,-1.86584481199e-09,-1.73644941742e-12
3.20090325971e-35,-3.64775871281e-35,4.45873903831e-35,-3.50508796474e-35,-7.60587261502e-35
-3.64960681492e-27,-1.39394803731e-36,5.70278112538e-35,2.29183831953e-35,-5.49670055008e-35
-1.02541225511e-10,-2.25184280112e-08,1.52305316796e-12,-1.90144816559e-10,-4.99283225874e-10
-8.02174993098e-12,-1.98143476453e-12,-8.02553173657e-13,-1.21371862213e-11,4.42725301517e-16
-2.80393958919e-12,-3.26111793819e-12,-2.78592687114e-13,-1.56239771121e-10,1.47818680932e-17
-6.79445721885e-35,-1.11773430072e-34,2.88860517559e-35,-7.19913320253e-35,-7.75188818405e-35
0.592686831951,1.3250067234,1.01642739773,0.0349675603211,0.648999333382
2.39052996148e-11,2.95792599303e-08,-3.70917489431e-13,3.21036558448e-10,1.20131696257e-10
-1.96522257452e-27,2.18468085725e-24,-2.39687518628e-29,-1.50246686824e-27,-6.43087853213e-26
7.52135333182e-12,-1.2157835296e-17,-5.39254137369e-19,-4.12418444664e-14,1.4497712926e-12
-8.20836053551e-35,-8.16177640611e-35,-4.37215481061e-35,-9.89804765927e-12,5.51455509245e-35
-4.13964254459e-35,-4.12337618234e-35,-4.88830301542e-35,6.10029394036e-35,-5.34311773617e-35
4.66758576234e-12,1.50397041555e-23,2.27007201556e-15,-3.48187249642e-22,-2.95784343046e-22
-7.4665202852e-35,5.58528679159e-35,9.64546379437e-35,1.36019189179e-35,-8.40678893544e-22
-0.479499131441,-0.554021716118,1.1793128252,-0.701251626015,-0.251803159714
5.04776330109e-35,4.99536254095e-35,5.34238649603e-35,1.15217502246e-34,4.31658429093e-35
-3.82733504178e-13,-1.17611568182e-24,-1.52904561224e-16,3.04116575917e-23,1.99037810541e-23
1.39611822103e-10,1.43845830047e-21,5.94072859482e-14,-2.53111503026e-19,-4.79561191302e-21
-1.33799377827e-11,-3.07302419081e-22,1.41344498023e-14,1.78634409569e-19,4.25741339059e-22
-2.98081559436e-09,-1.38496093962e-20,-1.24721706487e-12,7.53827011314e-20,1.67543210025e-19
2.9902133547e-10,3.42246018192e-08,-5.15978882884e-12,-8.9190176078e-11,1.48576106973e-09
-1.4975110995e-12,4.17720572759e-13,2.78506852996e-11,3.4541133842e-11,1.64744849707e-11
2.00798514101e-12,-3.3105170081e-13,-3.06410279094e-11,9.43021882804e-10,1.7393799942e-11
-1.00909713747e-21,3.41518672355e-24,-4.42867080171e-23,3.14501203982e-23,-1.06784526214e-25
-2.99697823571e-35,3.21054024709e-35,1.51575347367e-35,-2.83011256521e-35,-3.68075692849e-35
1.4769610231e-12,3.32302924327e-13,-2.60576255668e-13,-1.19894996709e-11,-3.42731235678e-15
2.7515127763e-12,8.17389600449e-10,-7.37639319743e-14,2.46298803575e-09,-1.32458684066e-15
-1.42581866452e-11,-1.94324873033e-12,-1.02786399184e-12,-4.24959428758e-10,1.17172269879e-15
1.72505985191e-11,5.10792092217e-13,8.34724867352e-13,1.65659014284e-11,-6.60222689474e-16
-8.47081682142e-13,-5.85116200283e-12,-4.84654807606e-12,-2.22063101241e-09,3.53239801708e-15
-1.86503546981e-12,-3.51832347978e-11,1.11717818156e-14,-1.34153695097e-11,3.1934407367e-16
6.51004532065e-19,1.77780332662e-19,-5.21896579396e-19,5.08473183405e-17,-4.99010760131e-21
5.81318604365e-10,1.43171663414e-09,-9.90629019787e-12,9.68832458703e-10,8.5214102441e-09
-6.68844786074e-15,2.86317871539e-13,7.93310051981e-14,-3.655921052e-12,9.76238336589e-14
-3.20886970202e-35,9.50861713868e-36,4.40656327514e-35,-2.89953733045e-35,7.243126423e-35
-2.72162270183e-35,2.24635621608e-35,-2.61626643776e-35,4.72738111043e-35,-2.36705632615e-35
5.90246076659e-35,-5.06752199068e-15,4.85563253766e-35,-6.20856569444e-35,1.81050113873e-28
2.41651791993e-35,2.25240229207e-35,-1.23129804657e-35,1.19400243189e-36,1.92302036628e-35
2.69484760429e-28,2.17198869225e-35,4.23106334609e-35,4.90508365645e-35,-1.13605903688e-22
2.68597573289e-25,-3.31306606088e-28,5.20048347715e-19,-2.79215551972e-35,3.49627354418e-16
-1.69597126087e-28,5.24863611278e-26,-1.05436245584e-21,-4.11930012124e-35,-2.44965299107e-19
1.29681012247e-28,-2.41087047622e-26,6.57048281167e-22,2.21256405383e-35,2.03825561814e-19
1.09316508801e-18,-2.86850209809e-20,5.94083830122e-20,-2.45923753283e-18,2.1644634251e-22
-3.32218662302e-11,-6.68431966915e-05,5.72344526373e-13,-1.38316538778e-10,-1.62533889125e-10
-2.83429161217e-12,-3.13447150993e-14,-1.64152355988e-13,9.22847128576e-12,3.2605028974e-14
-1.49280674627e-11,-1.26924854768e-14,-1.21969741165e-12,-2.64537458779e-12,5.86832232113e-13
7.91778025479e-36,-1.70650906907e-18,-3.3445892722e-09,-1.23536568127e-19,-2.1511252387e-23
-2.16192390765e-15,-9.43402289596e-35,-1.66682192555e-19,-5.43121265777e-35,-6.03458621683e-35
-1.48784556727e-20,1.91471310683e-15,-7.82452476906e-22,2.46788713715e-16,-2.96349345168e-18
6.78055112058e-11,-1.56237772719e-10,-2.25645206459e-14,1.18851605871e-14,-2.40938648901e-15
6.40398243332e-14,2.62361638491e-13,-1.22785050356e-12,-8.28716695961e-12,9.99354882159e-14
-3.93917770989e-35,-4.23043728629e-36,-7.72916291655e-35,-8.18787548014e-35,-6.46423915957e-35
1.8478137423e-11,-2.78729400671e-10,1.34599664747e-10,-2.31509922344e-08,-2.52761471252e-15
-9.63054705427e-11,1.00505480674e-11,8.17454502526e-13,5.38350364288e-10,2.81724710227e-09
8.88133153068e-18,-9.97331466032e-17,3.25008361659e-19,-6.91042036199e-17,1.07145176495e-19
-2.04121897163e-09,-8.01188421162e-11,8.21781271504e-12,1.17749987538e-08,2.76863271892e-11
-1.76129228389e-12,-4.38805160827e-13,8.87006193864e-14,2.33747137678e-18,2.70338836922e-17
-6.12076843752e-18,1.35235268317e-06,-6.56796605811e-19,-1.14253894093e-14,8.36229082779e-06
-1.63971581538e-12,-1.82859372089e-09,-1.38253042792e-07,1.59283197743e-09,-7.96115202756e-16
2.11143304446e-13,-1.47320225463e-10,-4.49183155948e-11,1.60698936796e-11,-8.30500110956e-13
5.39301608471e-14,-7.58037035919e-11,-4.65098862201e-11,7.64794894081e-10,-1.81334155048e-13
-2.50177914883e-15,2.6715268886e-10,9.94816967519e-13,-1.0472015477e-09,9.63948904964e-15
-1.86126157889e-12,1.03002208271e-13,2.33411900918e-12,5.79094772135e-10,2.31104501855e-12
-4.86260511023e-12,-4.97052214925e-14,-4.26574530907e-12,-1.17607712458e-09,4.22185550408e-12
-1.2492451419e-35,7.20182600754e-32,-1.01865355789e-34,1.13128118435e-34,-5.03714596979e-35
5.89121034434e-35,4.46157158939e-35,3.4839173e-35,-1.35790461397e-35,5.17759846015e-36
-1.97999941289e-35,-3.19248309266e-35,1.11316337544e-35,-3.30934577042e-35,-2.44306182215e-35
2.6097469211e-34,-6.14480775329e-35,-6.533802826e-35,3.04937573728e-19,7.55130224129e-35
4.83860508836e-27,3.41557475869e-35,2.88803636949e-35,-1.85425236891e-28,-2.46684262388e-35
-4.85453969525e-35,-8.1577046498e-35,3.97755978154e-35,-1.9774237142e-35,2.11486500474e-35
1.78349541443e-35,3.54891559432e-35,-3.84848355676e-35,-6.01720118343e-35,-4.3240823722e-35
5.9565157136e-35,-3.24934017025e-35,-6.37709071755e-35,-5.1518909784e-35,-3.13479289493e-35
-3.9081513745e-35,-2.79664024878e-35,5.00774799254e-36,3.17578826042e-35,1.82484779041e-35
-1.35945232906e-36,1.07026591029e-34,-1.04540099053e-34,-5.50538696833e-36,-9.07881266736e-36
-0.355232924223,-0.446784794331,-1.47012424469,-0.00817945040762,-0.945836305618
-6.21008844176e-35,5.17450891316e-35,-7.0696950885e-35,1.78460461503e-35,-4.42351180294e-35
1.08439978058e-35,-2.94107309043e-35,-3.04532675457e-35,6.12828740849e-36,3.94254376781e-35
-2.32971328704e-35,3.78688116689e-36,4.1760574541e-27,-7.3565871696e-36,9.75483456106e-36
1.16435682774,0.635499298573,1.66330814362,-0.711083829403,-0.417925834656
-2.32827004204e-11,2.44718088426e-20,-7.70300740782e-15,-1.22685748243e-19,9.95690086663e-22
6.66821242321e-12,-4.0267113445e-20,1.53354171606e-15,-4.34910938264e-19,-2.36965106904e-22
-1.33937288344e-11,-6.07725476296e-21,-4.81587146667e-15,6.06700635059e-19,5.77662671298e-22
1.15278689372e-11,2.85830095781e-20,4.41484710592e-15,-2.38495510082e-17,-3.72238621522e-22
1.50061577747e-11,3.98491061235e-20,7.94571199336e-15,6.00602271843e-20,-7.59017072864e-22
-1.30492200379e-10,1.281230956e-20,-4.21083388427e-14,1.82750007933e-19,5.28211851341e-21
-9.91514103307e-19,-9.59874761532e-21,2.71695252861e-19,-7.54381800083e-12,1.08264998744e-07
-2.31258180571e-35,-3.5582282876e-35,3.14265028258e-35,4.30689248924e-35,-2.75375479399e-35
-4.47285587598e-35,-4.81697553349e-35,5.03319130373e-35,4.50630150272e-35,3.90047306606e-35
-7.84841647406e-35,-6.08821470275e-35,-5.52788501472e-35,4.39307464965e-35,5.2626704155e-35
9.51598837217e-35,-3.72948541672e-35,-3.72933876692e-35,2.34143580114e-35,-1.23179768907e-35
-5.19654686035e-13,-2.40703165272e-14,-2.2340808023e-11,7.03977987015e-10,-7.28098083127e-13
-9.37753616977e-17,1.5633766214e-25,-2.6297282494e-12,-1.05067033437e-21,2.46081299326e-14
-1.83980952695e-09,-0.000579394283704,-1.26317618106e-17,-0.00130348536186,3.94900605272e-11
-1.40698254108,1.41240119934,1.53406298161,-0.522121250629,0.61757427454
4.39752407944e-35,4.63329679256e-35,8.00283097319e-35,3.46310134986e-35,4.68696660446e-35
-0.0577821433544,-0.432545036077,0.207630157471,-1.0489013195,-0.756940543652
-5.42367238957e-35,-5.2529972679e-35,-6.64525415455e-34,4.67335543598e-35,5.24521478357e-35
-5.49064342514e-35,-4.3737312243e-35,4.48734062961e-35,-6.8541841557e-35,-5.05507685041e-35
1.29373886582e-35,-1.21170709586e-35,-1.22056710472e-36,-1.39243633895e-36,4.15316560839e-36
-4.9863816034e-35,-1.27979895496e-35,-1.99723664853e-35,1.4530531474e-36,-4.92178623732e-35
-6.39847485218e-06,-1.38114605372e-18,7.12739502834e-12,-8.94217579326e-17,2.76795635593e-20
2.35657707758e-19,4.20864002671e-21,3.14294382323e-19,-1.43347868983e-17,-5.19709307061e-19
-6.04744318629e-35,-3.41807985883e-35,5.17479015937e-35,-4.17209229161e-31,6.57499908163e-35
1.18477182534e-19,9.26445274896e-21,-9.39463401371e-20,2.20289231301e-10,1.5431904643e-08
-7.79318086695e-35,-2.52053367274e-35,-3.37576550603e-35,5.75676719576e-35,-8.55868870304e-36
-4.49364197958e-35,3.22164660241e-35,-1.85482433128e-35,8.60750917026e-35,3.81980333131e-35
4.46478238792e-35,-1.80843293635e-31,2.21283324663e-35,2.56771989861e-35,-2.29487850493e-35
-3.37480321466e-11,6.82840363604e-35,-1.58791895449e-35,3.58285645596e-09,-2.01612841005e-11
-3.45282934189e-11,2.77164389217e-07,1.24057676024e-12,1.42220969224e-07,-5.86171444716e-10
4.85280515232e-35,-2.17606130952e-35,-6.55347972899e-35,-1.11760148363e-34,-7.64508464996e-35
5.73674246583e-35,-5.73786314587e-36,1.63638255471e-35,4.50519373705e-35,-2.49356704025e-35
-1.63262763086e-35,-7.65482782213e-35,1.04049416257e-35,-3.24104111125e-36,7.29011979432e-36
3.96259547442e-35,4.67693328952e-35,-2.52084677438e-35,-4.28576286349e-35,1.72564665698e-35
-4.3632341401e-35,2.71636138886e-35,-3.11553929617e-35,-5.34803208315e-35,-5.70700326231e-35
-3.09306973314e-35,8.37257761289e-36,-1.63435413819e-35,2.59865612042e-35,3.90312266362e-36
5.58307527805e-35,1.30111713047e-35,2.49104988669e-35,-3.6572444586e-35,1.80757209865e-35
3.45806011864e-14,5.55143496277e-13,1.93606646015e-13,-8.49088160892e-12,4.83557590942e-14
2.12598479945e-13,-1.79547471183e-13,-1.16865449609e-11,8.23099977065e-10,-2.27995552125e-12
-6.43162378998e-29,4.02264218457e-17,-2.69046555867e-11,5.34753075425e-15,4.66333062669e-17
-4.18623743831e-28,8.91467660393e-16,-3.21809554915e-13,1.57417305645e-13,1.00255073747e-15
-7.2116271288e-13,2.2424931649e-13,1.0097735148e-11,3.65685731696e-10,5.64725295606e-13
-6.37398151203e-35,-3.37145715136e-16,-8.05631053081e-22,2.47046610817e-35,-1.8534486283e-13
-1.17658259437e-12,-2.01990523916e-13,-2.71004087227e-11,-6.53526344152e-10,3.15485550011e-12
1.22672564381e-12,-8.11630693209e-11,-2.54786521742e-11,1.33919053624e-09,-1.82796204388e-12
-1.29651914205e-10,4.15468714987e-10,2.11777914649e-10,4.14025748796e-07,-1.6042820284e-13
-0.814392089844,0.870645701885,0.973298549652,1.42021596432,-0.524056375027
1.20690011804e-11,3.11044728385e-14,-9.37091523085e-14,-2.40714262759e-12,-5.38658852765e-13
8.63866952808e-35,-5.06824857169e-36,-6.76178387124e-35,4.67144927546e-35,-7.97289432336e-35
8.81475068718e-14,-4.35134648582e-14,-9.11415214133e-12,-1.8221890663e-09,2.33525633726e-12
-3.32169469881e-12,-4.42998665529e-10,8.64386340282e-12,-7.18258452714e-10,4.35593575099e-12
-4.37172737247e-12,-5.29953956153e-13,-3.5117395103e-11,9.76465956704e-12,-2.88273121736e-13
-4.85540904357e-12,-5.89911637334e-13,2.21762261332e-11,-1.42000751435e-11,-5.45235623144e-13
-3.87713251215e-17,1.90585827734e-16,4.11706564294e-14,8.44618645857e-13,1.10671978106e-14
-7.13979369669e-35,-7.9965729581e-36,-1.07487156087e-35,-3.13314616969e-35,4.77336974403e-35
-4.08467313792e-13,-7.9125101653e-14,-1.54167477395e-11,5.70156588608e-10,-2.83482764173e-13
2.83731103318e-35,4.859479297e-35,1.5892197182e-35,-2.40868578704e-36,-2.20282705186e-35
1.40503470539e-14,2.26002658547e-20,-4.05232473367e-18,3.50454257098e-18,-2.924150467e-18
-6.9567622496e-11,-2.01465799599e-09,-1.77932626966e-10,1.66151082226e-07,6.09674582954e-13
1.24066793484e-17,-4.203150521e-35,4.59273362788e-35,4.96677242908e-35,3.41499217169e-29
-2.77228478889e-12,1.3436020959e-12,-6.09351002816e-13,1.36216628255e-11,-1.20416829584e-14
3.80317741618e-20,6.31217634382e-16,-8.88926434496e-15,-4.65338953816e-35,3.47222523242e-23
5.36018562869e-10,-9.4407030804e-11,2.93619295544e-12,-3.26909077586e-09,-2.28892578312e-14
-1.82257733211e-11,9.18554815543e-11,-1.4252994401e-12,9.2946265795e-08,-3.38630791532e-15
1.37352795804e-10,5.20784769475e-11,9.04818808854e-13,4.86825655344e-08,1.51664785568e-15
9.14799733496e-15,1.70849306051e-33,-2.01350257677e-24,-5.60744121663e-20,3.00517991847e-28
-4.96006097623e-35,2.93322259044e-35,-5.69393908901e-35,2.23803276329e-35,2.76000104266e-35
9.39423330237e-08,2.03191484616e-06,-1.86327309137e-08,1.17986587611e-07,1.26097015587e-14
8.53125764477e-11,1.51715875973e-10,4.02072065963e-13,1.44037755945e-07,9.36001137572e-15
-8.58120310749e-18,-6.01322528042e-35,-4.5494604551e-35,-5.86158306533e-35,2.94661134482e-35
6.85928389559e-35,1.45540347902e-19,1.09226470161e-35,-6.84285222944e-35,-4.10380763669e-29
1.32539787706e-20,1.59627991122e-17,-1.83760602677e-26,3.07472853638e-30,1.51464848841e-06
-6.7140363009e-35,-3.67942387887e-35,4.08761371822e-36,4.79024824727e-35,-4.46029278011e-35
1.4228672628e-30,3.40544064302e-12,-5.35184555213e-35,1.43137533076e-11,-7.58666065625e-14
2.91007571633e-27,-9.59759182428e-20,1.23627483788e-30,-4.43349187604e-17,6.36499368682e-35
-5.17476605255e-35,4.35873305285e-35,1.17286200112e-34,4.64448407791e-35,4.2349026438e-35
-7.4632010641e-12,-1.89898291536e-10,3.01221936283e-10,2.25298588674e-08,2.46405543539e-12
6.81865444108e-08,9.7596919435e-10,-9.95139942672e-11,-1.08011576572e-07,-3.85118803167e-12
-9.49524347462e-19,1.12627363723e-16,2.7380298661e-20,3.43702602143e-18,-9.68646198965e-18
2.00418392819e-12,7.34829384841e-12,-3.56085191715e-12,5.18786846815e-10,-1.24049566192e-12
2.11461550289e-16,-6.04611326283e-12,2.07563744425e-29,2.5874873355e-09,-1.26483797394e-11
4.86918230772e-26,3.33835753853e-25,7.81562709253e-27,-4.82019749677e-25,-6.36948305847e-29
-9.0497837088e-20,-5.859036084e-19,3.47562714143e-21,5.4433731733e-19,-4.35196108376e-22
6.52624135289e-11,-4.59094698022e-12,-4.95763423803e-13,-4.42255010391e-10,-8.77562047552e-15
-2.77458958586e-11,8.59684268217e-11,1.26924295726e-13,4.42542145151e-08,3.5997756425e-13
1.68991975968e-09,-1.26482913032e-09,-3.08999353882e-13,4.24997009807e-10,-4.286656479e-13
7.435225044e-35,1.40062805925e-23,-4.45408785741e-35,7.91769372853e-35,5.67758261317e-35
-7.69393769009e-35,-1.98860816023e-18,-6.6826756269e-35,-4.58652755724e-35,-3.03873380828e-21
1.24680145674e-35,-1.81668088843e-35,-4.06544577739e-35,6.97647861607e-35,7.75586523501e-35
-1.54074714374e-05,-2.91148353426e-07,-3.86132837668e-26,3.75426429855e-06,-2.3432000944e-06
-1.52135381378e-20,-2.85993317917e-09,0.0151585983112,-0.00393623951823,8.21396810614e-19
-3.92154558161e-35,4.72065530828e-35,-3.53467047394e-35,-1.93209098693e-35,2.61597572102e-35
2.33553870688e-10,3.33319552515e-11,3.844963627e-13,-1.34189448442e-09,1.44113258653e-12
-4.44714057246e-12,-8.22922355259e-11,4.38237147309e-13,-5.0211189373e-11,-5.23922403942e-15
1.35858572656e-11,2.1097906755e-10,-9.47866568221e-13,-2.95715008036e-10,-4.15666768583e-13
5.11973935469e-11,1.41121711539e-10,-3.09385546696e-13,-2.37981884199e-10,-6.75861276667e-13
2.20209198099e-11,1.17443194059e-10,-6.24283339867e-13,-4.36056579733e-10,-2.01169254323e-13
-1.59084702876e-12,-2.30291809927e-11,1.29524198983e-13,-3.02197676605e-11,3.00936935995e-15
-2.05034253464e-12,-3.63326833897e-11,-2.37522641258e-14,3.36842220783e-10,-3.59153319877e-15
6.93581802234e-13,6.68264679704e-11,-3.02746814163e-13,-2.39765846066e-11,4.61243744614e-15
-1.83157614075e-10,-3.31568036915e-11,-1.19882283354e-12,1.51509460533e-09,-9.55005063745e-13
-1.51547135951e-10,4.23076469691e-11,-1.23840575381e-12,3.75622782878e-10,-1.03519157222e-12
-9.80966696762e-12,1.50712650693e-10,-1.81307470122e-13,3.68224006841e-09,1.40394821623e-14
1.00046056509e-11,1.65412926412e-11,-1.26029368148e-13,6.05749783666e-10,-2.16081181268e-13
7.02357963456e-12,1.8084655995e-10,-4.66713527634e-13,1.71223968337e-09,5.92330614353e-14
1.64203539654e-10,3.10929459957e-09,-1.31847163395e-11,-3.47652157062e-10,-1.81968172762e-14
-4.29364660146e-12,-3.03983921368e-10,6.11684531152e-13,-9.56195900237e-10,-2.56054327716e-16
3.57659865266e-13,-8.36947317007e-11,2.85902811842e-13,-1.24553245495e-09,-1.44750836785e-15
4.19727490611e-12,6.61498772425e-11,-2.54091100374e-13,-1.20303644824e-09,3.13644611314e-15
-8.46531941767e-11,-6.50154097226e-11,1.6348330838e-13,-9.19638143415e-10,-3.83575227922e-15
1.63661667552e-10,-3.03737625329e-11,2.84539249801e-11,-3.34724525874e-10,3.74664356614e-13
-2.19843435123e-10,-2.82818126557e-11,5.71852244377e-13,2.35527821246e-07,-2.71480510598e-13
-1.4429155093e-10,1.95838761874e-11,2.11597829102e-13,-2.12809825317e-10,7.85102777061e-14
-1.50145340605e-10,-9.93859106124e-10,9.60604686073e-12,2.58248333829e-09,-1.39572340773e-13
-1.78691894615e-10,-7.21815385241e-11,2.03305390101e-13,1.05570530096e-09,-1.65627846724e-13
-1.83092763173e-10,2.28202082231e-10,-6.54701390757e-13,1.97355354281e-09,-2.37916403158e-13
1.1922555998e-10,5.48485079577e-09,-1.34628835857e-11,2.08826977932e-09,-3.11962071843e-13
1.41146414001e-10,2.79034728656e-09,-1.05029587458e-11,5.5756128603e-09,5.44548096665e-14
2.8053587231e-10,2.42893416491e-09,-1.04537142831e-11,-1.29497763623e-08,2.29419365043e-14
-2.3932298851e-11,-1.07072050878e-11,1.19464618861e-13,9.43353062333e-10,5.54415827212e-14
6.5362504905e-13,1.53520588169e-12,5.0833878773e-11,-1.56487689473e-09,1.12194140697e-12
3.50724062735e-20,1.14499647335e-17,3.84145019071e-22,1.07289841854e-17,-6.51015918623e-23
-6.71881224702e-13,-8.31700402992e-11,9.92253290167e-14,4.13060939619e-11,4.06920726498e-15
8.75158192443e-12,3.65912161682e-11,-3.66170310219e-13,-8.6917822939e-10,7.32641283253e-14
4.41296822702e-36,-3.53964507191e-23,-3.12680421122e-36,1.08547353003e-26,-9.78877423407e-36
4.40822721953e-36,-9.87565176138e-35,8.61282644549e-36,-1.39769033378e-35,-1.28497460264e-35
-1.9118437302e-12,-1.27690154457e-12,1.71507762419e-12,1.96072325043e-10,2.92826310075e-13
-2.98547341362e-12,1.00231619879e-11,8.33600376227e-12,1.40797840054e-09,-1.53681722296e-12
-1.04494759225e-31,6.55143409332e-35,-4.47740919467e-35,4.99272801015e-35,-5.67638875172e-35
-4.70731635095e-13,-2.36076728912e-13,2.59960409194e-25,-5.97420667399e-35,-6.35329040078e-35
-0.00462048081681,-0.00016493484145,8.16594983917e-05,2.53215034718e-07,0.00145204563159
5.10611789396e-14,5.20848121577e-12,1.03487003689e-10,-7.13514373274e-06,-9.94428410195e-05
4.62863441921e-35,-5.33018385448e-36,2.64578466211e-35,2.11740612162e-35,5.82133041942e-35
1.69115849796e-12,-9.03689068021e-11,-1.64658448009e-13,6.13877472347e-15,-1.55303490879e-17
-0.199772432446,0.36769554019,-0.367544472218,1.15080201626,-0.315175592899
4.67252088091e-35,5.44395311095e-35,5.71314820495e-35,-5.77956019194e-35,-5.29598144585e-35
6.17017845704e-35,3.65136009918e-35,1.14328672396e-34,-1.41700269749e-21,5.16573173562e-35
-5.4560822841e-35,-2.38532477397e-36,2.88513659195e-36,-2.35702258073e-36,5.10002329462e-36
-3.18678061344e-33,-1.16503862641e-26,9.6863788038e-35,1.09924965205e-34,-3.60798720401e-29
3.83389943649e-26,1.93938905263e-19,-1.327435518e-32,3.96988538966e-29,-4.33654583208e-31
1.00619807995e-23,2.4153007179e-17,8.73407544591e-29,5.54128486562e-27,1.46298140437e-28
-4.46665547981e-24,-2.07220969174e-17,-1.96251358553e-29,-4.02707213584e-27,-9.67292958076e-29
-9.41032130235e-35,5.56119432315e-35,-6.34714660608e-35,-6.96074012698e-23,-6.23940864582e-35
-1.45722485728e-12,2.31333203461e-12,1.6154732066e-11,3.44843764655e-10,-7.3989734695e-13
-2.24921703528e-36,1.39670435977e-22,6.82561441983e-36,5.49272694296e-35,2.80023513596e-31
0.487914681435,-0.211972415447,-1.42424738407,0.12367824465,0.139034762979
-1.27406681575e-28,2.7393987739e-24,2.99298425258e-35,7.4600362687e-36,-2.75616317988e-35
-3.64445234796e-35,-4.52427679442e-36,-4.84046073972e-35,-5.16662253993e-35,7.95319503546e-35
3.46543468893e-36,-7.90613776704e-13,2.84476405767e-35,2.66982005648e-17,-2.66292547049e-35
-4.6588207468e-35,-3.06081395004e-35,4.21355433478e-35,4.68566655821e-35,4.17401484889e-35
7.74465418013e-22,6.1675458889e-21,4.28194244615e-21,3.36911594071e-19,-3.7454383717e-23
-3.26104948299e-35,-1.1076272017e-35,-5.31549706275e-35,-4.95563909709e-35,2.36693062631e-35
-6.905378427e-35,-3.58796347331e-35,-5.06973723943e-35,3.44025210445e-35,4.08486984578e-35
-8.74876017985e-13,5.34691052285e-13,1.99543766927e-11,5.59450541449e-10,-4.82810894129e-13
5.8238859486e-20,2.44895932258e-20,-9.35621082802e-20,-2.8234681108e-18,-3.95350663577e-19
3.30109485754e-12,1.4412498701e-13,-3.26559119372e-13,-3.33156696675e-10,-2.59904070488e-10
-1.25703077504e-13,-1.44854170569e-14,-1.0322462286e-12,2.62852344057e-11,-3.86091711987e-13
8.06166095709e-16,-1.14660385204e-14,-5.5058881716e-13,3.04723650826e-12,-1.34421406298e-11
3.72105428068e-12,2.91308557138e-12,2.22907508424e-11,-1.77780110078e-10,-8.8591946279e-11
2.57876402524e-12,5.30731361637e-12,3.49235050601e-11,-2.5870781073e-09,-6.48647108248e-11
1.42484862884e-12,-3.49274577901e-14,-9.01768677092e-13,-6.18048945356e-11,-8.30815485853e-11
1.922813124e-11,-3.17856608005e-13,-1.81366456142e-12,-2.2175142278e-10,-8.87770690294e-11
-7.62364672259e-13,1.97991799957e-14,8.18776809048e-14,7.00772842532e-11,6.63430551814e-12
-4.8621729469e-35,-6.69936454724e-34,-1.08434597072e-35,4.63933641136e-35,3.20647968323e-35
-5.6010106492e-13,-2.55952731408e-15,-5.49036239649e-13,4.86138247713e-11,1.64138043435e-11
-1.36240161947e-12,1.55438050533e-14,-1.05538082613e-12,1.00494064459e-10,8.43010036777e-11
9.5129936914e-12,-1.18764221547e-12,-6.03325167603e-11,-7.43995490216e-11,-1.48870395178e-11
1.07149138432e-16,-6.95215462821e-15,-1.97642636035e-14,2.82602012538e-13,1.69398000537e-14
-5.47216267948e-35,-9.79721850794e-35,-2.64043811394e-22,-5.02444110286e-35,-1.07977214688e-34
1.08797920007e-07,3.57696927633e-10,-2.08034411919e-09,-2.70663527147e-08,1.04919604382e-06
-2.12876947283e-35,-1.0760871328e-34,-6.55209416094e-35,9.10672979723e-35,3.75429850683e-35
-8.34211836169e-35,-6.52654667386e-35,5.6904872223e-35,9.4414627191e-35,6.78833982687e-35
5.49213116018e-35,2.70198970768e-35,3.07254398056e-18,8.98526341446e-28,5.62975468677e-35
2.06269340287e-35,-2.62185520168e-35,-5.65207053165e-18,-7.70030654821e-28,-3.71424732504e-35
4.18364236573e-35,-4.11849828256e-35,-5.16301799671e-35,4.24653360939e-35,3.83719496538e-35
-1.48205048494e-12,-8.49814467928e-13,-1.53952447578e-12,9.23605969483e-10,1.50155651801e-11
-4.99978155023e-35,1.05464388883e-34,-1.79131104563e-35,1.06370506765e-34,4.5174758737e-35
2.50754985549e-35,-1.65126707974e-35,-3.14935169093e-35,9.37039066247e-29,-2.81287446861e-35
2.53297967835e-35,4.19824650551e-35,7.26300077231e-35,2.9517971805e-35,1.27500342015e-35
3.23921161183e-21,1.30633455382e-26,1.00131186708e-14,-2.86445137118e-24,2.00303161183e-35
-1.06021018656e-19,-4.83749327212e-25,3.09284157933e-35,-2.36096734577e-35,-2.6946486077e-35
-5.18027273849e-35,-4.33685955958e-35,-1.10711228453e-21,-1.21534725805e-29,-6.04280549373e-35
-2.70287965103e-35,7.3273146052e-36,-2.5411593512e-35,1.7724158923e-35,-1.36612259944e-36
-1.14242244137e-11,1.15184883754e-17,5.27428556537e-18,-6.2852229084e-15,1.63015434484e-11
1.19158233627e-11,4.51158123311e-16,-1.10946501286e-17,-1.8763304441e-13,-1.07982052119e-11
9.96674791309e-12,-3.51396340377e-15,-7.712002547e-18,-2.7085819888e-14,-1.30138937821e-11
1.35006424443e-11,-4.47172833295e-16,-8.44157584727e-18,-3.74858259396e-14,-9.63369228141e-12
-1.74344628903e-13,2.15133656332e-13,9.05457037036e-20,-9.76168811066e-17,1.1051341862e-13
5.09036604575e-15,-2.1317417944e-15,-3.47368964856e-21,1.67905263257e-16,-2.25488335957e-14
-3.54880682403e-14,4.8939202588e-16,1.24936002627e-20,1.58392530702e-17,1.47680583989e-14
5.36047578938e-14,-1.02615638104e-15,-1.75659186309e-20,-6.74049099439e-17,-1.61589457906e-14
-7.68334012404e-22,-7.16324513897e-24,1.45887821062e-28,3.38187874816e-25,1.37271617249e-22
-5.06461625849e-22,2.21701973674e-23,-4.70197941219e-35,-5.47155139946e-35,-2.04388736102e-20
7.19147102979e-11,-1.65412114561e-10,2.04673994766e-12,-5.89111370797e-10,1.13690448115e-12
-5.34922399709e-08,1.04571816484e-10,5.97342314501e-11,4.03712533625e-07,-2.153085788e-13
-5.69139180194e-35,-9.38177940412e-36,1.442550321e-27,2.97598251759e-34,-2.34644930177e-36
-1.41785410839e-35,4.69282283925e-35,5.28974179786e-35,5.64714947769e-35,-1.24100606296e-35
-1.03871004282e-35,-9.89150027213e-35,8.00031238471e-35,6.35186006292e-35,-1.13397116082e-34
-5.87739713777e-35,-3.07154291887e-35,4.96004375707e-35,-6.10972028006e-35,-1.01837403359e-34
-1.27239581718e-11,-7.60980200295e-13,-1.02477531669e-12,-2.52306491672e-11,6.43650145753e-17
4.06445596293e-35,-3.07944938111e-35,-4.59894974302e-35,-4.69803880845e-35,-2.04563883376e-35
-9.12885054314e-20,9.21100266422e-21,-1.79036264251e-20,6.13264569796e-24,-5.39330297226e-25
4.64350476473e-12,2.03448022318e-11,2.01506715638e-14,-1.45993772932e-15,-7.53660336488e-17
4.61107375043e-35,-4.72771015994e-16,3.68655369165e-24,-2.44080980994e-18,-9.63501786959e-20
-2.75163253294e-10,-1.13125253522e-12,-5.34572976163e-11,1.31296795658e-09,-1.95110407323e-13
6.33214869428e-11,8.46777814534e-10,-3.93534510534e-12,1.10238396189e-08,4.59672922014e-14
-5.96991622803e-11,1.34694366771e-10,1.65957317333e-11,-6.26885352517e-08,3.01049976777e-14
1.4870891571,0.083584882319,1.30564987659,0.852770984173,-0.9092451334
0.053236734122,-1.62853324413,-0.793628036976,-0.29420375824,-0.340305179358
-3.94057504436e-35,4.75630642186e-35,5.4861704625e-35,5.49044999662e-35,-5.70109651799e-35
1.07316710841e-34,4.40010322195e-35,1.08531510784e-34,1.50549874216e-13,-1.13825919176e-12
1.17305623319e-34,1.13734473777e-34,6.60133979782e-35,1.1595289794e-34,9.095030529e-35
-4.80691925968e-35,-6.56065753398e-36,-3.61050880063e-35,-6.22320025472e-35,-2.88280863387e-35
1.93521281983e-35,2.88296446722e-35,1.12703419443e-35,1.8776552096e-35,2.10826454656e-33
9.99448033845e-24,5.62747946236e-35,-5.45769858884e-35,2.35428129117e-35,-2.61040618516e-35
1.71401904185e-19,-1.01464637457e-17,5.85709660396e-20,-1.12444277221e-17,4.19209419302e-22
-8.00245395123e-13,-2.1143968354e-07,2.82986042029e-15,-4.92553879627e-11,1.76265718613e-22
-1.36422791466e-11,-2.42569964115e-09,9.29994037509e-13,-2.89262014341e-09,-3.79689227108e-14
-5.7091050637e-12,5.02756627441e-08,-4.35156468151e-13,-1.13387216283e-10,2.86159578021e-14
-1.28928794724e-11,8.86966555758e-10,-3.32847464868e-13,-3.35441230348e-09,4.3434070766e-14
9.53205292475e-11,-2.51499321369e-10,-4.80631105661e-13,-5.80312447401e-12,2.86499543165e-14
-1.72712469326e-10,1.28671728827e-09,-5.5904803356e-13,-2.34420843848e-10,4.96333558292e-14
3.17407696334e-35,-4.96610834365e-35,-9.28229286318e-36,5.24046688842e-35,5.6646688205e-35
-2.56745664728e-08,2.83518858168e-07,2.52485685963e-20,8.56929005231e-18,1.71580909203e-11
-1.58913640168e-13,5.36488692013e-12,2.82298801848e-14,-9.13181683049e-11,1.80207763012e-15
4.42694242375e-10,-6.17086659549e-10,-1.58489161465e-12,-2.71413314046e-09,-5.69133702297e-14
7.05801030535e-24,7.44959385532e-35,-5.07802194913e-35,-6.54261329391e-36,9.87739319198e-35
-2.65131797643e-28,-4.70460310113e-15,-2.25941423012e-17,-5.71661442096e-35,3.14197685667e-29
8.86646919821e-35,-4.61878276636e-35,-7.32103047439e-35,-5.10297709726e-35,-5.38574031185e-35
4.09482022179e-35,3.1608279711e-35,2.62713689065e-35,-3.69445132288e-35,2.31776613471e-36
2.70880275355e-35,1.97037419193e-35,-2.99866341706e-35,2.16329158378e-35,-1.03826234477e-35
-3.80468893056e-35,6.21803221218e-35,-4.97097218111e-35,-1.14182929464e-34,7.60250282628e-35
-7.40485011632e-15,5.25449131663e-35,-1.48699378277e-14,8.27805391957e-35,-6.91869514792e-35
-5.49538156277e-35,-6.38761047364e-35,6.54822214684e-35,-4.78955316736e-35,-3.31237175002e-35
1.49683664858e-05,-2.10051657632e-05,-5.73023247709e-35,-3.866736904e-07,2.18978073008e-07
6.47275227048e-20,1.76291114427e-17,3.51516023548e-20,-9.72429292953e-17,1.86783400377e-21
2.30959784631e-08,1.47766229475e-07,3.8704584616e-21,1.66708057459e-18,-1.72744332727e-10
2.35086816756e-36,5.06601757838e-21,-5.99942478051e-16,-4.76693771262e-12,-1.08128823389e-27
5.27162839418e-35,4.92589759768e-35,5.09759037144e-35,1.16752371852e-34,7.07850555642e-35
-3.17100190915e-35,6.72386499487e-36,1.33108262239e-35,-1.09432274943e-35,-3.97053637498e-36
-7.98347313903e-28,-1.44163361869e-35,3.30852068589e-35,8.65956034969e-27,4.17157546852e-35
1.41093752183e-17,4.97235401834e-36,-1.29253151603e-35,1.9930649145e-11,-1.92570684153e-35
-9.54329517189e-20,2.50048225311e-35,2.66992276132e-35,5.4551627812e-35,2.85585348082e-35
-5.44483082733e-27,-8.46356908344e-35,6.04295013464e-35,-4.91757541303e-21,-5.67931887802e-35
0.476114630699,0.53294479847,-0.241374716163,0.0976782143116,-0.362567961216
1.00486873423e-35,-3.11656412291e-35,-8.93690960664e-36,5.06550247511e-35,-3.04042216511e-35
5.56775195154e-35,-7.16519309904e-35,5.27631085654e-35,-3.97186052804e-35,-4.3306807526e-35
3.86554974879e-37,-5.58601630981e-35,3.68774934057e-35,5.38974032168e-35,2.03726444097e-35
-5.36875935464e-35,-2.1173802178e-21,8.58262117683e-36,5.05779632904e-35,2.50314031675e-35
4.34541995859e-26,4.70457932093e-23,-8.28932862905e-28,-4.1220869652e-26,3.37280517142e-24
1.6437959327e-10,1.75331535957e-08,-2.82732214377e-12,-3.95610835757e-11,7.64936280984e-10
-8.74026828542e-36,-3.76538620806e-35,4.27340324064e-35,2.69599426797e-21,-6.28270678637e-35
-4.90835016816e-20,2.64284367269e-21,-4.77737698299e-22,1.36302730864e-19,5.32566181784e-22
3.24412413599e-10,-3.92424807927e-12,-6.53948358138e-13,-1.34806188434e-09,1.31043916698e-14
8.35457131629e-26,-6.72130622836e-35,3.91668475268e-14,-1.58061200584e-35,-1.34676555135e-15
-4.85288723029e-35,4.81619034e-35,-5.66106025947e-35,-4.66429098553e-35,-3.71131490285e-36
1.61940610814e-24,5.40835193292e-35,2.78037505111e-20,6.04053274528e-17,-2.30132745496e-20
2.86133089419e-35,3.31406181013e-35,4.38910276444e-35,1.54751277111e-35,3.42549155734e-35
9.27154753616e-35,-6.52709711286e-35,6.76691718849e-36,1.50981846123e-35,-2.01275815459e-10
3.30390077276e-12,2.76317410928e-14,3.55166132507e-14,-7.46996561829e-12,-3.03547204733e-12
6.10179094751e-12,3.41143332658e-14,2.41411654122e-13,2.01976595171e-11,-3.86016349094e-12
-6.24459130061e-20,-6.38351231462e-35,-5.73501308864e-35,-4.97785754744e-35,5.95365733378e-35
-2.31523154676e-35,1.79821520954e-35,3.20164483134e-35,2.81794464896e-35,4.87917801093e-35
-3.18853068948e-11,3.08252416648e-11,1.30991544651e-13,-1.61378051188e-15,5.04068989274e-16
-4.70267123853e-11,2.24611249738e-11,6.97273727472e-14,-9.81675081088e-16,6.70255741794e-16
1.00706436246e-10,2.63171129333e-09,-7.32689048322e-11,2.67026987189e-08,1.94674246341e-13
-4.78039308222e-19,2.04292027056e-20,1.65152089368e-19,-2.11480965872e-18,1.44431975157e-22
-2.00689142903e-35,-1.51249331355e-35,6.00813286007e-29,-5.3907350149e-36,-8.99030569165e-27
3.0671052555e-35,-2.78740819854e-37,5.73771958173e-32,-2.89591011534e-35,-1.23482615865e-30
2.69424338358e-35,3.76322061227e-35,-2.24562373571e-31,-1.98911666875e-35,2.77931973425e-29
3.18653714526e-10,-1.88002182711e-08,-8.05446594837e-12,-2.58216359406e-09,6.97872870603e-09
-1.42939972988e-16,6.39979474809e-35,-1.02709823354e-35,5.82958183875e-35,-8.45059846755e-35
-2.07334461557e-13,1.00380532879e-12,-2.48821145979e-14,-2.98083883965e-11,2.59834397532e-16
1.11045901363e-08,2.27931336999e-11,1.16001912936e-12,-7.30251303871e-10,-9.28477954243e-12
2.20481116003e-11,-1.68657598998e-09,7.43065591696e-12,-1.76681439257e-07,-1.29148079085e-14
-1.3222996309e-10,-2.15870055165e-09,1.25431670259e-11,2.9979546623e-10,-3.63471256673e-14
6.44309258724e-11,3.22913328021e-11,-8.91195483296e-13,2.90392554447e-09,4.21058153621e-11
-1.65354169591e-18,-1.2659545153e-17,5.56307194327e-21,1.8433810034e-09,1.75224316664e-14
1.69412017824e-20,1.48196127581e-19,-3.80159446391e-21,8.84920404249e-20,5.99010105674e-23
-6.61185574442e-19,-1.41974914602e-17,6.08015167224e-20,-6.28539739719e-17,-3.89708374146e-21
5.68665079445e-35,8.82183544016e-15,-5.43149103412e-35,-6.60502412313e-35,9.99235200511e-36
2.68238904521e-19,-1.50644214099e-16,3.08791661386e-35,9.25976678872e-31,9.64081900628e-25
-8.06835442997e-21,2.70012405603e-19,-2.55001401495e-35,1.86976350775e-30,-3.11580680614e-21
-1.02441169181e-21,1.7292930611e-19,3.4026041428e-35,-3.23345726514e-28,3.18993176138e-21
-7.37434958949e-35,-5.49465893221e-35,1.13668444056e-34,-3.76099848024e-35,-4.8903056032e-35
-3.73734768314e-35,-5.73281133262e-35,-4.8687529602e-35,-1.29633443827e-36,4.97360556397e-35
1.65534963514e-09,6.53544397961e-14,3.94494610589e-11,1.10906674469e-11,-4.41530069207e-15
-6.51847076316e-10,-1.28363476532e-12,-3.15877671242e-11,-5.11441800369e-12,-1.58364959118e-16
3.08904848635e-35,3.89177538362e-35,1.63069564161e-35,2.6210166288e-35,9.10936160166e-36
-9.78089934028e-35,5.97593260735e-35,-1.15218420601e-34,-7.51475113984e-35,5.93619825802e-35
5.07383769433e-35,2.22414479689e-35,-7.20267372797e-16,-2.62967298527e-35,2.51092480998e-35
4.39690418984e-35,-3.45190710168e-26,-6.64541711926e-24,1.42538134643e-19,-7.03961666762e-35
-5.06057320486e-35,1.22065957565e-25,2.62638971606e-24,-9.88837424393e-20,2.91967541983e-35
-1.18688374601e-35,1.6941835164e-28,-3.93793878838e-26,2.27032308804e-17,1.45950581069e-35
-1.18274720262e-35,3.44929469326e-27,6.62627185952e-25,-3.71245767497e-19,-1.11913117601e-35
1.2217078379e-35,-1.16653528583e-27,-9.25950524592e-27,1.12455824662e-19,2.02224130174e-35
2.4439285231e-12,-4.28447425108e-13,-9.32920060648e-12,-2.21088490397e-12,-6.23242438018e-14
-7.12112530402e-12,1.58245812287e-13,9.70425389352e-12,1.75158706983e-11,4.24265440488e-13
-5.9325466491e-35,-4.64542280887e-35,5.20389569796e-35,-7.69245454682e-35,5.54546864237e-35
2.05400288927e-14,-9.71296809902e-16,-1.98735444063e-14,6.78176872299e-12,-7.3055853088e-14
6.83589931327e-08,-2.42790865741e-05,5.64672364423e-10,1.04794132729e-15,4.37946248155e-08
1.95413026038e-11,1.09524967221e-11,7.73023839429e-06,2.13790547765e-11,-4.16275996289e-17
2.79271022974e-10,3.21569793016e-08,-4.10428635522e-12,-8.4578552495e-11,1.64640723277e-09
-2.05799530195e-10,-1.77231083143e-08,4.56844891777e-12,1.83332835024e-10,-1.16799681038e-09
-5.42420273956e-35,-1.23150780458e-34,5.12709309855e-35,-5.73394263114e-35,-5.89930449538e-35
-3.03988291855e-35,-8.04648727218e-35,-3.50702540672e-36,-3.29311384648e-35,1.15160815351e-36
0.484804838896,1.35092115402,-0.287073522806,-0.905553400517,1.38041687012
-2.36965799706e-35,-6.17161970036e-35,-6.03749797603e-35,7.38038949527e-35,-6.05857307445e-35
1.30010112748e-27,5.38789787204e-35,-4.80332877876e-35,5.14861876488e-35,-6.35005434748e-35
-5.7511508812e-35,4.61990660325e-35,5.72512183173e-35,5.31440422035e-35,3.24724689491e-35
4.13511505463e-35,5.19731338878e-35,2.53894468081e-35,-7.19113433082e-35,3.36040831519e-35
9.01069990107e-14,8.9561672423e-14,4.97328653953e-12,4.1015632557e-10,-9.15219614504e-13
6.60706287114e-35,-3.92241514897e-35,5.12307586957e-35,-4.9024910256e-35,-5.5261256475e-37
-8.93617393307e-25,5.50038788192e-24,-1.63494370975e-24,-2.5536062535e-24,-7.51058246909e-25
3.79682992945e-14,-2.26458556207e-35,4.21496171375e-35,-6.92388327948e-35,-9.27820962744e-35
-5.15275710193e-35,5.06824089481e-35,-5.49186713312e-35,-5.18005175933e-35,7.29101059864e-35
-1.58253380018e-12,-2.17753159254e-12,-1.49292540136e-11,-2.76521222586e-10,8.97451492461e-13
-3.48443333648e-13,-3.20994966718e-13,2.44273230116e-11,-1.58458912658e-09,2.65852184017e-12
-5.14849134313e-35,-9.15220156919e-35,-1.08960835989e-35,-7.4347520912e-36,9.15664870309e-35
2.70948129384e-12,-9.31728002043e-13,-6.68377714286e-11,-4.40260106149e-10,-1.17315879233e-12
-1.46470034122,-0.525641739368,-1.64679229259,-0.126972526312,1.20740175247
0.909607112408,0.721184372902,0.907217979431,0.286498188972,0.625208377838
2.46867825661e-12,1.50494677484e-12,-6.92228869711e-12,-1.55066943694e-16,-1.88440577829e-17
4.38830439001e-12,5.63121944908e-12,-3.74617058294e-14,-3.21243889161e-16,-2.01522521934e-17
7.49713457981e-10,2.44283093753e-10,-1.798444965e-12,2.4877348892e-07,3.99599278634e-14
-1.94891260248e-12,1.73576409322e-12,3.27202284364e-12,-1.23936427787e-09,-7.77392635942e-13
3.911933849e-36,-3.2902546057e-35,1.14186143706e-34,1.86905668079e-35,-3.31273421324e-35
-4.47933946201e-35,2.26655916428e-35,-2.13444404554e-35,-1.75123862689e-35,1.77797610111e-36
1.96628579044e-35,-2.26925711897e-35,1.25135707133e-35,2.01175813636e-35,-2.5855638225e-35
-1.33073623037e-35,1.42459870812e-35,4.6693049525e-37,3.69454706139e-34,2.69099298099e-35
-6.55176757096e-35,6.23862287836e-35,-4.89553448677e-35,8.93758603247e-35,-5.18741581818e-35
4.47126819077e-13,7.87993151632e-13,-4.74803776482e-14,-7.56845197625e-10,-2.32889445576e-12
6.43746462929e-14,-9.24371527673e-14,2.91498663857e-14,1.31994404556e-12,9.61911824607e-14
-2.86966492236e-11,-7.25150384184e-09,8.56562737406e-12,-1.48955636714e-09,-1.6149506862e-12
-7.81935211025e-11,-2.2197259586e-09,7.9720544402e-12,2.99577518348e-09,-6.18052375771e-13
-5.22458049046e-11,3.60309643233e-10,-5.37827323909e-13,1.14997815714e-08,2.51136595244e-13
5.78224357284e-10,-1.11259348956e-10,3.61744596951e-12,-2.93502836257e-07,-3.52314070929e-14
-4.13867155607e-13,1.71825952717e-14,6.24239809149e-13,-1.78954958491e-11,1.32112582592e-12
8.86546102507e-15,-1.85356863593e-14,-2.79358486214e-13,1.59972573383e-11,-4.35411011716e-13
2.12753276929e-21,6.27760564194e-22,4.76783867772e-20,3.72146929076e-19,-3.80264944231e-21
5.206892405e-35,5.32057441775e-35,-1.86023889474e-35,-5.51693650166e-35,1.1201306332e-34
-1.11633431911,0.123410992324,0.226274073124,-0.269768029451,0.546601235867
-3.78215506741e-29,-1.37445542134e-30,6.29519985768e-36,3.05713800472e-34,-6.82212754083e-36
-2.43541924346e-36,1.68080637299e-13,1.01234040441e-19,-8.17585880547e-35,1.47540600761e-34
6.91383532825e-35,8.00400384113e-27,1.66539707363e-23,7.20859111483e-28,6.24491877559e-35
-5.70539438177e-14,-5.92483484149e-12,-4.53916215054e-14,-1.41579985583e-11,-4.70527091713e-18
5.05715315544e-13,1.12417442976e-12,2.3302160982e-14,4.7459783499e-12,7.05955887576e-18
-2.74945574483e-36,-1.9858726516e-36,-1.01627398539e-35,1.74725210539e-35,1.21724104546e-35
3.01616991992e-26,-9.10367825412e-30,-1.07288919563e-26,8.58379430266e-24,1.79399696392e-26
1.61602147727e-35,-4.16122446016e-35,-2.90490339329e-35,-1.38818650787e-35,5.00815350365e-35
-1.56024074554,-0.729287266731,-1.08980250359,1.16456675529,-0.342361390591
-1.85920663506e-34,-6.13975852291e-35,-2.72782963342e-35,2.04723103168e-35,1.9183457394e-21
-3.95698547355e-35,-2.28842505242e-35,3.2035093789e-35,2.09929817068e-35,1.54032506511e-35
1.03096364697e-34,-3.82901902335e-35,1.43578628046e-36,-3.33328412742e-36,-7.89846107975e-35
2.83721718879e-35,-3.39777009751e-17,-1.4683158993e-29,-3.03570983468e-18,-9.36671264303e-35
3.33744414631e-17,7.9952377784e-27,-9.07938654815e-12,-8.15987866248e-16,-1.4474830838e-23
-7.40087407591e-13,-2.34273387278e-22,-2.09664235843e-14,-4.24322532666e-09,-6.9766143973e-09
-3.70367505053e-35,2.29921184891e-35,2.63863957353e-35,-3.72540906864e-35,-4.14875104739e-37
-4.29673980258e-19,-2.04091077372e-09,-2.06232744617e-25,6.5753873429e-14,-1.48289997371e-28
1.10649342018e-32,3.43994288858e-15,2.89585109364e-11,-4.56981960902e-28,-1.76427421934e-13
-7.60857526479e-33,-3.90672737216e-14,-1.28592525517e-10,-6.14156941163e-30,3.89669329789e-12
-6.43112672349e-35,-2.83039869018e-35,4.44654845016e-35,2.83390766709e-35,9.67553647554e-35
5.58543372839e-35,3.60520472676e-35,4.99637674921e-35,1.05465777895e-34,1.70691121131e-35
-0.485818505287,0.0621551461518,0.71662735939,-1.92000365257,0.364856690168
-8.69278474213e-35,2.58259093529e-35,9.69198765673e-35,-5.64402592288e-35,-1.30764677774e-35
1.0091191009e-28,-4.06396984851e-16,6.29315881091e-13,-6.06372726553e-14,-3.71789362678e-16
-8.31159599454e-18,-1.90996459777e-14,2.11560178756e-19,6.03064535616e-16,-2.60458753872e-19
-1.8653344494e-11,1.2209739296e-11,-1.17243107584e-11,1.39254376919e-08,3.12139624349e-15
1.67032913109e-12,5.47706628315e-12,-4.09156215853e-11,4.21460838451e-10,-1.29000477835e-12
-5.5076295481e-35,4.74095238786e-35,5.30208276662e-35,9.98936362067e-35,-4.76653775709e-35
1.44776937778e-35,-7.48187319391e-13,-6.41161168056e-35,-2.17180559523e-35,1.46651902925e-35
7.13601179617e-35,2.11377331028e-35,-6.07968662899e-35,5.15766054345e-35,5.73484032311e-35
-4.11878412054e-35,-3.56753524117e-35,3.27190128179e-35,-4.94535696535e-35,-2.6923263176e-35
1.38792135337e-12,-8.61132953139e-12,-1.42211559911e-13,-4.07525402313e-10,-1.34697063921e-15
0.939830362797,0.212202638388,-0.306004226208,-0.677837133408,1.11698257923
-4.98930734308e-30,1.1684963503e-14,5.65668716794e-35,-2.35270928443e-18,-2.80037359114e-27
