5.22043114441e-17,-3.44035570637e-35,2.78240832975e-35,3.03887502398e-35,-2.0973953105e-35
1.25235606933e-35,5.76405491636e-35,9.25049310072e-35,4.74375193556e-35,-1.0661630447e-34
9.87358979299e-12,1.38262743268e-11,-6.39790466699e-13,-1.19293822714e-15,-1.1514563238e-16
-2.55343165918e-05,0.00227705202997,2.68686562777e-07,-2.49719624319e-13,-0.000298503960948
5.33668064186e-35,5.44607393694e-35,-1.30258893779e-35,4.48564712567e-35,-7.97708015657e-36
-6.74410397319e-12,1.7287065605e-13,-4.54739625946e-13,1.68249719712e-11,7.86033472511e-17
6.02837067565e-35,6.51307440657e-35,-6.11329325484e-35,-5.09417638687e-35,-5.54887803517e-35
-5.23547792509e-35,-4.73125829028e-35,-4.77905235234e-35,3.5372342627e-36,-4.38441484935e-35
6.48898825182e-35,5.256665522e-35,-2.30837731841e-35,6.99306712003e-36,-6.03572153315e-35
-1.85291027865e-35,-4.25198088924e-35,-8.06382739227e-36,1.43971282189e-35,-4.22502085743e-35
-4.95806642404e-36,1.73137740256e-10,2.3707663941e-34,-1.89410936873e-29,-4.90053952131e-35
-2.80934540269e-35,-3.46151487284e-26,-2.71408329458e-35,-1.68947950888e-17,-2.7900312499e-35
1.34347596608e-35,-7.8606993999e-26,-7.50411601542e-35,2.70161327933e-15,-1.23847336144e-23
-1.95968726654e-35,3.95550089536e-35,1.04688367461e-34,-4.98913150254e-35,-6.34868083284e-35
-2.22031611765e-35,-1.90630888885e-35,2.40582381989e-35,-1.75888378845e-35,3.93889868782e-36
6.34840303047e-35,8.86135410457e-36,5.04699188292e-35,4.87741534337e-35,-4.03573240261e-35
0.00158392905723,4.58421163785e-06,-4.07543530173e-12,-5.68738369111e-06,7.13709450793e-05
4.56857285678e-35,-4.70602993154e-35,3.11236236198e-37,-4.1848439758e-35,-2.51995912691e-35
-0.307501196861,0.74027889967,0.330175876617,-0.536541223526,0.167196452618
-3.50495336834e-36,-1.14712292223e-35,-6.53671056739e-35,-5.1504841734e-35,1.83313336106e-37
-5.96180658612e-35,-5.25147452058e-35,1.03805219933e-34,5.29654279032e-35,-5.45115817959e-35
-2.48405815604e-25,-3.24100609897e-35,-4.92007885836e-28,1.6036370034e-28,-9.35408063632e-17
-4.15234371289e-24,2.97361786836e-35,-9.39238353406e-35,3.92504910579e-37,-3.31293108502e-07
-4.59326483882e-35,-2.05123218945e-35,4.05807052609e-35,4.57794495615e-35,4.92771479256e-35
-7.22743329637e-26,-6.64389256621e-30,-6.18869364101e-35,9.31129760667e-24,4.72371611419e-32
7.545064678e-29,-8.76172535001e-17,6.4641824879e-12,-1.15052874861e-14,-7.69861694489e-17
5.25443793725e-35,-2.01187644895e-31,1.799386266e-29,-1.04054252096e-16,-5.02396757609e-35
7.28858947095e-18,-1.8493751669e-11,2.73636057705e-35,3.18808901462e-19,5.6925159031e-12
-8.21211432189e-10,-3.07586706105e-10,9.65877811759e-12,-3.33491811944e-09,-9.64718214168e-14
-3.09285736355e-36,-2.37262532086e-28,-1.37921380366e-29,-6.39507727344e-35,6.2763770248e-35
1.89121374811e-11,-2.76375089481e-10,-2.48953808957e-12,-1.45028353771e-08,-4.53162152443e-14
1.77867154338e-09,6.5743508415e-09,-2.84303370978e-30,7.42452907856e-35,-1.09834450562e-11
2.04342674625e-35,-4.85683845252e-35,-4.25286107508e-35,-3.1247562079e-36,4.36902781197e-36
5.4874796923e-35,-6.01786297298e-35,-4.67651601198e-35,-5.55448287029e-35,-5.66917851733e-35
5.34078339265e-35,-5.31262924278e-12,-7.63699558914e-15,8.31419477741e-24,5.92500523295e-35
-1.77731634965e-10,1.16215986168e-07,1.13109359881e-15,7.7259986084e-17,4.99453315162e-35
-2.72393978033e-12,1.169124205e-13,8.24961320057e-17,-1.22414626873e-19,-6.40038632612e-21
4.81295572164e-35,-4.06490509591e-35,-4.10848620458e-35,-7.51490439033e-35,3.48089820806e-35
-9.55200585295e-10,2.88400014981e-09,-5.70410298856e-12,2.82371456706e-06,2.60424223419e-13
4.89680296456e-35,-4.30667064912e-35,9.58366883695e-35,-2.19258725055e-35,-3.03913445926e-35
5.00032624952e-35,-6.70510472492e-35,-5.13834639066e-35,3.86722689454e-35,-5.79395138816e-35
5.83457768974e-35,6.04714070312e-35,-4.84002624303e-35,-2.97855517422e-35,-4.98888412067e-35
-5.18416598956e-35,-1.36128846502e-35,1.10136359038e-34,4.32809013065e-35,-5.28932681621e-35
-1.19914995494e-35,7.33960477746e-35,-6.20916549502e-35,-5.48367024112e-35,1.61258403133e-27
5.68397493768e-35,5.36512496488e-35,-5.8530951696e-35,5.22533928632e-35,2.93858377452e-35
4.4037643014e-35,-5.59558097674e-35,5.14236993334e-35,4.76454693572e-35,4.81243914697e-35
2.48740717434e-35,3.77834821437e-35,-5.89813703663e-35,-4.79834325927e-35,-5.47212996308e-35
-1.11854773363e-34,-5.07649633195e-35,-3.94632939915e-35,5.63352109006e-35,1.36103907425e-35
1.11094755711e-35,-4.22178250825e-35,4.59716928234e-35,-2.63676182462e-35,5.08035629264e-35
3.41669165183e-10,-4.27345130311e-14,3.96953442339e-11,-1.97945534963e-10,-2.32270745606e-13
3.94453831999e-35,1.214681131e-35,-4.29610354036e-35,-4.76017556611e-35,-5.38710406897e-35
-7.9226166851e-36,2.70896848792e-36,-3.95167881681e-35,5.6270484095e-35,1.72725334768e-35
-1.67135877078e-13,-4.9303188485e-13,-2.64403485949e-14,-2.56136032523e-11,1.10388915378e-17
9.79364159215e-13,2.99383564814e-13,7.30868544938e-14,2.40083257094e-12,-2.79247122133e-16
0.893187105656,-0.6246778965,-0.0358785539865,0.218470081687,1.02846479416
0.213563114405,0.925911784172,1.80722272396,0.791850090027,0.073432661593
-7.38084723548e-13,-1.72849913907e-14,-3.47344527273e-12,3.11569346712e-11,1.00344071499e-14
2.21480264142e-13,-3.15642867746e-12,2.11446173071e-11,-4.43985438692e-11,1.31142666171e-12
-0.55715149641,0.573758780956,0.339228004217,0.878289401531,-1.03824818134
8.3292883689e-35,4.43499927556e-35,3.2117940886e-35,3.19694687174e-35,2.69756840251e-35
-2.74947054945e-19,1.14328348311e-20,-3.45138170219e-20,1.21527049151e-18,9.28107794836e-21
2.90906292111e-11,-1.76274272956e-10,-4.74677643112e-13,-8.59300894329e-11,6.23300300262e-10
-1.44527610366e-11,6.64619678736e-11,3.77163415517e-13,3.51582860048e-11,-2.9167132598e-10
-6.57080362343e-11,2.35041403007e-10,1.23068428278e-12,1.15601139772e-10,-1.32596822411e-09
-1.52331047082e-11,1.80677320327e-10,2.76518987829e-13,8.62937360457e-11,-2.20893553449e-10
6.53387205451e-11,-7.86720896762e-11,-1.64471613412e-11,-7.15525132478e-08,4.37443728159e-14
-4.66309039993e-11,-3.59969724113e-14,-1.94610777146e-12,1.29656160808e-10,2.28928692409e-13
-8.63012745628e-25,6.72603145612e-26,2.26991964464e-25,-5.02956956266e-25,1.76445708895e-28
5.15696469902e-12,-3.35268923735e-10,-1.91769241817e-14,2.08246692324e-14,-8.94210697183e-17
2.74367750741e-09,1.24622668085e-25,-2.59312415984e-09,9.29420451712e-09,-7.77607488864e-24
-6.12753765776e-36,-5.55467170703e-35,5.60327564337e-35,-5.35609581369e-35,-3.98948548167e-35
9.16011277247e-12,-3.37554567631e-11,1.22580778535e-13,-2.40736088841e-08,7.29060908866e-15
-1.55692143206e-11,8.98729788507e-12,-8.51931979823e-12,5.56222907733e-08,1.30959950322e-14
5.59343948936e-09,-1.33762356747e-09,-1.4375793958e-11,-8.1911603047e-06,2.17440642044e-14
-3.57913521227e-35,4.45077833572e-35,1.054721949e-34,3.5927963163e-35,4.9712660547e-35
-5.94057969483e-10,1.41099298911e-09,1.37312070622e-14,-7.2140108828e-14,2.19618228226e-14
1.99557015877e-12,-9.90708505359e-14,-2.86460547123e-12,-4.5356085554e-10,-9.11212841292e-11
-1.63346181199e-12,3.91766914049e-12,7.09635366962e-13,-2.14931513402e-16,-1.81240665428e-17
-6.9315475256e-35,-3.07224603438e-36,2.13676805756e-36,-3.6796761395e-36,3.87042190885e-35
-9.91486493601e-12,2.94089297186e-14,-4.02289204553e-13,-1.25125127273e-12,9.50329276916e-18
-4.47366963655e-26,-3.01353909139e-15,-2.62788922567e-12,-2.0526343212e-13,4.10539603615e-13
-3.75240116866e-26,-3.9487621445e-15,-2.49304998303e-13,-3.31164755991e-13,4.17355088206e-14
6.27684868257e-24,-3.58899421751e-15,-1.10678529059e-13,-4.25443344833e-13,2.60504576352e-14
3.56850754948e-35,2.42716366283e-35,-2.3910406009e-35,2.16110159418e-36,3.60570666514e-35
2.03256249162e-25,-2.10755085106e-16,-4.15208672837e-14,-2.4663515723e-14,1.70016351529e-14
-1.52671763884e-25,2.38891402032e-16,2.53963093367e-14,9.56297690233e-14,-6.74817511847e-15
-3.391690899e-27,1.28319774037e-16,-3.12978208142e-15,1.85741789245e-14,-3.63463955249e-15
-5.53464009916e-26,-1.57225544162e-14,-1.86439318844e-12,-1.75075481456e-12,4.51875299332e-13
-7.51351703165e-25,2.30256504645e-15,-3.2909300827e-13,1.71127597769e-13,1.3292250872e-13
1.72452783883e-24,7.7166607319e-15,9.46387846562e-12,8.11436096267e-13,-1.40489063525e-12
1.64365363393e-26,9.94046187865e-15,3.6005781554e-14,1.57487044239e-12,-5.32898666194e-15
-2.08944693441e-05,-5.47478661256e-14,8.19525304138e-18,9.92203786154e-06,-4.41093689005e-05
9.76047853651e-11,-7.53316159452e-11,-8.33008792153e-14,9.90514337218e-11,-4.47289097037e-14
-1.21716700309e-34,1.17503980185e-32,1.50702450976e-35,-2.17773611576e-32,-2.46420751911e-35
-1.07947938478e-18,1.03696445196e-17,-1.21929992738e-20,7.15304331473e-15,5.57752326921e-22
1.88271509494e-09,4.18782543365e-11,-2.2880460547e-12,-8.42742409191e-09,-2.46653446365e-13
2.88914552005e-11,-2.45720443992e-10,5.8970032633e-13,-1.14133591467e-07,-3.36628037186e-14
1.11564598705e-12,-6.5127658583e-14,-3.06217573e-12,-1.5722161073e-10,-1.68764058717e-12
1.69691040055e-14,-1.80309532496e-12,-2.28961280491e-10,6.82774253802e-11,-9.58753150655e-13
-1.68332312063e-37,3.44916674825e-35,-6.17791215376e-35,2.99633797011e-35,-4.77494185293e-35
2.21557377281e-33,-9.89988829676e-35,-1.34790694575e-27,3.72966044677e-21,-1.70817494948e-24
4.84331186268e-11,6.02682443882e-12,1.0576527501e-11,1.97818672554e-09,7.13831053187e-14
4.33830759945e-13,1.82595468422e-14,2.7439834259e-12,-9.58221627045e-11,-1.22479467974e-12
-0.00219704280607,1.8592912765e-09,0.000841668224894,-2.37553923199e-08,-4.32881419599e-09
4.97825725088e-10,-1.17236138287e-34,-2.79952072651e-35,-3.1587455375e-30,4.88949802481e-35
-9.68661987198e-35,1.75624466588e-35,7.13508023985e-35,1.958158923e-35,-1.24966359509e-20
-1.16566006847e-10,3.84449749813e-10,2.00116008833e-12,3.31644489648e-10,-3.18301252022e-09
-3.70199808308e-11,2.34088748385e-10,7.43014319775e-13,1.51865978126e-10,-8.93643936628e-10
-5.07114142345e-11,1.47859646749e-09,8.13896367836e-13,9.16569181664e-11,-1.08128772602e-09
3.69909081144e-09,-4.14337408827e-09,-6.37147903881e-11,-1.71165304153e-09,5.4216414469e-08
1.56198359802e-10,-1.25896280068e-08,-3.39210148685e-12,-7.65449303941e-09,2.88281420957e-09
7.41990913156e-10,5.0427731435e-11,-2.63293709751e-11,-3.42038397605e-10,9.40766398116e-09
2.65843198149e-11,-1.63554814137e-09,-8.18123184216e-13,-2.49789661178e-10,4.62658661382e-10
-6.00886354563e-11,2.13026818408e-09,1.53601794912e-12,3.40797778886e-10,-1.38281108786e-09
-2.61645372035e-10,3.24456284062e-09,1.02191033413e-11,8.59931514885e-10,-3.42892580996e-09
-1.35778291388e-10,6.82853773526e-10,3.39797829631e-12,4.65204569311e-10,-2.124229459e-09
9.77376155947e-15,1.38618592898e-35,6.52146150912e-17,-5.87457090038e-35,-9.00883662446e-17
-1.94113387757e-36,1.243544023e-35,-4.78077283296e-35,5.77510444846e-35,-6.68892445844e-36
6.3117107027e-12,-1.66995098305e-11,-6.80129043362e-12,-1.58751607415e-08,5.49243606867e-15
3.88330390348e-34,-1.11378236677e-32,-1.7693981779e-33,7.00152529665e-32,-1.54750961426e-35
-1.46063740658e-07,-6.0188880867e-35,3.92518736029e-27,-7.50399564708e-08,-1.05724118696e-11
4.87093347926e-35,-5.26486298797e-35,3.68900863481e-35,1.99496960321e-35,5.11817988968e-35
1.03366208822e-12,1.64776436311e-13,-2.13857560133e-11,-1.87367970531e-13,-3.41877052926e-13
7.16103582093e-35,6.87683925513e-36,1.94858578999e-35,-5.34027198373e-35,3.64761435889e-35
-4.8083869057e-35,6.51512807785e-35,-5.56028515173e-35,5.2850817204e-35,-5.46622895848e-35
-1.50125901294e-11,1.87118857298e-07,9.50395115069e-05,1.33708581984e-07,2.15317950136e-08
7.69706376366e-28,-7.90850558714e-35,2.32535954525e-32,-1.98079909917e-35,2.07896452266e-25
-7.0983916968e-18,-2.77552288373e-28,-2.94111031015e-24,-8.22498075141e-36,5.80644896991e-16
7.92703530751e-20,8.04069432324e-30,1.15659267604e-23,3.1163523273e-35,-7.57026101313e-18
-8.563756444e-35,5.47080408811e-35,-1.10604978356e-35,1.1108549037e-34,-7.51764969769e-35
-5.77108320167e-35,-4.81605646107e-36,8.93481676178e-36,4.67165073958e-35,1.26810212611e-35
-2.77704542376e-35,-1.50827986407e-25,-1.82215600592e-35,-1.96372200964e-15,-2.77166145438e-29
5.82927017204e-35,1.0341468499e-25,-4.90740422464e-35,1.36474234335e-15,1.72593445765e-29
-5.03049707986e-35,2.40700578291e-33,-6.78931615299e-35,1.96222192421e-23,3.59962371147e-35
6.39141877687e-35,-4.77298432193e-35,5.60572133743e-35,1.82703180855e-25,-3.8039886849e-35
1.60132044547e-15,-4.58218723594e-23,-3.55690991507e-20,3.36106354424e-18,5.02340242876e-21
-3.77885669059e-20,-7.45847951354e-35,1.55283640433e-24,6.22367320753e-35,5.28448134584e-35
-3.43480941637e-35,8.47285422608e-35,1.84640775155e-35,-2.79408033432e-35,-1.12638256419e-34
3.9134846622e-13,-1.06172969722e-12,-2.29141011721e-11,-8.16975445628e-11,-5.82304929102e-13
3.73299065271e-11,1.59023327062e-22,2.08152146507e-14,-1.04073800759e-21,-2.14812564875e-21
-3.18448898638e-25,4.26710933677e-21,-6.80498815934e-14,1.95095200362e-18,1.93994507425e-35
2.61761257114e-09,2.9915602795e-07,8.04192404757e-06,-6.79387198943e-07,-8.63997594437e-18
-5.3696633603e-35,-5.65385586508e-30,1.12683014744e-34,-6.65748744619e-35,-4.66226142106e-35
-5.78203975034e-35,-5.82236586464e-35,1.00841184059e-24,4.44997907992e-35,6.06265401431e-35
-5.97825547143e-35,-1.28500498754e-25,3.11923538791e-35,6.68422477693e-35,1.10979373949e-23
-5.07149129741e-35,6.18251827787e-35,5.86757073968e-35,3.91295860161e-22,2.14331018872e-35
-1.32842695713,1.6608774662,-0.0596475712955,0.247356072068,-1.02567994595
9.53944602775e-35,-4.01474799174e-35,-3.89597685757e-35,6.81418951013e-36,-2.72906022907e-35
-2.27579322342e-35,-5.97694624163e-35,-3.52514110628e-35,-1.12494648662e-34,-6.24299539592e-35
1.17076877706e-12,-4.16576698809e-14,-2.93419238559e-12,9.31443741581e-11,1.35170303769e-12
-1.14429147581e-12,-4.28464880763e-13,1.79516416923e-12,1.22784116208e-10,1.69910977649e-11
-1.22059688842e-19,-3.30593042495e-25,-2.30534622795e-20,-7.4260714641e-20,-7.15852802387e-05
-1.94487844883e-14,2.21217731362e-14,9.54404415741e-13,-1.74046020651e-11,-3.00981223451e-12
4.54891875036e-13,1.09123072991e-12,-2.30534363301e-12,-4.68453791383e-12,-1.59075216107e-12
1.32196730234e-13,8.23307012301e-14,6.31686022934e-12,-1.97250393102e-11,-2.30817925537e-12
2.83944756596e-10,-2.2622933732e-14,-1.32805138414e-12,-1.0470904005e-10,-1.0533964109e-12
-1.04330329098e-10,1.20046908612e-12,-8.17576648743e-12,5.80998790745e-11,-4.2802021557e-14
2.91726147606e-31,-1.96929834302e-26,-1.85256254594e-30,6.0198506375e-35,-6.56298011107e-35
2.50213665522e-36,6.89116631e-35,5.39616019683e-35,3.14284198918e-35,6.06688877863e-35
8.71593360086e-35,1.28236896657e-08,2.17144054473e-12,-4.89509301149e-12,2.61501315852e-24
2.67440115193e-11,6.01047250165e-12,6.0856641948e-10,-2.85833188229e-08,1.10483453983e-12
7.88995826075e-35,4.83239700919e-35,-5.50226750306e-35,-2.14987075872e-36,1.51114022441e-25
-1.64130249793e-35,-5.67046134442e-35,5.69709966501e-36,2.3292432041e-35,-1.42223480505e-35
6.72532345735e-35,-5.26119588182e-35,1.38839557711e-35,-4.68519733623e-35,1.07714760319e-34
-1.1055371693e-34,-9.93840889416e-24,3.11946801723e-09,-8.48803635551e-35,-4.71279196224e-11
6.29635181919e-35,7.85274077799e-35,-2.74270669682e-35,-5.16133568521e-35,7.77586298827e-35
-4.22575783729e-35,1.57966236941e-35,-8.39877971487e-35,5.46472343032e-35,5.39172569031e-35
4.54000118749e-13,1.2093336315e-12,8.60545087879e-14,7.68478197744e-11,5.16582207003e-16
-4.8667037372e-37,-2.98703417339e-35,4.11229565575e-35,-5.17388385782e-35,4.3321917335e-35
-4.7142254293e-13,-3.82866741783e-12,-7.57410464642e-13,5.0648076011e-11,-3.31619345699e-12
4.45615386909e-36,-3.93692716626e-35,2.66245969233e-35,-1.72641196518e-17,3.6834870256e-35
-2.72045208624e-35,3.81364375239e-35,-4.24080336142e-35,6.48154185217e-15,-5.06689320891e-35
1.60805187812e-35,7.20827313029e-35,9.16904419918e-35,5.88770927547e-29,5.24020400931e-35
-1.09815086251e-23,9.27152071547e-23,5.96866583673e-36,-2.73393439803e-35,2.79621522262e-35
9.76844702097e-36,-2.26249816994e-35,3.61876395078e-35,-1.29658829167e-34,-1.62262358849e-35
5.24058340471e-35,4.89067696299e-35,6.21911199672e-36,1.49051700757e-36,4.74781536928e-35
9.96417445082e-12,-4.08857314866e-14,2.98898601182e-12,-4.83018069986e-10,-5.29317128323e-12
-2.40795664658e-12,2.17720806661e-12,5.61205433253e-13,1.14583386335e-07,2.60090195908e-11
-2.16474353634e-13,-7.32601696321e-13,-8.59813468253e-13,-6.00454130861e-11,-1.16827571922e-11
-1.1794329402e-10,5.54706617011e-13,1.83772745285e-12,1.28017874079e-10,2.37572773953e-11
1.26081127069e-26,3.88837833459e-12,4.73401225447e-14,4.84844608906e-10,-1.54379920035e-14
6.89195802455e-27,-2.37834840662e-14,1.33040876493e-13,-3.13726518722e-12,-2.16719952531e-14
4.04194134311e-35,-2.71316981838e-35,-3.54757852689e-35,-3.48351638066e-35,2.97868431788e-35
-2.99954417686e-35,5.35035896504e-35,5.9961507658e-35,3.70802346127e-35,-5.10861074577e-34
1.73707529749e-35,-5.79095984687e-35,-9.49502692017e-36,-3.12759590648e-26,5.49607492076e-35
4.94245611161e-35,4.30647836855e-35,-6.17432138586e-35,2.05766363407e-20,-1.14097598065e-26
3.07414467146e-12,-1.38875473214e-14,2.90708928284e-12,-7.11029901623e-10,-7.83746494353e-13
-1.36581544685e-12,-3.40827924694e-13,-2.286095575e-13,1.42010916915e-10,3.66670964425e-11
-2.66371803087e-11,-2.51285298992e-12,-2.25456892738e-12,-8.94543814023e-11,7.8453237131e-17
5.77240241283e-13,5.56613366509e-11,1.02304815552e-13,6.43446940174e-09,5.11653322283e-16
-2.11078785489e-20,2.34992847721e-28,1.33016210384e-05,9.0937220048e-14,-7.50911328901e-21
1.75974136596e-07,6.2625143786e-12,2.18166447635e-14,-1.21690739083e-11,-9.45129320165e-25
-2.17364548583e-09,-4.22919349281e-14,3.16483922402e-11,3.49758778384e-07,-1.29670704729e-10
-1.60997681853e-09,-5.66358754599e-14,1.26142299731e-11,1.51758257516e-07,2.63060767614e-10
4.70346428472e-10,-7.48481205942e-14,-3.51396082371e-12,-4.88320281988e-08,2.9535884849e-10
3.36366690057e-09,3.30250475404e-13,-9.60413693019e-12,-2.15354788224e-07,-2.22578379339e-11
1.16044764076e-10,-3.10144705057e-14,-1.70501807117e-12,-1.18558007856e-08,-9.53645287738e-11
7.35278227193e-11,1.81517954422e-13,-2.06274667486e-12,-5.36465849521e-09,-3.13699691223e-11
6.16533490927e-11,1.14936367173e-13,-8.21311009654e-13,-5.90836179981e-09,-7.79671049944e-11
-4.515303062e-11,4.62365768502e-13,3.60670868171e-12,1.07086728374e-09,-8.67121999204e-12
2.47234069155e-12,-1.26918075116e-13,-2.05088949295e-11,-2.91474600012e-09,6.90789114279e-13
-5.24979192063e-11,1.64161151578e-13,9.17382662891e-12,1.86077153685e-09,8.43596192901e-10
-1.9329062656e-11,1.04973606305e-13,3.09410691512e-10,-1.38472300293e-09,1.99198556955e-11
2.18654001155e-11,-2.7504493366e-13,2.79275707378e-13,-4.5987986752e-09,-1.18576448573e-12
-3.21406130877e-11,-1.75208119277e-15,1.35015948075e-11,2.60582444511e-09,-9.20483524472e-13
3.74891895305e-09,-4.55830068136e-10,-1.6168150152e-11,-2.56793128983e-08,-4.96722385446e-11
3.67584218272e-12,8.93982891187e-12,-1.67605490356e-15,3.37175820597e-09,2.98548383552e-14
4.54735982203e-08,2.30494293874e-07,5.13142078081e-28,8.66633431684e-09,-9.96966381597e-17
-1.21687859442e-12,-4.61961406628e-11,-5.3975104386e-09,-1.92091018647e-08,-5.23272661909e-14
-0.715859591961,1.1269505024,0.879384338856,0.998958468437,-0.78857666254
-1.70252478123,0.297632038593,0.474224001169,0.148581877351,-0.26406416297
6.76901807176e-12,-2.55942246563e-11,-5.55415004218e-15,-1.10794511343e-08,-1.75466432562e-15
-9.65391135088e-12,2.49026198967e-11,-1.59749922573e-14,1.20113368141e-08,2.27574353642e-15
6.2076656749e-13,5.23836670655e-13,-7.62128566907e-15,1.31427341232e-10,3.59301264769e-16
-1.32611554116e-12,3.49181664486e-12,4.16964938478e-17,1.10169617873e-09,6.8645952178e-17
4.51909213176e-12,3.66470959481e-12,-2.17962532924e-14,7.92712229192e-10,1.64284189466e-15
-8.58650119322e-13,1.63617632897e-12,1.06678229618e-13,1.15008122383e-12,3.80544559919e-16
-4.33426775373e-12,-5.84017278982e-11,7.02857422871e-13,-1.43454181867e-08,-3.60992770507e-14
5.2379511698e-35,-5.21159610432e-35,-7.16923902662e-35,-6.07994606427e-35,-5.50417825536e-35
-1.29048312834e-12,-3.56937222834e-11,4.22671934345e-13,1.15251121147e-10,-9.95346976363e-15
-2.03888364525e-11,-2.8545195721e-11,-1.03211710012e-12,-1.48357826024e-10,1.03677984179e-16
-8.32083208759e-13,2.04204231649e-12,4.14568044878e-14,7.34041993855e-10,3.09227368375e-14
-3.45237618875e-14,-3.07941741768e-14,-3.47292114229e-14,-1.359087929e-11,3.15787221024e-18
-2.12989391749e-12,-6.24077733935e-11,2.5130722156e-13,-6.47478903826e-10,-4.94640729065e-15
0.151637226343,1.93110883236,-0.669569611549,-1.22039151192,0.134925156832
4.45669254167e-35,3.4101587603e-35,-4.25239242706e-35,4.46997884208e-35,4.28939782722e-35
2.40729433578e-35,2.11949954045e-35,-2.42258853321e-35,4.69237428025e-35,2.0294440745e-35
5.5849073962e-35,4.03170484213e-35,-2.48080104426e-29,5.21362853864e-35,-5.96249937014e-35
0.00107842707075,-2.39821348917e-15,-0.00183273281436,2.77467220207e-12,3.30055427433e-09
1.67878960397e-35,-4.55067124872e-35,9.49856373472e-35,4.69596791801e-35,-4.62812272331e-35
1.60552841088e-35,-3.92741501776e-35,-4.51255521303e-35,-3.86132560295e-35,4.99831333024e-35
-8.12307922391e-36,4.03063955037e-35,-6.79618085632e-35,-2.84203596946e-35,4.151317993e-35
3.40358852213e-11,-8.97419779548e-13,6.22400839635e-13,-4.14533722903e-08,3.20366441708e-11
9.2347475153e-12,-3.0226602471e-11,-1.25683561865e-13,-4.95047579319e-12,5.59002809319e-11
-1.65153033935e-13,3.96949996744e-13,8.25422737973e-13,-1.83572202578e-11,-3.66702626381e-13
4.06431333093e-35,-2.16110274213e-35,2.72561123222e-35,-2.13715721047e-35,2.44988921732e-35
5.16811888455e-35,-8.25017668074e-36,5.00643790179e-35,8.40121966921e-35,8.05822384858e-35
-4.76272027031e-35,-5.51054302921e-35,-1.73536658329e-36,5.47006653428e-35,-2.1384576872e-36
-1.79698666564e-14,1.47779683456e-12,3.35827530064e-13,-1.80194626581e-11,2.56089722047e-14
6.53172232013e-13,4.39162839124e-13,-2.02419380086e-13,-9.60436157688e-12,3.29999753652e-13
-4.39673666181e-36,-4.05007237184e-36,3.67511708108e-35,-1.10170074145e-34,1.63810289184e-35
-5.46295904085e-35,-1.01412939696e-34,-4.00149813854e-35,-5.34337257967e-35,-1.06586985988e-34
1.33213806152,0.503254294395,0.181163370609,0.992602288723,0.961968481541
3.66446703339e-35,5.07804376006e-35,-3.59823010781e-35,6.22638005878e-35,-5.54803774038e-35
-4.69844460655e-35,-4.9466307786e-12,-2.09441575194e-10,-1.76966384056e-26,-8.80597072884e-22
-2.60045439771e-26,3.66593324448e-35,-1.78382415681e-35,-2.87708699547e-35,1.6438416059e-35
2.49927978208e-35,-2.55864253378e-35,8.85871426454e-35,-1.09769338478e-34,-5.76984227453e-35
-5.50383157636e-35,-3.11466255417e-35,-8.24272710008e-35,-8.07748978773e-35,6.22725479188e-35
-1.74470328592e-13,9.25032164158e-26,3.99666709462e-27,1.05936506559e-35,-1.3588868233e-35
2.5404919596e-13,-1.41966144865e-25,-2.31786531624e-26,-2.23943425905e-35,4.17744978343e-35
-1.06085793768e-34,1.15470818983e-34,-4.84061341623e-35,7.38229737771e-35,3.7846380849e-35
6.07765531994e-29,-1.02072628503e-34,4.47444392057e-15,-6.18622269219e-35,-8.75216729587e-35
-4.86210808808e-35,-3.95260319847e-35,-4.80179483899e-35,-5.95373998573e-35,-4.16739322263e-35
-5.07694804779e-35,-4.82583421504e-35,-1.21579592783e-35,2.67061870219e-35,5.62001725432e-35
-1.79202017266e-14,-6.23088193319e-15,-5.05730982266e-13,1.00736745334e-11,-2.45334134952e-13
1.08676057123e-27,2.97540672672e-28,1.98593977674e-24,-5.87357890468e-21,2.15481947227e-35
1.57448853518e-28,-2.25656787964e-29,2.39835313062e-31,7.91199246614e-36,4.17495415383e-35
9.85616685381e-15,-1.29595668235e-14,2.44033666263e-17,1.28851517895e-22,-1.03407713432e-24
0.000562157831155,3.79783996323e-05,9.86671821088e-17,-3.46494766212e-09,3.58881327434e-11
-5.25785534902e-12,-3.23641557998e-09,6.51113006827e-14,-2.86695360785e-08,1.09453343334e-15
4.12237865975e-17,-0.00207879999653,5.6128719565e-14,-0.000550986325834,3.22848858758e-10
9.77905662473e-24,-3.4972219675e-35,2.11812114705e-35,-1.99020721527e-35,-1.19544862571e-35
-7.48271608087e-26,9.88127383862e-33,1.90736901486e-35,4.64961786705e-22,3.59413223578e-35
-8.78190420349e-36,3.58400651137e-36,-3.61658680958e-06,-1.93600748386e-35,-1.25428889497e-09
-1.12906694412,0.132812947035,-0.180772259831,-1.10796022415,1.54780220985
-2.13827702956e-35,5.32693805912e-29,-3.4515498234e-14,-1.28718316273e-16,1.83826233554e-28
4.13463492718e-35,-8.08219028945e-29,8.330020701e-13,2.72506460409e-16,-2.04136151857e-28
1.04499863626e-34,-7.06165431684e-35,-4.08434274422e-27,5.31205036179e-35,8.41373713433e-36
1.00999911559e-11,-8.50949779391e-12,-1.04885447116e-14,6.82729360734e-16,-1.94281233959e-16
4.70359600391e-35,-4.33575351582e-35,6.95197059201e-35,7.94978449472e-35,5.16190965706e-35
-8.03652236521e-23,1.88385638722e-21,-8.96477506811e-21,-9.97943972079e-21,3.49439864834e-21
2.29227010637e-13,-6.3592408249e-12,-2.2041504906e-12,1.03633282511e-10,-1.98987758237e-13
9.41464110447e-14,3.59385416392e-12,1.03298175135e-12,-6.55159260177e-11,2.69856057259e-14
-1.20668278761e-22,9.02020709052e-19,-8.65010747475e-08,-1.52377808149e-07,-4.72110232852e-11
9.74058929718e-35,5.20498222668e-35,6.72690302788e-35,6.54286067578e-35,-6.16474409156e-35
-1.9118241712e-11,-1.11932573247e-29,5.89516667141e-17,7.24201393298e-11,-4.89070316689e-07
-4.23146196901e-12,2.56885670069e-07,8.36357147275e-14,4.33690994228e-09,-1.54713894474e-10
-1.57354278413e-18,1.88037608521e-16,2.32079608772e-20,-4.72008737626e-18,3.58764676015e-17
-3.21440600916e-13,8.88630002915e-11,2.13565415488e-14,-1.9186093686e-12,-8.62717623035e-12
-2.00308591936e-09,-2.26278970672e-07,3.32537331005e-11,5.77939862634e-10,-1.0981372256e-08
1.080064857e-12,-2.76106394692e-12,3.83094191135e-13,-4.0036574056e-10,-8.43932074831e-13
-5.97105382159e-27,-5.47725208788e-35,-1.57332214197e-16,-2.6576421619e-10,8.40238999782e-35
1.24970605048e-25,-6.77609528087e-25,-1.72489880067e-24,4.83133569999e-23,1.21024941709e-23
-1.57088513037e-19,-2.15533581218e-21,-1.49183703685e-19,-2.78183073389e-18,1.533920109e-19
-7.14348203981e-35,2.88576573684e-35,8.42409589131e-36,-4.12360433615e-35,5.76267394008e-35
-0.576577425003,-0.016409156844,0.665014982224,0.238578468561,1.68742001057
-3.43237679154e-24,-9.81998245334e-15,1.75423732837e-17,-3.15476826329e-35,-4.8420414582e-35
5.94562376763e-13,-8.65016744215e-14,-5.26716094785e-13,2.64544792322e-11,-1.49300829946e-12
-2.88327389443e-15,4.27379225759e-12,1.40468068797e-15,-6.95674420848e-11,1.84184143945e-25
1.00183241965e-13,-4.06373373808e-15,3.8919976725e-13,4.12586978471e-11,-7.48981361957e-14
6.10917837585e-13,7.46331707373e-14,-1.89814635364e-12,-4.16439625839e-12,-1.61682223599e-12
1.19889894453e-12,-3.20500714857e-09,-3.44634151946e-12,2.09038328314e-10,-6.1216759743e-13
4.04888931627e-13,-2.63161996535e-13,-2.41212388605e-12,9.97924590185e-11,-3.22489018996e-12
2.0421817991e-13,7.11509063472e-12,-1.78099082791e-12,1.24514051847e-10,5.00882668675e-12
1.35628175899e-13,9.54689018812e-13,-7.02156594586e-13,3.17664232592e-12,-7.12418026048e-13
-8.32881723659e-13,2.14782098357e-12,2.27659102507e-12,3.61657925829e-11,2.05098577011e-11
7.15045612598e-25,-1.16379594354e-35,8.49936323081e-34,2.90964239187e-35,1.1726234778e-26
3.32451676865e-13,2.49636601538e-14,-9.16642629856e-13,-4.93125040801e-10,-1.06930480095e-12
-5.89765920562e-13,5.02452138056e-13,-1.88009221906e-12,2.37124431202e-10,2.83656050037e-11
9.67828768517e-12,-1.14383180119e-13,4.55098545654e-12,-1.2814078687e-09,-7.8896744693e-10
5.60948213064e-14,7.96783581336e-07,-3.79272648843e-08,-7.71502595143e-09,-7.9924473539e-05
-0.905131161213,0.262478709221,0.0140112275258,-0.367215067148,-1.08967065811
2.43491701809e-36,1.17566582491e-36,-2.39145299967e-36,-2.29720395188e-36,1.60467749761e-36
-2.43114272269e-35,-5.34408545271e-35,6.25658016169e-35,2.11982221931e-28,-6.08198251639e-35
-2.27307009282e-19,5.43299179892e-29,5.47727332484e-35,-4.44182638374e-35,4.52841803488e-22
1.2089474392e-35,-5.51950846952e-35,1.09823410311e-22,6.49181047141e-35,-1.07357474321e-34
1.48115050793,0.0515539459884,0.469943881035,-0.887238919735,1.25115895271
-1.39020680114e-29,3.24766895065e-15,1.86857348577e-14,-5.70528199248e-36,-1.62681695372e-12
3.28546253932e-22,1.07967562842e-13,6.19501881081e-35,6.11361066127e-35,2.74672076896e-35
5.34625908411e-35,-6.11104672901e-35,4.97515815782e-35,-9.35168892983e-35,2.0658817304e-34
-0.223721623421,-0.665467739105,-0.979453504086,-0.328705698252,-0.17716036737
-2.84686527824e-11,9.775254739e-08,1.03731303061e-12,1.85808204378e-08,-6.33044672238e-10
3.25267372588e-19,1.62889279727e-16,-1.67348442514e-21,6.13742785506e-18,-1.07508664214e-18
6.53263479328e-35,-4.00986090841e-35,-4.44713275351e-35,-7.42879483735e-35,-5.22901385411e-35
4.64448888277e-22,-8.23200108778e-22,-2.26853677147e-24,-1.65873763093e-18,-9.64405333599e-25
-1.20986379846e-27,6.83807281582e-27,-6.92205645772e-27,8.34151184727e-25,1.99679664318e-29
3.34888562194e-12,9.80305465373e-36,1.08938135402e-36,2.00998714621e-35,-5.57765899268e-36
3.00514013437e-18,1.99107584883e-28,1.57153739338e-22,-2.90063807751e-23,4.5231318826e-14
-7.17876106142e-17,-1.76483963431e-30,-3.08023383927e-20,3.60023022052e-24,-6.14220133088e-12
4.94433082909e-17,5.08763123892e-31,7.02678469793e-22,-4.74777079656e-24,2.78993299817e-12
1.80981257737e-25,-1.17970285593e-35,5.9467540746e-30,9.86583592438e-34,-8.25951861602e-20
1.39090789667e-12,-3.25180081972e-14,-1.57238501733e-12,2.57107061336e-11,-1.56188159194e-12
8.78610877629e-14,-1.14374604758e-14,1.15291554515e-12,7.09990833486e-12,-3.53766956051e-13
-4.14292840485e-13,-5.41035445611e-12,2.57673860005e-14,-7.13856543322e-11,-3.73046862498e-16
7.10729814845e-13,1.3203786751e-14,7.55562550459e-13,5.49074639922e-11,-1.04351488388e-12
-4.81178309714e-35,-1.13674011583e-34,3.97795352623e-35,-1.1156365484e-34,-2.36762140144e-35
3.03068822208e-13,-2.22621010846e-14,-1.2408725306e-12,-4.88217209715e-11,2.01323045013e-14
-5.34126296219e-23,3.33505803511e-22,-5.82924931014e-18,-2.0643826994e-20,-1.08279192758e-31
6.73237499234e-23,-1.57815196052e-22,4.82830452067e-18,-2.37039287597e-21,4.87141639163e-32
-3.82219012015e-23,2.30605443673e-19,-1.17413854264e-15,-2.2528942271e-17,-3.11343547768e-29
1.94236487527e-24,-6.46615071892e-22,2.89474398943e-18,5.77868892917e-20,2.01331478383e-31
-3.94569034563e-13,-2.05859211378e-14,7.0988402873e-13,6.08022174275e-11,-9.85788924449e-13
7.77084142334e-34,-9.85275760933e-31,6.46957616547e-27,4.12119117666e-27,1.83290965553e-35
-6.32684522171e-35,5.21415027905e-35,-7.5060962183e-35,-5.86677004895e-35,2.94901313003e-35
5.15680647334e-35,4.39580158992e-35,-3.62124437014e-35,-1.15578174678e-34,6.59968101917e-35
-5.22140490566e-13,1.05691844166e-10,5.18091784751e-11,-1.13257181411e-08,-8.34020691593e-14
7.64400099208e-13,-2.3265726368e-13,-5.05131353412e-12,-1.45323975076e-10,3.18108178687e-11
3.4450160823e-13,-2.99182472416e-14,-1.65575040657e-12,4.4646755043e-11,-6.4738150821e-13
5.49439671278e-13,-4.9457909556e-13,-7.43009473392e-12,-5.35091554399e-11,-2.08188804737e-12
-2.87917178163e-13,-3.75275548484e-12,-9.83869127662e-13,6.42716713184e-11,5.40149522332e-14
-6.93750175894e-20,-1.10492063961e-21,6.48063646494e-19,2.16443491201e-19,2.45385067418e-20
-1.0535067278e-19,-5.3216616241e-21,4.08883545194e-19,4.11682440043e-19,3.05874879222e-20
-5.22469285613e-08,1.30810305011e-14,1.53109231023e-12,-5.91000642522e-12,-2.97852823135e-12
5.0912002885e-14,-1.86949658228e-14,-6.19515343973e-13,-5.3976937503e-11,1.14056184744e-13
3.71146733139e-12,-6.93761888215e-13,-4.56974692462e-12,-1.68689090474e-10,-2.99490085509e-11
-1.50415308408e-18,4.58964070932e-23,8.96554761603e-18,-6.12432746482e-17,-2.05098791818e-18
-1.92155214629e-35,-9.57391325264e-37,-1.144390544e-22,5.38762463829e-30,-3.71345266101e-35
-1.38136112068e-19,-3.58211900494e-35,2.89302002493e-14,3.00239383187e-15,-1.02255094155e-34
1.10549079846e-26,-6.22377427864e-22,-7.79305259357e-28,3.95096993587e-15,-2.32975326519e-25
2.42782632493e-28,-3.61540380226e-23,-1.50785328503e-29,2.5638980074e-21,3.59299757088e-27
4.41314330794e-20,-5.63393262788e-35,4.86632392538e-16,-6.07586507148e-12,-2.06828552451e-34
-4.95468113807e-35,2.48545653101e-35,-8.78681883747e-36,-4.73629948505e-35,-4.66533618827e-35
5.09069008185e-35,5.15920624965e-35,1.26246543554e-36,6.34914058429e-35,5.07960840732e-35
9.30048926762e-09,2.60031085553e-09,-1.84567625072e-10,-2.94270474654e-09,5.71521567849e-08
-4.31519575301e-20,-2.30787650882e-18,1.12759621282e-21,1.40067410777e-19,-7.89423824246e-20
7.72438109807e-19,-1.27833283502e-20,-1.08186321591e-18,-3.21096723804e-17,-6.11513699191e-18
2.68501405118e-19,-1.56229780007e-20,-6.44976866942e-19,-1.43878803131e-17,-1.56466568859e-18
6.84064892405e-13,-7.45187418716e-12,-3.78585877925e-12,5.86804771441e-11,-1.57946724276e-12
6.54085184452e-13,1.51158100793e-12,1.14586064161e-12,6.39737649522e-08,-6.4315287918e-15
-6.98133011904e-13,6.97601427579e-13,-2.07766247783e-12,1.65910549188e-11,2.25390582934e-12
-3.03467596231e-19,6.54122149945e-20,2.69993075426e-18,4.67328194033e-17,-4.87558399313e-19
1.00684610276e-18,-3.67985965025e-20,-4.73859545975e-17,-1.81792355192e-16,2.32551747956e-19
-1.68970100498e-12,1.16206289383e-11,5.5371401908e-10,1.89790041322e-11,7.17524217125e-12
1.60364699086e-14,9.17393941304e-15,-2.43212947611e-13,4.86149280554e-11,3.48968277235e-13
1.01743477246e-23,3.41989160098e-35,3.72192046773e-35,-1.10981181031e-35,-3.36201256651e-35
-1.84499165514e-28,-2.16961302276e-35,9.04341898016e-35,5.239353957e-35,6.26439995419e-35
1.22044466705e-31,4.7944520171e-35,-3.9464568209e-36,-5.92702331798e-35,-5.16324988134e-35
1.04928409304e-27,-6.39975399609e-35,2.0091514432e-35,-6.84986960929e-35,6.0383101462e-35
3.78419641356e-38,-5.60727967101e-35,5.08904363707e-19,-5.25712142116e-25,2.57192079858e-35
-3.65476773194e-13,7.15242277839e-14,-7.23841993289e-13,6.53747403434e-11,2.58652019074e-12
-6.13821913041e-35,-3.6383424176e-35,-4.65692744826e-25,1.72633702032e-22,3.48180238054e-29
3.30080994804e-35,5.54989855712e-35,-5.90530250122e-35,-6.73852710581e-35,4.96637696247e-35
3.48132334693e-06,-1.43503712025e-06,3.89330753272e-19,-4.22323955718e-06,-1.20294532735e-06
-1.19069431444e-17,-2.06079212111e-36,-6.47071069219e-35,4.84139344398e-35,8.74548741146e-35
-9.91135472306e-12,-1.31360769484e-10,-1.09076105353e-12,3.35527966522e-10,-6.88512975813e-15
-9.02112513175e-21,-7.53618891379e-23,6.0483355917e-20,-6.275590592e-18,2.9686597116e-19
-3.78165706215e-13,9.50712626029e-14,9.50731594146e-12,1.28337739741e-11,2.02431084048e-12
-4.52128482223e-12,-3.18033157835e-16,2.33705567919e-12,3.581281105e-10,7.69098733268e-14
-5.24412285447e-16,-6.71241971041e-18,5.5538923324e-16,1.90025692257e-14,1.00954440727e-17
1.56668826675e-13,6.40949376238e-18,-1.42765072225e-13,-9.17768291919e-12,3.4210385955e-15
1.30581865308e-13,3.943914029e-18,-1.11615279736e-13,-6.22092525063e-12,3.27617012702e-15
2.5798186829e-13,1.69880365419e-17,-7.49911038215e-13,6.08332481611e-11,-7.31639615971e-15
-5.9347846082e-11,-2.18193040235e-15,5.19424225853e-11,3.57249807514e-09,-1.76317261572e-12
2.2110271513e-12,1.48493332748e-16,-9.71603656905e-13,-5.45396006135e-10,3.17178669939e-14
-6.64696249431e-12,-5.75406845245e-16,5.75589706106e-12,6.56101339924e-10,1.00481336576e-13
-5.11944004488e-36,-6.34373778726e-35,-6.44939519299e-26,6.53532040757e-35,5.58933329314e-35
-2.86935125069e-19,2.62964889489e-23,-1.67364486714e-08,-5.6028239203e-18,-4.76836099704e-21
8.05064856809e-35,3.09931112994e-15,-5.19959894469e-35,-5.90416775887e-35,-2.52926235109e-25
-3.59884864964e-13,-7.97995753542e-15,-8.93921330188e-13,9.90363901998e-11,-2.08960954551e-13
1.61981566398e-13,8.1338928648e-13,-7.02767976191e-13,-2.1176442544e-11,7.55461502817e-14
6.45357844855e-13,9.84118029987e-15,1.564394881e-12,-1.0572293041e-10,5.16206001555e-13
-5.04745393026e-35,4.26156708011e-35,8.92620287923e-36,5.79017407941e-35,-3.63131327133e-35
-5.88832211798e-35,-5.35458311524e-24,5.20098221685e-35,4.94081611644e-27,3.32539995425e-21
-0.0266338139772,-0.0287888962775,-0.0634228587151,-1.27762615681,0.244655534625
1.15014858748e-10,5.8818010209e-15,-5.09688923012e-11,-8.56657234038e-09,3.7027100136e-12
1.90530629468e-11,1.32052897263e-12,-4.0858705308e-12,-1.46005740831e-09,-1.01215653155e-13
-2.10965069868e-17,-6.23485619663e-22,9.0642430844e-19,2.08241303077e-16,9.30719714555e-20
-1.57357666394e-12,-2.82670875628e-17,2.75462771625e-14,6.20475504309e-10,-9.53674666364e-14
4.58372685262e-21,2.34694476298e-25,-3.82473694181e-21,-2.84501099587e-18,4.29409479159e-22
-4.80616821751e-35,4.94161581682e-35,4.01278759088e-35,-2.07990552724e-35,4.90245773523e-35
-3.46445337696e-11,-2.96213435724e-11,-8.79048056568e-10,1.43041511969e-09,3.68478945273e-12
-2.90538659859e-20,3.16747812944e-20,8.41499439829e-18,-4.49480845875e-18,-1.30613969392e-18
-1.55280421767e-12,-1.5411752278e-13,-5.12897938097e-13,9.28607676864e-11,-1.12356445762e-12
-7.66978928285e-12,3.97442332951e-13,-3.37456885352e-12,3.06226072277e-10,-1.9226137609e-12
-5.29641911926e-12,-2.26439922368e-10,-1.21349881099e-12,2.34594565995e-10,-1.94964162002e-12
-1.65815017966e-11,-5.84390663031e-13,-2.34095577124e-12,9.13249142975e-10,1.53777283875e-12
-2.64058705457e-11,-1.4920523584e-12,-1.64170803688e-12,8.89057383269e-10,-6.64465704681e-11
-2.10239898407e-11,3.16036855973e-13,-3.94660866487e-12,1.60483670797e-09,1.02267361246e-11
1.10741095113e-11,-6.84630629098e-13,5.92942708821e-12,-6.02153105156e-10,-5.16768875955e-12
3.41889385726e-12,1.92760033196e-13,1.44137013523e-12,-1.83875498161e-10,-6.16633100917e-13
3.41904002126e-14,1.58889622379e-12,-1.59262946391e-14,-1.29367098089e-13,-1.84050298331e-14
7.32580489327e-12,-4.65588785974e-22,-4.01812236912e-14,-8.76883439869e-20,1.89938245687e-10
-8.45193277574e-26,7.69820699568e-27,-4.46561770864e-26,4.3534874665e-24,4.40961782884e-26
4.76365498347e-35,1.71905258137e-35,3.53642969766e-35,-1.05677986768e-34,-6.42934511486e-35
2.15627388449e-13,4.53404369984e-14,2.54169883925e-12,-2.45445941349e-10,-7.6644241084e-13
-6.07428874994e-13,2.53490415101e-14,8.34277905006e-13,5.11945555393e-11,3.18481027141e-12
8.61779655341e-14,-1.45457354928e-12,-7.75922349375e-13,6.74408445756e-11,-1.33621770333e-12
3.66868576496e-21,-1.99020818603e-20,-1.10440192304e-18,-1.5568659958e-18,4.4250212661e-21
-4.18392669685e-14,4.88210986666e-15,8.99423493583e-13,-7.61745354294e-12,-1.43724051757e-12
-1.86745616029e-35,-5.09212501148e-35,-8.38450044317e-35,-3.97195092861e-35,-9.03718277599e-35
2.04542129843e-35,6.14210606778e-35,-4.21944099008e-35,1.70134601813e-32,-3.31322257124e-19
-1.03430599985e-34,-4.940613088e-35,3.1704319551e-35,5.57746986895e-35,-5.92118258042e-35
-7.1030312708e-13,4.32417519353e-15,-1.06630882509e-12,1.44911707634e-10,4.91028832178e-12
-1.57078851195e-24,7.10137862387e-25,-1.52953061329e-22,8.16326348555e-19,-8.37379127637e-35
-1.45164574263e-13,-6.54123988726e-15,-2.00699656547e-12,4.27087141694e-12,6.2171481071e-13
-3.55638851701e-09,4.02206349217e-22,-1.54499568521e-12,4.27641196827e-20,2.08051291522e-19
2.93208408664e-08,1.67987215374e-20,8.74527793931e-12,-7.29207725215e-20,-1.77647789894e-18
-1.45959617321e-18,7.3666017017e-19,-7.31759755119e-21,7.32465981314e-15,3.24861251141e-22
5.07868630183e-18,-1.48860564544e-17,7.62858757315e-21,-7.55537549435e-15,-5.13508665466e-22
7.28413758489e-18,-8.36551328122e-18,8.05010879667e-21,-3.69334698255e-15,-5.52305273925e-22
1.46341986824e-35,-2.34044114259e-20,-9.42746860564e-29,-2.75119816786e-18,3.36466625002e-27
-1.56389622362e-35,-2.78720058363e-20,1.66230526396e-26,4.33921743989e-18,-7.59426779214e-25
8.4514090593e-36,1.58643946046e-18,1.33583704649e-28,-2.60599364236e-18,-1.11493109075e-26
-2.35975612167e-35,3.25755160995e-18,-2.97993193986e-28,1.37930309531e-18,1.61301578631e-26
2.50398893413e-35,4.30553874247e-20,-1.76976699818e-28,2.61886387786e-16,1.42031725091e-26
5.7753747892e-35,1.0656098665e-19,-5.28649328955e-28,-7.71986738026e-18,3.74589645583e-26
-1.0005774498,-0.655100166798,0.272189229727,-1.06518912315,-0.380003601313
1.38231071554e-12,-1.14917515819e-16,-3.17994800643e-19,6.61294546141e-15,-3.25926577394e-11
7.15359715908e-12,5.04480033104e-19,-3.33543230606e-20,1.03455861499e-12,1.03005541596e-10
1.087379492e-11,1.39184917114e-17,-8.92125147384e-19,-4.62039955585e-15,5.15798515011e-11
1.38480726886e-10,-1.40520966004e-16,-1.39997631992e-16,-3.98737134619e-14,-1.68642294573e-10
1.22018783966e-11,-9.10570940036e-17,-1.81205286913e-18,-8.92890633392e-15,-8.11630493716e-13
-7.12628176955e-12,2.85387833068e-17,1.1849438789e-18,-7.75887925956e-13,1.29209240963e-12
-3.30713928465e-11,1.74983388201e-16,5.12779022453e-18,1.64630017518e-12,4.48218155299e-12
-2.96809417322e-11,5.02389551241e-18,5.0798522129e-18,-1.63513939801e-12,1.15700764941e-12
-0.00027188405511,2.21859477643e-24,0.000219895606278,1.04440964883e-13,2.52191507579e-18
1.22792687187e-18,-4.54452257527e-37,1.03123613815e-10,1.85411940776e-34,3.53361313878e-16
-1.03573365162e-11,-1.03716105149e-10,5.91592204911e-13,-1.25512911175e-09,-4.33938494065e-15
2.44530888593e-11,1.7066270543e-13,-7.3603154821e-12,8.28400292807e-10,-8.63427507118e-14
-1.23445156007e-12,5.8316947869e-15,7.71476903628e-13,1.00472971956e-11,2.97333338506e-12
-2.35791938209e-22,7.02826546961e-11,7.87002191156e-24,-6.09115791931e-16,7.32823401961e-09
-3.94632102119e-20,8.08273714625e-09,1.36925250514e-21,1.04663043792e-15,1.09601421627e-06
1.53664184725e-22,-2.33532117255e-11,-5.66413489546e-24,2.02286042727e-17,-3.87116427802e-09
8.21783743732e-22,-2.25319915503e-10,-2.23700079461e-23,-1.68856282733e-17,-3.02391462981e-08
4.61942482364e-28,-7.6673713553e-17,-2.26942933008e-30,6.44151718425e-25,-6.98834876957e-15
-4.63064679104e-14,7.60040122472e-15,7.31818306041e-13,-2.34877742256e-11,-1.18888121461e-13
-1.8914389369e-13,2.64244853619e-14,1.47002039447e-12,-4.4747890289e-12,-5.65450355809e-13
8.51728165624e-36,-5.29695949388e-35,1.08574782522e-35,4.19583266689e-35,-1.41235732347e-35
-4.22413062709e-35,-3.51622100974e-35,-4.94336183919e-35,4.12582331132e-35,-9.21816729306e-36
-3.41450473166e-37,7.68321991371e-35,-6.86020397247e-35,5.97251173511e-35,2.56056620044e-35
3.04958275585e-35,-7.27060532536e-35,3.09016945338e-35,-4.12834993541e-36,-3.14118120163e-35
-1.52502591151e-17,7.9758887345e-35,2.63064546571e-29,-1.9853130449e-17,1.24488811729e-13
-6.83599661253e-13,2.74607159928e-12,2.67407146773e-12,-5.7354962793e-12,5.62597668105e-12
6.53922825177e-13,-4.45658829664e-14,-1.85544591844e-12,1.00584943152e-10,-6.50580197353e-12
-5.22959754637e-18,-3.82311693414e-09,3.98123805968e-20,-7.17637907982e-21,-5.14244282777e-35
5.10377491814e-35,-3.63857889401e-35,-4.89394802857e-35,-4.14841742625e-35,2.77584065684e-35
1.31000188475e-08,1.52895207606e-08,-2.31622138136e-10,-4.02174249459e-09,8.26704678047e-08
-4.77940091059e-07,-6.44927311555e-09,9.05999897327e-09,1.61215169214e-07,-3.12784391099e-06
9.49638579853e-36,-9.52720252554e-24,7.32553283052e-20,-1.16569062653e-20,-3.7340377539e-23
-3.88728678025e-36,-3.84252515497e-35,-2.33242573452e-35,2.31039253358e-35,2.29067602653e-35
6.06346675845e-35,-6.47484041966e-35,6.97124775424e-23,2.29175859759e-31,-6.43458662581e-35
6.411407516e-10,-3.47959716596e-11,1.0273661262e-11,1.42563258976e-08,4.2645865951e-14
-7.9203248155e-35,5.91485626268e-35,7.51179231495e-35,5.2682758246e-35,-2.31915851868e-35
-4.86671937793e-35,-4.42824018305e-35,3.9651794957e-35,-4.62943080516e-35,4.90804879503e-35
-1.67144238949,1.26855552197,1.60364985466,0.728212356567,0.749464094639
-2.67223787678e-35,-4.8996934868e-35,5.34589346404e-35,-3.26247982084e-35,-3.02529571095e-35
-1.12799767802e-26,-5.77276545973e-21,-1.69278899265e-36,7.07842770191e-25,6.43859581919e-35
1.91999869147e-35,2.04616559643e-35,8.56662529881e-36,-1.29617824618e-35,1.20356157434e-37
2.14639944871e-35,1.22615482831e-35,-4.32097316669e-35,-4.15403747163e-35,-5.42733361251e-36
-3.69314496295e-35,8.36845391213e-35,-3.92366698158e-35,2.47128975778e-35,-2.0053098496e-35
-5.33979156929e-35,6.644726904e-35,3.93909218808e-35,4.77511720133e-35,6.68541519455e-35
-3.68776856862e-35,-1.60358982095e-35,-3.54610514115e-35,5.70981629835e-35,4.71207586404e-35
3.19760295072e-15,-6.27194711006e-35,-3.24319076369e-13,9.50972289545e-35,-5.7001197382e-14
-2.35901813736e-35,2.32957940811e-35,3.47584840372e-35,6.82131680559e-36,-2.99739063448e-35
-5.17992089375e-35,7.25077976366e-35,-5.50209473754e-35,6.05327588824e-35,-6.05703425592e-35
5.43624294707e-35,6.15327670795e-35,-5.11257046278e-35,4.41669502625e-35,-8.62045309646e-36
-4.81222850794e-05,-5.28170218672e-08,1.28823479119e-13,-3.84135601053e-05,-0.00118773174472
3.29187464125e-35,-5.0611167562e-35,-6.38237011064e-35,-3.33414020644e-35,5.93328764676e-35
-2.3825049667e-14,-1.71192981937e-16,7.64713813106e-13,-5.16402268169e-11,-4.60065579383e-13
-2.95117749682e-12,-1.61060123571e-10,-3.76703944188e-14,-5.82952783268e-11,-2.12592946719e-11
-9.79030875467e-13,-1.46101533649e-10,1.24724503728e-12,-3.67048405558e-11,6.25040861083e-12
-2.59644857697e-11,1.57741056328e-10,-2.1058881635e-13,1.12903929261e-10,-3.85218468235e-10
-1.7591187838e-12,-6.16197717851e-11,2.6361673261e-11,-1.23989932904e-11,-1.44068437735e-11
-1.93131743237e-11,-1.53285328874e-10,-1.71894009443e-11,-2.2932381688e-11,-2.28034147121e-10
-3.94635955858e-11,2.59487653587e-10,9.49114051241e-13,1.484785489e-10,-5.31860500086e-10
-6.01211164186e-11,4.07777756006e-10,2.91436319522e-12,1.8047843775e-10,-7.22532922381e-10
-1.03415762065e-10,1.06241522246e-08,1.69302625305e-12,4.77526074238e-10,-1.03399200313e-09
-1.31955418814e-10,7.75624564575e-10,2.59301976592e-12,4.16023160366e-10,-1.56028356901e-09
-4.44851724901e-11,-1.37003602907e-10,9.1620070905e-13,-2.29752588482e-11,-4.30624591541e-10
-3.99400061635e-11,-7.29157290102e-11,4.2432154795e-13,-1.35104184784e-11,-2.72300820781e-10
8.40796676727e-09,-1.82415130872e-15,-1.25939479106e-16,-1.17711596933e-15,4.80078496284e-15
-1.00689482616e-34,-4.37740464415e-35,5.49513501492e-23,-6.9884023073e-35,5.71874672638e-35
6.79840010792e-31,2.12899216663e-16,-5.63579401859e-35,6.93079744725e-31,-6.0253906138e-35
-1.08537647186e-12,7.96038446748e-14,1.20604166844e-12,-8.44282213586e-11,5.87059047208e-12
-1.80559921391e-35,2.65868726234e-35,7.53578433832e-35,-1.03451079301e-34,-8.13818329317e-35
-5.18896382026e-35,4.31534652063e-35,-5.28891987017e-35,-7.20626709867e-35,5.63982674482e-35
5.92735189681e-19,-1.05345206409e-17,-2.05658264472e-21,-1.61775289953e-18,-9.74587299637e-19
-3.4440287774e-19,-3.27353480734e-18,3.34072647403e-22,4.55512304397e-20,-9.45001763313e-20
1.70959066348e-10,1.62739437269e-13,1.92775847369e-11,2.54421345103e-11,-8.59015752953e-15
-1.67685892949e-10,-2.34537785243e-13,-3.51660822857e-12,-5.09204484134e-11,1.26517008404e-14
-1.02918698885e-35,7.43416491799e-35,-1.45844561294e-36,-8.69130561667e-35,4.14293714302e-35
-2.18155979392e-11,-3.91466192795e-09,4.90598989385e-13,-2.49228524103e-12,-1.28773144925e-10
2.44776003994e-19,-8.84037037393e-18,-2.83104321597e-21,3.25004529486e-20,1.68169489146e-19
1.12925840965e-20,-2.24398217541e-26,3.62746285761e-27,1.5821201202e-22,-3.89909393575e-21
0.190734654665,0.469365060329,0.872549235821,-0.122554518282,0.593229651451
0.000245436356636,-2.7869390351e-08,-2.40206075516e-13,3.11009595855e-09,3.72090767087e-08
7.48771964853e-36,3.75535490202e-35,1.71879888581e-36,3.88103941026e-19,1.02547391743e-28
3.59921360858e-35,-4.72984258871e-35,4.15047626328e-35,-5.95754197527e-35,3.53925794395e-35
-1.24287559411e-12,1.58108827398e-19,-6.52532953801e-16,-1.90559376152e-18,5.70814512982e-23
-1.08125650478e-19,-4.85800923203e-31,-5.23960024853e-23,1.12189797742e-29,7.62505607175e-30
-3.58606283557e-10,-1.15161868084e-21,-1.52523447431e-13,2.83651024166e-20,1.96307730817e-20
5.68084621712e-35,-6.00211261141e-35,-2.85114380078e-28,-6.87877196185e-35,4.99024615587e-35
-1.31481552124,0.799841463566,-0.545932650566,-0.15452542901,0.0595726035535
-4.42536056627e-35,4.94175070021e-35,3.09962477866e-35,-1.52195997478e-35,-6.11776219967e-35
-1.36527318314e-13,1.93227187331e-23,-4.1416367479e-17,1.85375560078e-22,5.41702579462e-24
1.64069452468e-10,4.40982990028e-21,5.23131105763e-14,-1.10974375204e-18,-6.62045998991e-21
8.66910709885e-11,2.91389900603e-21,1.06741851957e-13,-2.49033502606e-19,-5.04149579296e-21
-4.70858803336e-11,-1.13024583711e-18,-2.01255197674e-14,-1.69210101744e-20,2.62381124846e-21
-1.28926730403e-10,-8.0864977764e-22,-4.94065339584e-14,-1.4255801929e-20,2.6441510058e-20
1.73669103187e-13,-1.64108838823e-14,-2.30291100859e-13,8.20605475932e-12,-7.07643850201e-13
3.95521628145e-14,-2.06585495238e-11,-1.75124281743e-09,2.09389422468e-10,4.56049087383e-12
3.41887932895e-12,-3.34094991256e-12,1.07299125141e-09,-9.71261751581e-11,2.74687861416e-16
3.49235439922e-35,-2.97974157403e-35,7.20936697714e-36,3.17875626886e-35,4.58316523013e-36
1.40318377577e-12,1.9300462617e-10,-2.70478972553e-10,3.16211057338e-10,-2.65209245098e-16
-1.25539275787e-19,1.65721397109e-12,7.46843538992e-20,-1.3196272874e-17,6.82389295476e-24
2.34464600513e-11,3.42846817559e-13,1.43339734613e-12,8.07658193797e-12,-1.66185243743e-16
-1.23961526807e-11,2.17543587311e-11,-3.85888890286e-11,-3.57844136545e-08,2.82742664053e-14
-1.66143418467e-11,-7.89488179692e-12,1.50028413629e-13,9.03635152816e-11,2.11092871258e-15
8.53493200813e-36,4.14207790716e-35,-1.22103557337e-35,-4.32951702468e-35,-2.43130429577e-35
-4.89984558934e-35,-2.92342460396e-35,1.56894112625e-33,3.67802137865e-35,-4.68154257046e-36
7.66196961038e-36,1.13268182868e-23,-4.47662227927e-35,-2.35343382173e-35,1.09259287002e-35
-6.22269056772e-35,1.09166668034e-34,-5.93305518816e-35,6.55082912698e-35,8.52632946152e-35
-7.21536942527e-28,1.74633820967e-26,-1.56615905332e-21,-1.33022094714e-35,-1.04906322987e-18
7.76392482909e-28,-3.49972254959e-26,7.71127089928e-21,3.47792790373e-35,1.64156329346e-18
1.3639185721e-30,-9.53934782804e-24,1.0610373235e-23,-5.86368925504e-36,1.88439033877e-21
1.49602405225e-35,-5.95913761701e-35,-3.66027289181e-29,5.13786540225e-35,2.07831060011e-26
8.27305856548e-26,2.05826059087e-26,8.95946650203e-11,-3.89311732981e-35,-6.5859228037e-32
2.35823808398e-11,-4.54167423996e-35,-4.53104858607e-35,-1.13771621236e-34,5.82244335084e-35
-5.5961771675e-12,8.58299889495e-12,2.87962335184e-14,-1.13667607533e-15,1.67610919307e-16
4.74621083097e-35,-4.80016877674e-35,3.60978932692e-35,4.93390335706e-35,4.83259962125e-35
2.51485166025e-09,6.57547047922e-08,-6.20261675355e-10,-1.09433184736e-09,-4.40349491625e-14
1.11120135315e-09,-1.32544308862e-10,8.73995407297e-12,-6.88730228404e-09,7.09070779523e-12
2.34202379712e-11,-9.69062829981e-10,2.70850464452e-12,5.52643431018e-10,8.27643834543e-13
-2.40966246956e-10,-4.85369133774e-10,1.25036851532e-12,1.08751962991e-09,2.66088800299e-12
-7.8840607003e-13,-1.08886688457e-13,-2.40874337925e-15,2.55397870564e-17,1.38445533452e-17
-4.11584701381e-25,3.10078903567e-05,2.2343944878e-20,9.74158045897e-11,2.025337551e-07
1.11288516448e-14,-5.56873210739e-12,1.28592896422e-13,-6.09828021414e-11,-4.7499601908e-14
1.07907620014e-13,-3.54388523735e-12,-4.04399170401e-12,3.18505881391e-11,-9.9780698027e-14
-1.71226304213e-14,2.39392772272e-09,3.74858477592e-12,-2.69515215701e-10,6.94262559226e-14
1.01074823763e-14,-2.2704466085e-10,-7.70189814703e-12,8.09751821151e-09,-2.83055524142e-14
-1.07803989503e-21,1.01053154807e-16,3.57156400124e-19,-4.39809602354e-16,3.55056130387e-21
4.74937309532e-13,-1.45252648749e-14,-2.03435413047e-13,-4.46840828228e-11,-2.20491572049e-12
6.02205947869e-13,6.0965257365e-14,7.37863600515e-13,3.97425148346e-12,6.92155046386e-13
1.30611025509e-36,1.61965959785e-35,-1.86753680333e-35,-1.66402532604e-35,3.08095892708e-35
2.30133037901e-35,2.24662354347e-35,4.56357356196e-35,1.64375981491e-35,5.78449462794e-35
4.79278635079e-35,1.12833062465e-34,-5.05834734202e-35,-5.28749068026e-35,1.05362049702e-34
2.35151675575e-35,-2.76265738438e-35,-4.43032800565e-35,-2.0928701523e-36,2.43210642143e-35
2.7684499083e-36,-2.03443863405e-35,1.15273521899e-35,-3.61132757148e-35,2.34868879644e-35
1.55614860809e-35,1.28953653091e-35,2.46304924392e-35,-5.88394271276e-35,1.27656849789e-35
4.12954121399e-35,-2.47351332473e-35,-4.02069147025e-35,-2.30991958078e-35,-3.56306974016e-35
-2.0817577344e-35,-7.17624162669e-36,5.78689210836e-35,5.43832373853e-36,3.68161788627e-35
2.63397002553e-35,-1.62738698088e-35,3.42802019033e-35,4.17636382869e-35,-4.86785526822e-36
-4.64818217854e-35,1.09258182106e-35,5.22491052934e-35,5.30184916008e-35,-7.43909562318e-36
1.3239762769e-35,1.97042642337e-35,6.88124807641e-36,1.15621808018e-35,3.09237752309e-35
3.11862410789e-35,7.35097917763e-35,-5.51025259946e-35,-2.35780590881e-35,-9.62353692172e-35
-7.35268009672e-12,-3.98733644672e-22,-2.3542266447e-15,2.30737358301e-18,3.60708176147e-22
1.23001773697e-11,-9.6655157926e-21,2.96891591342e-15,-3.66426618418e-18,-4.78170928086e-22
-3.11873487105e-12,-9.53552161284e-21,-1.10151150252e-15,2.65802185532e-18,1.58731246578e-22
-1.9202197124e-11,-1.27602997712e-20,-6.97237881038e-15,2.12202039892e-18,7.40435094521e-22
3.77145018001e-18,-8.36120173153e-20,2.76235875041e-21,-3.74082710007e-26,-2.65611787533e-28
2.14874705946e-17,-4.53368252499e-14,1.72109830233e-21,-1.11335668154e-26,-4.61564181574e-28
2.20136916336e-35,-3.72187856778e-35,3.28616448229e-35,3.97598910757e-35,2.75047626678e-35
4.44215526962e-35,-4.79192338411e-35,4.94532195306e-35,-4.25054997742e-35,3.74502484363e-35
7.30788766694e-35,8.34972922843e-35,5.51659039663e-35,-4.23630428306e-35,5.14346220177e-35
4.1348587762e-35,-3.36282416271e-35,-9.0381941144e-36,-7.39495632688e-35,6.67673559222e-35
-8.00337335467e-13,7.86668839336e-14,3.46286779633e-12,1.09994575948e-10,3.44850341859e-12
-4.24245353049e-35,-2.95746314362e-36,-2.2349121623e-21,4.07694530342e-35,8.8240649897e-19
2.6832163158e-09,-0.000517178792506,-2.84222831893e-17,-0.000741067691706,9.73151870198e-08
1.48976576328,0.349740147591,1.24629640579,-0.506794571877,-0.235169887543
4.17085054208e-35,1.84825651489e-35,-5.00965673593e-35,-3.85251083025e-35,-4.60868516657e-35
-2.15367841249e-16,-3.86928691859e-20,7.09193799489e-21,7.9011568328e-20,-3.62246704823e-21
0.379127919674,0.236242949963,-0.0437030978501,-0.924693405628,-0.789250910282
-5.81469358291e-35,-3.35515112091e-29,-4.73367449313e-26,-5.04782873388e-35,-7.06720577258e-35
5.49406027957e-35,1.75144066498e-35,-2.86662176671e-35,5.53630919957e-35,-8.97182933659e-36
4.92135977623e-35,4.67330578742e-35,-6.94232901285e-35,6.71322757456e-35,-8.65192885181e-35
5.64987297412e-35,-2.65225332488e-35,-6.09991569291e-35,2.05454841857e-21,1.15768206713e-35
-4.2428570327e-35,8.12239906727e-36,5.33959699283e-35,4.98341732577e-37,1.85981745591e-35
6.23719426242e-37,-5.63831375502e-35,-5.23224416768e-35,3.46555938432e-35,-4.82846702392e-35
6.99519870799e-35,8.4084993542e-35,5.42957396814e-35,8.41712959495e-35,-5.25269822856e-35
8.52348715291e-35,9.77994559701e-26,1.5210622003e-20,5.06562874892e-35,-1.92685800188e-28
-3.75707452169e-35,1.38914014042e-20,-1.32720229725e-18,-2.61533131152e-07,9.5452623583e-10
-1.95044603276e-38,-3.39546508092e-35,1.39814161914e-35,2.60626842209e-35,1.23687145674e-35
-3.78731394167e-35,-4.32810935871e-35,5.64499134353e-35,5.58896135938e-35,5.49948488753e-35
2.64635117233e-35,3.42896595245e-36,2.72801732222e-35,2.67978675457e-35,1.50376434964e-35
1.99178592485e-35,-5.89758946749e-36,1.81999026663e-35,1.55489376213e-35,1.72026337499e-35
4.40311226938e-35,4.24312593851e-35,3.37243503437e-35,-4.94086104384e-35,-5.9526924871e-35
6.14609237404e-37,-1.61079632453e-35,-3.84098877582e-36,-2.87415371233e-35,3.88769817458e-35
-1.21463415213e-21,-2.4158845381e-20,-1.18893827915e-20,5.82020202219e-19,-3.02051220684e-21
-6.26674914041e-29,1.39261825059e-16,-2.58332895006e-12,2.96155075019e-14,1.38045300458e-16
1.93179840478e-35,3.62051656756e-23,-3.29809027128e-21,-2.01931476539e-20,1.20403544141e-24
-1.6247750508e-32,1.67737607162e-21,-2.35898138143e-18,6.11531007945e-20,2.60728459988e-21
5.35520304316e-13,-9.71616857066e-14,-3.49973305544e-12,9.35873878394e-11,-1.09832585735e-12
5.59528652918e-35,5.18360866289e-35,-4.76440430372e-35,-5.66675348626e-35,2.39547992322e-25
-6.04423791833e-13,2.121820921e-14,-2.07026236432e-12,9.50439726921e-12,2.6215253926e-12
-0.358051031828,-0.7677718997,-0.864799022675,-1.24268686771,-0.355797022581
-1.53624190159e-19,1.7336193553e-17,7.74523535529e-18,-1.17541412132e-16,3.7963503327e-19
-2.36571393368e-20,2.08392335504e-18,1.72965058408e-18,-2.18696065309e-17,5.76563886254e-20
-0.733645677567,0.56330126524,-0.582283258438,-0.0719654262066,-0.0748189240694
2.88902711162e-14,5.07691694132e-14,8.89820714941e-13,-1.59201141853e-11,1.52663949191e-12
-8.35952864984e-35,-4.81765052439e-35,5.7995803301e-35,4.33246408314e-35,3.7883103568e-35
3.51337623954e-19,-5.50647489862e-16,-7.74262921937e-19,1.45618211758e-16,-3.58866673588e-19
4.44205117839e-14,-1.06331237489e-13,8.41377857143e-13,6.79692552241e-11,-9.7756503413e-13
1.96197699471e-13,-4.67865797374e-14,-8.93972179269e-13,1.05369081516e-10,-7.32574699687e-13
-6.44594295475e-13,1.24392343537e-07,-1.4699738822e-12,2.0133032394e-11,8.73675177343e-12
2.91072191354e-20,1.38211527675e-19,1.81912360901e-18,-6.73371289034e-20,4.22411412028e-21
-6.49463610062e-13,-5.1865051323e-15,-6.03847267328e-13,1.5663562461e-11,5.18549569603e-12
-3.04129009303e-13,-6.03533167182e-15,1.90348794669e-13,-1.45646925076e-10,-1.20356632646e-12
7.17792609058e-35,-4.95503011295e-35,4.98120552524e-35,-1.13960205427e-34,4.06462270175e-35
-1.06384511678e-34,7.0389606178e-35,4.07324576786e-35,3.91130707174e-35,7.96792372713e-35
-3.7660693394e-28,3.45055202931e-35,-1.55701022593e-33,-4.95073622954e-35,-2.25981987379e-35
1.9431204909e-11,2.75218653423e-10,2.0373909157e-11,-1.29190418363e-08,-4.42107525448e-14
-2.49888576498e-09,-6.18160592158e-11,-1.27476180653e-11,1.54235308969e-08,8.92704828245e-14
-9.40549461231e-12,-8.27862344649e-12,8.15321253437e-14,-1.01143420028e-10,6.91578949208e-16
-2.56993436948e-11,1.02930945017e-12,-4.59202467717e-12,2.11958394087e-13,-5.44954841886e-14
2.1475836734e-11,-3.39401380264e-12,-1.56126045252e-12,-1.28205668304e-10,-1.97150594596e-14
9.77035743976e-11,-6.89379497931e-10,3.13388724693e-12,-2.04703343165e-09,-2.26631576326e-14
-1.20847643004e-09,9.11284242511e-11,1.89162296937e-11,-5.50724044146e-09,2.59229595255e-13
4.57821988867e-35,-2.5100862371e-35,-2.97579810043e-35,7.11319297126e-36,-3.49877197849e-35
-4.82244644218e-09,-8.64003624201e-08,4.04171141e-10,-5.37893907193e-09,-7.70145598228e-14
-8.46867367899e-11,-1.19530205178e-10,2.18339278948e-12,-1.76461796286e-08,6.97871597208e-14
-9.2490392399e-20,5.95272807335e-35,6.13077356756e-35,-5.98787983142e-35,-1.23246650977e-35
4.95092564025e-35,-5.48797789986e-35,-4.91877632893e-35,-7.11710458942e-36,4.03089955962e-35
-1.73914549916e-34,-6.61998927898e-11,-5.88185589123e-09,6.1755159634e-14,-3.22911837429e-05
-8.95023005837e-36,-5.16748148881e-36,1.58854085299e-35,8.04138437543e-36,-6.1458208136e-36
-2.26569734555e-35,1.63831394197e-12,-5.0881401545e-34,-4.78085876422e-17,-1.69624787256e-28
4.65165930677e-14,8.80036543411e-35,3.15571685279e-31,-5.16998945881e-35,5.79437899719e-35
4.9653610323e-35,4.54015493647e-35,-2.01517097298e-35,5.09850356066e-35,-4.15509931956e-35
2.07709427436e-09,-1.02190943208e-10,-1.90515797582e-11,-1.4045493657e-08,-1.26193665435e-13
-1.96766654881e-06,-1.16166083697e-10,2.97162783269e-09,6.40418562625e-08,4.80613378956e-13
2.78064860026e-09,-2.36636099604e-10,-2.73755302281e-12,-2.147333511e-08,-1.10491822668e-13
6.169583937e-34,8.14360739604e-33,-4.20720723925e-34,2.23924926251e-18,-2.17009463685e-19
5.44719200302e-11,1.45637099602e-10,7.70806161954e-12,1.48598500171e-09,3.85922508685e-14
1.22166019641e-26,1.14900253251e-25,4.44596998765e-27,-3.07146321455e-25,1.13639556554e-28
6.87203620372e-18,-4.43971745447e-20,-2.17756346386e-20,-8.69161947699e-17,-1.1147395976e-22
-3.11568124271e-18,1.26855514012e-19,2.14539011238e-19,4.77476409747e-17,4.33619396308e-22
-6.99083790856e-10,-4.93972973636e-10,4.35765139251e-12,7.7461788095e-09,-1.07718922757e-12
-9.65512531037e-11,4.30870478185e-11,3.63669677705e-10,-4.18663637092e-09,1.85281193057e-13
1.46567238346e-08,-5.44164324712e-10,-1.22187685317e-11,-4.78412580662e-08,2.31943218294e-14
3.96558156298e-36,2.31579531914e-33,1.64575594552e-35,4.1661276147e-35,-3.08148353735e-35
5.14605712851e-35,-6.59025697534e-35,-7.36345904758e-35,-6.03604984505e-35,-4.32606573194e-35
0.00013469766418,-1.36454644917e-07,-3.3399022624e-16,-1.3362213083e-13,9.60462057265e-06
4.08534882529e-35,3.67613128934e-35,-3.39057799759e-35,2.83316580848e-35,-1.39782593463e-35
2.30703581239e-11,-4.39127761931e-11,9.84183166821e-14,-2.7599537239e-11,-9.97476247785e-15
4.03486624537e-13,-4.46159248435e-10,2.30992308614e-12,-2.75991868248e-10,-3.38033671421e-14
-3.36761586499e-12,-1.62003063742e-10,-5.58035985043e-13,-2.91891288917e-10,-2.39647897745e-14
7.09685435418e-12,8.891771347e-11,-3.77592488526e-13,-1.5348497473e-10,-4.25404611711e-14
2.06468505487e-11,1.75025452465e-10,-5.07084825518e-13,-6.41334807483e-09,3.66495367583e-14
-6.73256676104e-12,-1.39565595192e-10,4.17584071705e-13,-1.83418752409e-10,-2.00110822281e-14
8.68363867301e-20,8.86767395159e-19,2.26654505546e-22,-1.97491129006e-18,5.11198495771e-23
2.05085059178e-12,-1.07047964243e-11,-6.39120790593e-15,-4.10491585168e-10,-5.77449253439e-15
-3.43657012569e-11,-8.28617244264e-11,-1.09348175046e-12,-1.27083524259e-10,-2.7820885244e-13
-2.14040937752e-11,-1.25822005592e-10,1.37932276278e-12,-1.57812107826e-09,-3.84736798084e-14
-2.87116129483e-11,2.58142562881e-10,-1.43204371972e-12,1.52041081947e-08,-1.22887887271e-14
-3.76793474893e-12,3.73909764262e-10,-2.46639362579e-12,9.61514601272e-09,-2.45415311201e-14
2.43526431659e-11,-4.11739115025e-11,-6.60243235952e-13,-2.30917104882e-10,4.41919009795e-14
3.98068730756e-11,7.04955760433e-10,-2.09989317601e-12,-1.22828902605e-08,2.45610535355e-14
-1.62692186112e-11,-6.84799772444e-10,6.90850913802e-13,-6.35172470176e-10,-1.82814578905e-14
-3.81792080589e-12,-7.30231292101e-11,5.07528047367e-13,3.32155102034e-11,-1.55693983656e-15
-1.95658528442e-12,2.34779535223e-12,1.90416597962e-13,-9.82997155896e-11,2.16327725454e-14
-1.04710077414e-11,4.87159979023e-10,-1.89942896481e-12,3.14295944825e-09,-8.55329719676e-15
1.66945190311e-11,7.68961977426e-11,4.43925798899e-12,1.02456025886e-08,8.78851638274e-14
-3.58965704383e-11,-6.36207031501e-10,2.07783508281e-12,-4.71661953938e-09,-1.26631249432e-13
-1.56752857222e-11,2.39217562426e-10,-4.81019141619e-13,2.82556367193e-10,-4.69540957493e-14
-9.78122617623e-12,-1.98394578543e-10,4.74398461053e-13,1.13324020307e-11,1.07707023977e-14
-6.55947657302e-11,1.59520036069e-11,3.13613447277e-13,2.12217674544e-08,-3.10102455053e-14
-1.04213148527e-11,8.24310231184e-10,-2.2769327656e-12,7.36426586379e-10,-1.0808269156e-13
1.90009223633e-11,5.12851594525e-10,-5.24126965787e-13,-1.61035842439e-08,9.14508269459e-14
3.26826482544e-11,1.88711979376e-09,-5.02241217365e-12,2.03827674738e-08,1.04636981859e-13
-2.12623217644e-11,6.96215696205e-10,-2.86412863912e-12,3.88292136222e-08,8.43398074768e-15
5.70718819426e-11,1.28000798849e-09,-2.77291839663e-12,2.63026977976e-09,1.29374321586e-13
1.23132042756e-11,-2.27227021921e-11,-8.09655754984e-14,-1.75303185301e-08,4.64728141698e-15
-1.76044427517e-13,1.05818945186e-14,-6.30931992849e-13,1.92799357208e-12,7.44399225421e-13
-1.12374259204e-11,-1.05397288119e-10,8.87551859265e-13,5.81312953329e-09,-3.60827700726e-14
5.9436136568e-11,1.38351663459e-09,-5.77031304683e-12,-2.42551734253e-09,4.11962808701e-13
5.37549388266e-28,7.45365615474e-14,7.20866515306e-35,-2.24507582838e-35,6.49160097168e-35
9.96696164282e-36,-2.75279970483e-35,-7.2709403734e-31,-2.42691427207e-35,2.05508834351e-28
3.67104384272e-14,5.48034975555e-15,1.1140331279e-12,4.8659518255e-12,-7.53922274545e-14
-1.17451634898e-13,-4.97250903444e-16,5.85386990617e-13,1.13247737576e-10,-5.72439936165e-13
3.84775262843e-19,-4.33930289798e-20,-1.67649089143e-19,5.66791502621e-09,-2.28006972101e-20
4.32215949229e-13,-5.65385344336e-14,-1.19381934893e-12,-1.10926354907e-11,-4.54830468536e-14
-1.85587276883e-13,4.21968402331e-14,8.05619839502e-13,-7.26184390398e-11,7.10968436901e-12
-2.78557918039e-20,3.01688951119e-19,6.931440593e-19,1.50457205106e-17,-4.7483976715e-20
-3.00872635183e-13,2.53335763825e-14,1.1835709279e-12,4.99335850446e-11,1.3556638654e-14
4.99860949971e-35,5.03762007053e-35,-5.01701677697e-35,5.79664102025e-35,6.37669123314e-35
-8.16411955401e-12,3.47029310745e-26,1.66787591522e-28,-3.02597248746e-22,2.60848304241e-20
0.00294715841301,4.6166805987e-06,-1.22222632015e-09,1.48807630467e-05,-2.0667541321e-05
-2.21126967404e-07,-1.16257915579e-05,-7.97640801739e-17,0.00129061180633,0.00422960007563
3.42956293945e-19,-2.28524203684e-13,1.81096901438e-17,-2.03207339844e-09,-2.8791346196e-08
-4.22053785029e-35,3.44205982879e-35,1.59943010345e-35,-2.14303238634e-35,-5.13210100295e-35
3.50083807429e-12,-1.01939724023e-12,-9.96713494616e-15,1.40331488705e-17,-6.29227358418e-17
3.09352690172e-35,-7.54951317103e-35,3.32523876399e-35,-5.07794274101e-35,5.22504943053e-35
-3.81021943633e-35,-2.03193361001e-28,-3.42069902471e-26,1.87664926432e-18,-9.23213848538e-36
5.28633871875e-35,6.70145770778e-35,-1.04320371149e-34,-4.69253384442e-35,5.87214529533e-35
-6.21874274136e-26,-4.523810445e-19,7.82621710345e-31,-7.70769501732e-29,9.60106875229e-32
3.98059089515e-25,1.84806293633e-18,1.46181110852e-30,3.49810242844e-28,1.7502108046e-29
-1.39041467711e-22,-3.86547958872e-16,-3.18098780752e-27,-2.79080006302e-25,-1.12781571616e-26
0.0515177324414,-0.0706622675061,-0.538502752781,0.50889891386,0.462225198746
1.27646747885e-35,-5.73723263779e-35,5.57402890771e-35,-8.2924284706e-34,8.72078653286e-35
1.43115580123e-17,3.56215100226e-16,-1.63184523648e-16,-2.3350955162e-14,1.03043526723e-17
5.98969836074e-18,1.13100749262e-16,-6.74340002317e-17,-4.76984666093e-15,1.88407196955e-18
2.94882662125e-13,2.08123601496e-14,3.19990063093e-12,-2.03170032881e-11,-1.44334143162e-12
-6.79079929625e-35,-5.92376668985e-23,6.89801149829e-35,-5.59398016925e-35,2.22917908696e-30
-2.31741177884e-35,-6.34113139486e-31,1.14201055495e-35,-2.08405161291e-35,6.64515049523e-35
6.40181612073e-21,3.54453377575e-17,-3.24015288981e-35,3.07284841784e-35,2.61648512104e-35
-3.39339103363e-35,1.13109005172e-34,4.13217689273e-35,4.84020187842e-35,-7.39834907449e-35
1.35099613788e-13,-6.58775377999e-12,5.48720074198e-35,1.01672811192e-34,7.41553321774e-35
-4.65028578538e-35,4.08535513898e-35,-3.99418430223e-35,5.16112690295e-36,4.65522022138e-35
3.26185132167e-35,1.12938879915e-34,-2.93216389936e-35,5.80996807266e-35,2.02389477115e-35
5.4794130919e-35,-3.01577208301e-35,-4.48766836754e-35,-5.39204309674e-35,-1.15758901194e-35
1.01162369118e-18,7.86385925898e-19,-8.04409488342e-18,-9.564533913e-17,2.73994272126e-20
-3.33722822597e-13,6.66923503592e-15,5.31889311241e-13,1.55413237835e-10,-3.76032755281e-13
4.54744922274e-12,-1.0580111006e-13,1.29340808896e-12,-3.45614703523e-10,-2.73273174922e-11
-3.14713164383e-12,4.94676897372e-14,2.62280973849e-13,4.04265197707e-11,1.37065489167e-11
-1.78354144062e-13,2.21360947693e-14,2.52343480313e-12,4.83924402286e-12,6.02453937432e-12
5.47971650694e-12,-1.9816700364e-13,1.87488262762e-12,-6.67817523503e-10,-4.37227094807e-11
3.99346658173e-12,-2.32516642659e-13,-1.32860666913e-11,1.12336272229e-10,-2.34520337178e-11
-2.63066434955e-12,1.12775199877e-13,5.13020095155e-12,1.12805815036e-11,7.60031100555e-12
1.85095883933e-12,-2.13882554788e-13,-1.09455031844e-11,6.09097910997e-11,-4.09174083504e-12
1.02179105021e-12,-2.20813317175e-13,-9.09187222037e-12,6.54312853898e-11,4.37454586444e-12
-1.08973323197e-20,2.08009218402e-20,-4.64271761669e-17,9.92223824273e-19,1.40650728205e-19
9.48399548457e-14,1.27579475711e-14,2.95773984731e-13,-5.16696685438e-10,4.33866415017e-11
2.65761045982e-12,-2.39230103826e-13,-1.57703242826e-11,-1.65981645095e-10,-5.74115928409e-12
-7.72286644535e-35,4.59415306026e-35,-5.52857033711e-35,6.65964500638e-35,-1.74033349537e-23
0.253190875053,0.307435721159,-0.870491921902,0.681945621967,1.72077190876
-4.69304361603e-17,-2.82625467548e-18,1.51613371992e-17,2.45051210913e-16,-5.11957174177e-15
6.2295013177e-35,6.02786558042e-35,1.01122693611e-34,3.57760844715e-35,5.67457500067e-35
-1.76837914827e-35,-3.60357895149e-35,-1.25102304704e-19,-2.56348227001e-29,2.36853731702e-35
4.77312408408e-35,-3.05589386334e-35,1.30254013476e-16,4.46546948907e-26,2.30736181872e-35
-1.00595833369e-34,5.5266986149e-35,-6.3284156087e-35,-6.19305582708e-35,-3.46415430122e-35
-4.00919797092e-35,-4.69018515161e-35,5.35791874829e-35,5.30336214988e-35,3.81420079207e-35
8.21747455238e-13,-5.29664677461e-14,-1.34041107207e-12,-1.50905649088e-10,-2.2766560772e-12
5.33581967672e-13,-1.6055453611e-14,4.47403453261e-13,-4.7978904183e-10,-5.06118758015e-12
-7.26896434754e-14,-1.82599000549e-15,-3.65414587423e-14,-1.69473213241e-10,-1.9098975873e-12
-1.06048359324e-35,1.26450246164e-35,4.06616955589e-35,3.64248563341e-35,4.90935515497e-35
5.39873514935e-34,-1.01428253112e-27,5.94373163856e-35,-7.23784910044e-15,-8.92921407905e-35
-4.49885048714e-35,1.86057452478e-35,-2.48765426922e-35,-3.1891626655e-35,-6.54111235752e-35
-2.02704041906e-18,-7.67884666651e-18,6.68582895564e-19,1.05373194065e-18,-2.34668993947e-35
6.15849066824e-35,6.68886591332e-34,-2.26979704253e-18,-3.28718699683e-20,-6.0229213869e-35
-6.39248636451e-35,-4.64709249298e-35,-2.56192321403e-24,-2.85083065315e-35,-6.90216188875e-35
-1.83472283261e-35,-2.60208474127e-35,1.09174588846e-34,-4.38090931627e-35,9.13283346305e-35
-5.68868724658e-35,-3.58140268807e-35,1.14485504465e-34,5.69013078578e-35,-5.92565324717e-35
-3.60617005007e-12,6.1628224653e-17,1.95657683178e-18,3.92204291369e-15,3.58761544778e-12
-5.3358559975e-13,1.46880764658e-14,3.46393306939e-19,-1.75175286162e-15,6.38712010798e-13
6.84246225218e-13,6.10840520418e-15,-3.45873940912e-19,-1.70006807585e-15,-2.62258585074e-13
7.02411869988e-13,-2.72236626417e-14,-2.50076680756e-19,-1.0050021567e-15,-3.0537760363e-13
2.57240517949e-15,-2.74702843311e-15,-1.54228077646e-21,1.49031029925e-17,-2.89866300078e-15
-7.60916632166e-15,1.2537572574e-16,2.54625720953e-21,6.90619462711e-18,2.61667112132e-15
-5.71811317439e-15,4.51243269975e-17,1.06529876904e-21,2.50940003992e-18,1.05608819605e-15
-0.131974130869,0.0499275103211,-1.04541730881,1.03267621994,0.780739843845
6.49337632624e-29,-5.45484034567e-30,-5.44230179393e-35,-7.94584634069e-32,-2.0896384193e-27
1.07353624891e-14,-3.42199378397e-16,6.02231182879e-35,-6.73433653732e-35,3.75340573509e-13
-1.050181897e-08,-3.65536073632e-11,8.39970107358e-12,7.105084876e-08,-9.2283433228e-14
-5.90088521386e-35,6.67452809648e-35,-1.52186358278e-27,1.56156647188e-36,-7.93043877348e-35
5.03325788447e-35,5.215864159e-35,5.6210515516e-35,-4.88328363158e-35,3.42966863749e-35
3.92320292533e-35,-1.64431254981e-35,8.27154565275e-35,4.32735372477e-35,7.93063736774e-35
7.06540866672e-35,7.92589119451e-35,-5.52791830509e-35,-3.31008131535e-35,4.28455465274e-35
3.12220684018e-35,2.43737921384e-35,4.89673523588e-35,-5.33038015285e-35,2.01956874531e-35
7.67736105013e-19,5.2313916184e-17,1.04726196654e-19,-4.3026801226e-22,-2.81882941511e-23
3.16329497319e-11,-1.25670036443e-12,-2.99336124193e-14,-2.96964298533e-16,-4.54468592767e-16
5.94353648813e-35,-1.42074732555e-18,7.50845636087e-29,-4.55444301103e-19,4.86834669799e-11
-4.07475522491e-17,1.72636514459e-12,-1.72588804966e-19,3.07922972576e-16,1.34362989904e-21
3.63713954787e-11,1.03660149908e-10,6.19548292877e-12,1.07892594858e-09,2.89284384208e-14
-5.06551432744e-11,-8.25369703139e-11,-1.29566418358e-11,-2.17304885197e-09,-9.08392488292e-14
2.24438922308e-11,7.53105772189e-11,2.71846889617e-12,6.06678374204e-10,1.40961774656e-14
-5.3373703679e-08,-5.30980032636e-05,2.93190936945e-21,3.54220084375e-08,-3.49182370954e-16
8.70121509566e-12,-7.59061910549e-11,1.1042707547e-12,-3.89277854396e-09,-3.05268937773e-15
1.33769435706e-05,0.000929292407818,-8.8358586e-17,-4.70741106255e-05,1.47055231992e-07
-6.73235490467e-07,2.44850416493e-05,8.79692726175e-19,-3.92579693198e-07,-3.97573033523e-12
7.87008431757e-08,1.6618294012e-06,-6.0727658541e-22,-7.16216050023e-07,-1.0728956723e-16
8.07161756055e-19,8.69880172081e-18,-3.25991879407e-20,1.37531998492e-16,6.1838697813e-22
1.42256839988e-11,7.60810259237e-09,-3.33089588897e-12,-4.56297472029e-10,3.77932223277e-13
8.65956409826e-19,-2.11386233013e-18,3.97184339818e-05,7.79973084122e-16,1.31458644874e-20
-1.23232561308e-11,3.37936262307e-10,9.93498902938e-13,-6.04093530754e-09,9.34371937461e-14
0.3912140131,1.19916033745,0.396135151386,-0.608024895191,-1.49031317234
-0.55462282896,-0.252699434757,-0.0781552791595,-0.0775478929281,-0.943405091763
1.01320672035,1.11518359184,-0.190704837441,-0.618997514248,0.497850745916
4.29307210803e-35,-7.52712367706e-35,1.01667906602e-35,5.41607644609e-35,-3.74314020706e-35
4.22699375502e-11,-1.75413164778e-16,3.09039387637e-35,-4.64184179849e-35,-1.50807448127e-12
1.04897499127e-36,-2.5059613884e-35,-2.3377489647e-36,-1.00452607303e-35,1.51045212616e-36
-2.87414711165e-35,2.19505604697e-35,-2.21068788335e-35,-2.57802384127e-35,-4.30127052282e-22
-4.04105254769e-35,8.10862661271e-35,3.56675004767e-35,-4.59621448017e-35,-4.99449584345e-35
-9.7694021489e-19,-5.34830988553e-35,4.70034072256e-35,-6.00317503331e-35,3.23632493785e-24
-7.58013362339e-27,1.13212546974e-25,-2.25493116418e-27,5.2227492724e-25,1.66079709952e-30
-1.1626207809e-12,-2.03301997459e-08,2.49648338026e-13,-4.71194749885e-10,-1.43087598654e-14
-2.08518861899e-11,2.5738315923e-09,2.78796327387e-13,-4.43852427034e-10,-1.34937218937e-14
1.27795369773e-11,5.11019182525e-09,-4.21544483348e-12,-1.82972770268e-09,3.13452145099e-13
4.2262479627e-10,-2.60873683766e-10,8.88371407687e-14,1.24976709537e-10,-3.2994334634e-15
2.95624601188e-11,-1.2856678222e-10,7.66118854418e-15,1.72290168243e-11,-1.66151145373e-15
2.87863661248e-31,-2.61588819031e-33,-6.05914030213e-36,2.4994281538e-35,7.55309475538e-35
5.10498456381e-37,5.65861973116e-35,-1.9068584669e-35,5.77896613107e-35,-5.60623906004e-35
-1.16292316488e-12,-2.58136463593e-11,-8.8102669691e-13,3.59276774997e-10,-1.82936416124e-14
-3.05605270041e-22,2.1610946533e-20,-9.13609475506e-24,-8.60712446634e-21,-4.26273414695e-24
6.32797779002e-26,-2.69258159158e-36,-5.28181955138e-36,-6.30293337679e-30,4.73805583891e-36
-2.66295531702e-35,3.73694037122e-28,-1.50192821369e-35,3.42906453211e-35,-3.24578240573e-35
-1.82481421306e-35,5.29581614195e-35,-1.83725433546e-35,1.12759281253e-36,1.97402092209e-35
-2.17430093785e-35,2.48237430217e-35,3.57802486373e-35,-2.27193354971e-35,1.66001426726e-35
-4.12968700284e-35,4.73769595856e-35,6.00153863956e-35,-4.39617352367e-35,7.33275097958e-35
2.43692032334e-35,1.6137717946e-35,-1.45840134536e-35,-3.67368157748e-35,-1.86665417812e-35
-1.29388517962e-05,5.66585640627e-06,-1.04103926364e-34,1.15254491996e-15,-6.08880568234e-17
-7.26505673948e-35,3.57166640014e-12,5.53559582431e-36,-6.08591215617e-12,5.96720536535e-35
-3.18999980345e-35,2.36331933892e-35,-1.2495876596e-35,1.82386271122e-35,-4.1660541463e-36
1.58063008595e-35,-3.69975711867e-35,-4.66717892489e-36,1.41576068956e-35,-1.59692973858e-35
7.69091929899e-13,-8.61895702651e-21,-3.68022169974e-35,2.30163377674e-18,-1.27666858652e-23
6.93588144817e-13,4.0502594334e-11,-4.84259017529e-35,3.8267976232e-20,-8.56142240435e-12
-2.93317616289e-14,-3.39427896809e-35,-7.74382059183e-32,3.15758302125e-35,2.25875214266e-35
-3.494459154e-35,6.20139449013e-35,-6.16166702847e-35,-9.32484666739e-13,4.24326821526e-24
0.699101924896,0.612360775471,0.666738688946,-0.368201851845,0.149759247899
-1.60448464307e-35,-4.61621452931e-35,1.08360191666e-34,4.59409508911e-35,2.29983862617e-35
-4.62303561079e-35,-1.0603313759e-34,5.0991980666e-35,-6.52417330025e-35,-5.21036837853e-35
-5.83226400921e-35,-5.56729220009e-35,-5.00057994508e-35,-5.20071302405e-35,-1.02384203383e-34
-1.15636832092e-26,1.26658902971e-25,4.07569921054e-35,9.70721249829e-25,-7.49610215803e-21
9.13336436434e-19,-1.22093023083e-15,-1.73390336517e-20,-1.89791163178e-19,-5.78284745563e-17
-1.66003442104e-08,-2.69851594454e-17,1.87132712881e-07,-2.97620574019e-11,-6.29605214522e-18
7.64148952448e-11,6.72364164345e-09,-1.81636563429e-12,-4.90414202303e-11,3.60815544109e-10
-1.44458901414e-28,6.892812993e-30,-1.08739328737e-28,4.55888032694e-28,-6.5160288735e-30
5.42830577063e-28,-2.76047781993e-29,-3.49017305408e-16,-2.62011290391e-27,9.42071466952e-14
2.48570225174e-15,1.39246566497e-20,6.48482579547e-21,1.1395998213e-15,-5.08356766355e-23
9.72646477249e-11,-8.95823332506e-14,2.4988973564e-12,1.21429932082e-11,1.14763805809e-15
-4.95668028202e-35,-2.60534432741e-35,6.35807811802e-16,9.14961008628e-35,5.790549457e-35
-1.16101487773e-34,4.39114380834e-35,4.85979440755e-35,7.31957660369e-35,-4.49336589912e-36
-2.9537329749e-14,3.33163022754e-35,7.4618163563e-34,-3.11844301977e-35,5.6422250862e-36
-5.63063573357e-35,-5.57105975132e-35,-5.26246321167e-35,-3.47450043082e-35,8.11616228914e-35
-3.90008348267e-36,5.88653813736e-14,-5.45794769262e-35,6.13038613656e-35,-4.80028343464e-11
7.36654660882e-12,-2.6423973754e-14,-1.23820593535e-12,2.19844448202e-10,-2.36569292801e-12
-2.40394119222e-35,-1.38828307863e-35,2.68031509566e-35,-3.21159061558e-35,2.15448542066e-35
4.29410210051e-35,6.21214440893e-35,4.16315329257e-35,-9.2065113597e-35,1.16215558939e-34
-5.34116804604e-12,1.93643972385e-12,6.86896503219e-13,-7.52745739428e-17,6.80465109317e-17
-3.91175720288e-12,-7.25302684666e-13,-4.4628319459e-15,1.06158672367e-16,1.5629956192e-16
-6.12378244114e-07,-6.84133748908e-20,-3.48088176122e-13,-1.58997229445e-12,-2.53182044219e-08
-3.69842455272e-11,4.11975878759e-12,3.05107196832e-14,-1.43496711862e-16,1.579353943e-16
-4.1353767858e-36,8.53579023954e-35,1.32742900457e-35,1.11305757808e-34,-3.63015183929e-35
-2.64778351909e-35,-2.92706789028e-35,-1.14180336617e-30,-4.87985529771e-35,-1.22324034489e-27
2.06836438825e-35,-2.70479643003e-35,-2.24602161116e-32,3.37479319772e-35,-3.40648482755e-30
-2.5869155262e-35,-9.00928659609e-35,2.29118757894e-35,-6.86497769635e-35,-5.02868505073e-35
-8.72418458509e-18,2.89816399249e-16,1.85884337446e-19,6.9714173221e-17,-1.66125210283e-16
-8.90938900075e-15,4.03864043099e-35,-5.19330281786e-33,-5.9940442891e-35,1.33996770664e-35
-4.34429055229e-11,-3.15733008315e-13,-2.9319455586e-20,1.48558296205e-17,2.8664545737e-10
-7.58742025937e-05,-1.17412446343e-06,6.61748378317e-10,2.88607915344e-10,7.0862537541e-05
1.32870268607e-11,6.24922752435e-11,-6.44240723594e-14,-2.10191917205e-08,7.27930018238e-14
-1.04656498745e-10,-7.45956130199e-10,4.67730108117e-12,4.48349872784e-08,-7.88611390816e-14
-6.95424065555e-11,-1.71734432231e-10,2.52244758284e-13,3.70197668076e-08,1.80316568968e-12
-0.0218300726265,0.25091406703,0.519150495529,-0.684508562088,0.227949634194
-1.32461946753e-27,-8.60713622846e-26,2.63761806636e-27,-2.48939341339e-26,6.08989039177e-29
1.88390707626e-19,-1.22799379078e-17,1.83003147369e-35,-2.38469056549e-32,1.03087655208e-22
-1.56952496756e-20,3.79019409269e-18,-3.36514903569e-35,-1.60922626275e-29,7.558553436e-23
-2.73309329824e-22,5.21813318497e-21,2.08884241245e-35,3.01355915817e-29,-7.23793569612e-20
-4.23771237951e-36,-2.79008692517e-35,-1.35181577708e-35,4.67265217133e-15,-3.50548278776e-21
-2.92309830096e-35,5.70570608593e-35,-5.63692911967e-36,5.6040906834e-35,5.73269366839e-35
1.14525257755e-34,5.06920172369e-35,5.63503235794e-35,-3.55673136901e-35,5.75604686109e-35
9.32322308245e-08,6.80362070935e-13,2.24023177786e-09,6.97928910845e-13,-1.43825281236e-16
2.44471029794e-26,1.81149010376e-28,1.59944822614e-27,4.30547356672e-29,-5.87936312452e-32
1.78510040083e-10,4.66635410867e-12,-1.92444793434e-09,6.7068473171e-12,4.2811503535e-17
-2.38348164399e-19,-2.3750370859e-25,6.15123796626e-17,4.47204230279e-26,-5.16024904813e-30
4.61874689312e-35,5.01763379671e-35,6.514391098e-35,5.3114649105e-35,5.33629780263e-35
1.98221365279e-35,-3.30376676403e-35,-2.23277977291e-35,5.10386617966e-35,-2.75720608673e-35
-7.25755377944e-35,6.74694458289e-13,-1.77738488141e-34,6.05431936906e-35,5.76975790067e-35
1.49628147862e-35,1.42718819858e-26,5.06231093871e-24,-4.43683498853e-19,1.85615235865e-35
-3.62968606113e-36,-3.34787360461e-26,-1.83801060764e-24,-1.42325510452e-19,-2.39486913664e-35
-2.66309220931e-35,-3.36253670113e-28,-1.17167957183e-25,2.0288178234e-18,4.33569654912e-36
3.59940847202e-35,9.03172647437e-28,1.52421584043e-25,-1.3542033336e-18,-3.52240670438e-35
5.03252377447e-35,2.46833839452e-35,-3.36570922074e-33,2.57444016862e-26,4.43948084778e-35
1.08452761846e-34,-3.69770057753e-35,2.15505620122e-33,6.448283084e-27,-5.26661302815e-35
-9.68109666326e-14,3.07738148928e-14,2.29371404682e-12,-4.08125061524e-11,3.24562750807e-13
-2.97930517063e-13,2.6162233797e-14,1.6182932815e-12,-4.32038571585e-11,8.7311051672e-14
6.58964052958e-35,4.63717196351e-35,7.24118812006e-35,-5.97352651735e-35,5.73687620127e-35
-1.2721282903e-13,-1.21650414487e-14,-1.29483956109e-12,-2.26827081423e-11,1.16242275137e-13
-2.96100297059e-11,-3.68061300833e-05,1.68179894899e-07,5.42160405459e-09,1.97393489764e-14
-8.55977936227e-20,1.44837551783e-13,-7.62459182227e-22,-2.26407803985e-17,-2.02461420025e-12
9.67321862124e-19,3.76544453857e-19,-1.28496182878e-12,1.11891211855e-18,-2.08328402915e-24
2.07684937752e-21,-1.11796133583e-20,-3.53223080492e-24,-7.74640002398e-22,4.2595964527e-22
1.44458917051e-10,1.39588189896e-08,-2.2654666771e-12,-8.48979359036e-11,8.9359197819e-10
-4.25744832023e-17,-6.17500624015e-16,1.43755670479e-07,-1.34380478967e-10,-7.0339237214e-17
-2.7221676881e-36,-2.54542241326e-25,-2.58912703975e-35,-1.27415688342e-36,-2.48190421922e-35
6.96779843977e-35,5.86644862471e-35,-3.19217946155e-35,3.20396023379e-35,8.51812625582e-35
0.716599881649,0.680158138275,1.26498746872,0.507995724678,-1.37235057354
-2.18623539106e-35,-2.82306533883e-35,-2.75458561824e-35,2.73282117963e-35,3.22532490101e-35
7.96080016249e-36,1.09439694964e-34,5.77868947664e-35,6.41535799483e-35,5.80817670651e-35
-1.35757831097e-35,5.37476080431e-35,8.58560812634e-35,2.63353495487e-35,-4.20456823148e-35
-5.22042264344e-35,4.68007348951e-35,-5.92414771901e-35,3.34912316764e-35,-5.81741822729e-35
-8.50532470545e-21,2.9235480598e-20,-9.89164871593e-21,-4.39762962602e-18,-1.0119598367e-20
-3.34246452738e-09,7.60665838248e-35,-1.64019202107e-22,7.13703174414e-35,-3.62667109004e-16
-5.15759683257e-35,-6.36465045165e-35,-5.85006172837e-35,6.42059548797e-35,-1.74276637189e-35
1.27025597856e-18,-4.65091133697e-17,-2.46234912987e-16,5.65889904922e-14,-1.41331401173e-17
-1.40635749557e-15,9.38519112415e-15,6.89319261393e-13,-1.96628633514e-11,1.54079114918e-13
-9.43403341558e-13,1.55850579295e-13,1.1033955867e-11,-3.62386787245e-10,1.85643546976e-13
-7.58491288494e-35,9.36460559236e-35,-9.51999756555e-37,-2.94632120205e-35,-8.82118798492e-35
1.41455429538e-20,-5.95680991485e-21,-3.55634930634e-19,-2.33759028399e-18,-7.28782955046e-21
-1.08966844879e-13,-2.44079929879e-13,-1.32350499917e-12,1.04224872987e-17,1.76021643282e-19
-1.44295093355e-16,-3.01263666547e-18,1.80748851236e-20,1.52188989589e-22,8.36565375198e-24
1.86803309257e-19,1.73202438564e-18,-1.04060520471e-18,2.00176120051e-15,5.64222351515e-20
2.78652397574e-20,4.04791947992e-19,-3.03995647655e-19,1.17078746854e-16,1.25911881879e-20
7.65883685729e-20,3.62519192981e-19,-2.18836576412e-19,1.04489799085e-16,3.04142840567e-20
-1.18061757088,-0.332508116961,-0.324391782284,0.325978279114,-0.389882922173
-2.80292036179e-35,-3.51101967683e-35,1.46819588801e-35,1.15794279384e-35,-4.2376350368e-35
-3.16511640179e-35,-3.71558554041e-35,-3.12968196258e-35,-1.07370797643e-35,-5.7656689252e-35
-4.49949132671e-35,1.72835896096e-35,-4.52915275704e-35,1.77603708071e-35,6.1390083417e-35
4.54168744131e-35,-5.62188094092e-35,3.31760953015e-35,2.28673240943e-35,-6.17133443635e-35
9.60975815347e-35,-6.22201557682e-35,5.30273537262e-35,-1.97291323649e-26,-6.70944567403e-35
-3.52487535731e-35,-8.50857708614e-35,-5.23846717049e-35,6.02067371313e-35,5.22028546417e-35
0.413306981325,0.383337378502,-0.502822399139,-0.459857910872,-0.927276909351
-7.76665665114e-09,1.46103903469e-19,7.03308781015e-21,-1.06309727244e-07,1.90449417999e-20
-3.99235755566e-10,-1.00372088419e-09,2.12020592055e-12,1.33435804628e-07,-3.0033468117e-13
1.2288512462e-19,-2.20870458441e-19,1.10308056664e-20,2.1364542622e-16,7.44911634034e-23
-1.16664577521e-17,4.30179578897e-18,-5.31285667422e-20,8.47485178145e-15,1.19146158392e-21
-8.27866815119e-16,-2.14428086318e-18,7.02756815671e-20,-4.24744163181e-15,-6.47780011189e-22
4.21834012165e-10,-8.91088453026e-11,9.34870444946e-11,-1.43180997725e-07,-3.58843678513e-14
-3.729989651e-35,3.74299958396e-35,-1.95366744977e-35,5.06705047719e-35,3.55761413772e-35
1.2862635806e-22,-5.17866863221e-23,2.80470541424e-35,1.27104728019e-26,-1.65472158048e-30
2.70347181107e-19,6.75014404656e-15,-5.16623683085e-35,3.12957807368e-35,1.40749511808e-25
-4.53183808435e-35,5.1407966765e-35,-5.4993999397e-35,-5.70890945715e-24,-5.28689719336e-35
-7.37765697058e-14,-9.79283386153e-13,-3.58116795072e-16,-2.33223401529e-12,-1.36257812371e-18
1.35995762846e-21,4.35622391139e-21,-1.56990135897e-23,8.63665636518e-19,-3.84310353273e-26
-9.86410660459e-36,-3.27047840557e-35,3.9327830895e-35,-3.44644016672e-36,4.4010626159e-36
-4.39648001316e-33,-6.01409140394e-35,-7.03685999562e-34,-6.88553679409e-35,-3.37185701047e-18
8.77538675312e-35,5.89307747477e-35,-5.02809500767e-35,6.87139470165e-35,2.98823176565e-35
-3.83966275735e-35,-5.12801834118e-35,4.79563124227e-35,-5.39266298634e-35,4.73180557244e-35
-1.85259516811e-35,3.314696623e-35,-2.00871752048e-35,-2.81637684485e-35,-5.0417825144e-35
4.16716219896e-35,-1.75996251671e-14,-1.66315353298e-15,-5.169813171e-19,-4.8653579167e-35
-3.05681382429e-08,1.83564373526e-26,8.80737570697e-05,1.24034932014e-06,2.12135725517e-14
3.51330997611e-24,3.15968756634e-21,-9.49929148975e-19,1.63853832628e-20,2.10050157316e-22
-4.74288518375e-25,2.11549666076e-35,-1.47758346378e-16,-1.63903208e-22,2.18220934196e-31
-6.93507751226e-11,-2.69449555983e-13,1.17731159159e-14,-8.88709624555e-13,-3.95141341522e-12
4.11123179893e-35,-7.18784733752e-36,-2.3884857087e-35,-2.99791122695e-35,-4.25583683214e-35
3.00707344464e-27,-2.85391234435e-16,-1.71913039765e-18,3.71420170128e-21,5.18978003467e-21
3.03819298471e-33,1.17168551405e-14,2.80228843602e-11,-1.238451797e-28,-7.91112401283e-13
-4.84043506252e-32,-2.05706491337e-14,-1.85172779887e-10,-3.73747620104e-29,6.92497383221e-13
-2.22059526986e-29,-9.96374978968e-07,6.86523815574e-09,1.17021599089e-34,1.11799436166e-18
-5.48715367628e-35,-1.0895713387e-34,-6.55548633458e-35,-3.98679929341e-35,4.72687142342e-35
-4.47071065619e-35,6.06579938005e-35,-5.96873614828e-35,4.61315640729e-35,8.95581308257e-35
1.26852369308,0.268004506826,-0.71652173996,1.08923709393,0.464339643717
4.2125791566e-35,-3.54859761391e-35,-3.74875336478e-35,9.15910874644e-35,5.75490350916e-35
-0.258006036282,-1.07985115051,0.395739167929,-0.395497322083,1.59708821774
2.36463413394e-32,1.09103527403e-21,-5.57435670631e-19,1.68480185939e-19,1.93607660625e-21
-2.22602910686e-19,-7.30562621209e-20,9.36557412481e-20,-6.93761938402e-17,-3.46999622704e-23
-1.60375302276e-19,1.01759138571e-19,-1.02532500745e-19,4.67457168034e-17,1.86832706076e-22
-7.98333590448e-34,5.19606155617e-35,-6.06720446315e-35,-4.11599547831e-35,2.63902212577e-37
6.78549407443e-35,-2.92443396973e-13,6.1891281377e-35,7.51965228548e-35,-1.28971428247e-15
-5.2071656156e-35,-6.12390197656e-35,-5.43674890326e-36,-5.12532411731e-35,4.32301621949e-35
-3.4431586979e-35,2.27449992135e-35,4.33405800298e-35,9.15549315426e-36,4.98421026788e-35
1.38892835366e-06,3.75718656187e-09,-8.44555998469e-08,6.60865029367e-10,2.10130153278e-08
-5.70465755682e-21,1.21063924943e-20,4.9584807666e-22,7.45635028117e-19,2.21770987171e-24
0.00523871881887,-1.76791071892,-1.03570079803,1.00582432747,-0.981741428375
